
static const uint8_t fw_bin_3640_m1[] = {
    0xFC,0x5F,0x00,0x20,0xA1,0x00,0x00,0x00,0x00,0x00,0x00,0x00,0x89,0x00,0x00,0x00,
    0x00,0x00,0x00,0x00,0x00,0x00,0x00,0x00,0x00,0x00,0x00,0x00,0x00,0x00,0x00,0x00,
    0x00,0x00,0x00,0x00,0x00,0x00,0x00,0x00,0x00,0x00,0x00,0x00,0x00,0x00,0x00,0x00,
    0x00,0x00,0x00,0x00,0x00,0x00,0x00,0x00,0x00,0x00,0x00,0x00,0x00,0x00,0x00,0x00,
    0x00,0x00,0x00,0x00,0x9B,0x00,0x00,0x00,0x95,0x00,0x00,0x00,0x8F,0x00,0x00,0x00,
    0x7D,0x00,0x00,0x00,0x71,0x00,0x00,0x00,0x77,0x00,0x00,0x00,0x00,0x00,0x00,0x00,
    0x00,0x00,0x00,0x00,0x00,0x00,0x00,0x00,0x00,0x00,0x00,0x00,0x00,0x00,0x00,0x00,
    0x2C,0x48,0x40,0x68,0x00,0x47,0x2B,0x48,0x80,0x68,0x00,0x47,0x29,0x48,0xC0,0x68,
    0x00,0x28,0x00,0xD0,0x00,0x47,0x70,0x47,0x26,0x48,0x00,0x68,0x00,0x47,0x25,0x48,
    0x00,0x69,0x00,0x47,0x23,0x48,0x40,0x69,0x00,0x47,0x22,0x48,0x80,0x69,0x00,0x47,
    0xF8,0xB5,0x20,0x4E,0x00,0x25,0x20,0x48,0x35,0x61,0x41,0x7D,0x49,0x08,0x49,0x00,
    0x41,0x75,0x01,0x7D,0x49,0x08,0x49,0x00,0x01,0x75,0xC2,0x7C,0x01,0x21,0x0A,0x43,
    0xC2,0x74,0x02,0x7C,0x0A,0x43,0x02,0x74,0x00,0xF0,0x12,0xFB,0x00,0xF0,0x36,0xF8,
    0x16,0x4C,0x17,0x49,0x09,0x27,0xA0,0x6B,0x3F,0x03,0x88,0x42,0x03,0xD1,0x15,0x49,
    0xE0,0x6B,0x88,0x42,0x03,0xD0,0x00,0xF0,0x8D,0xF9,0x00,0x28,0x0D,0xD1,0x12,0x48,
    0x30,0x61,0x00,0xF0,0xAC,0xF9,0x01,0x28,0xFB,0xD0,0x01,0x20,0xA5,0x63,0xC0,0x02,
    0x02,0x46,0x39,0x46,0xE5,0x63,0x00,0xF0,0x4C,0xF9,0x03,0x21,0x0B,0x20,0x3A,0x46,
    0x89,0x03,0x00,0x03,0x00,0xF0,0x45,0xF9,0x00,0xF0,0x37,0xF8,0x00,0xF0,0x70,0xFB,
    0xF8,0xBD,0x00,0x00,0x0C,0x00,0x00,0x20,0x00,0x03,0x00,0x40,0x00,0x01,0x00,0x20,
    0xA5,0xA5,0xCA,0xCA,0xCA,0xCA,0xA5,0xA5,0x6D,0x05,0x00,0x00,0x0E,0xB5,0xAB,0x20,
    0x69,0x46,0x08,0x71,0x01,0x20,0x03,0x46,0x02,0x46,0x00,0x90,0x02,0xA9,0x01,0xA8,
    0x00,0xF0,0xE6,0xFA,0x0E,0xBD,0x0E,0xB5,0x06,0x20,0x69,0x46,0x08,0x71,0x01,0x20,
    0x03,0x46,0x02,0x46,0x00,0x90,0x02,0xA9,0x01,0xA8,0x00,0xF0,0xD9,0xFA,0x0E,0xBD,
    0x0E,0xB5,0x04,0x20,0x69,0x46,0x08,0x71,0x01,0x20,0x03,0x46,0x02,0x46,0x00,0x90,
    0x02,0xA9,0x01,0xA8,0x00,0xF0,0xCC,0xFA,0x0E,0xBD,0x0E,0xB5,0xB9,0x20,0x69,0x46,
    0x08,0x71,0x01,0x20,0x03,0x46,0x02,0x46,0x00,0x90,0x02,0xA9,0x01,0xA8,0x00,0xF0,
    0xBF,0xFA,0x0E,0xBD,0x95,0x4A,0x00,0x20,0x01,0x46,0x40,0x1C,0x91,0x42,0xFB,0xD3,
    0x00,0x20,0x70,0x47,0xF0,0xB5,0xFF,0xB0,0xC8,0xB0,0x16,0x46,0x0D,0x46,0x07,0x46,
    0x00,0x24,0xFF,0xF7,0xC8,0xFF,0x02,0x20,0x69,0x46,0x08,0x71,0x38,0x0C,0x48,0x71,
    0x38,0x0A,0x88,0x71,0xCF,0x71,0x01,0xA8,0x04,0xE0,0x31,0x5D,0x02,0x19,0x64,0x1C,
    0x11,0x71,0xA4,0xB2,0xAC,0x42,0xF8,0xD3,0x01,0x20,0x2D,0x1D,0x00,0x90,0xAB,0xB2,
    0xAA,0xB2,0x44,0xA9,0x01,0xA8,0x00,0xF0,0x93,0xFA,0xFF,0xF7,0xD3,0xFF,0x7F,0xB0,
    0x48,0xB0,0xF0,0xBD,0xF8,0xB5,0x46,0x18,0x01,0x20,0x00,0x04,0x0C,0x46,0x86,0x42,
    0x14,0xD9,0x00,0x20,0xC0,0x43,0xF8,0xBD,0xFF,0x20,0x01,0x30,0x84,0x42,0x00,0xDC,
    0x20,0x46,0x87,0xB2,0x2A,0x1B,0x30,0x1B,0x39,0x46,0xFF,0xF7,0xC3,0xFF,0x00,0x28,
    0x02,0xD0,0x01,0x20,0xC0,0x43,0xF8,0xBD,0xE4,0x1B,0x00,0xE0,0x15,0x19,0x00,0x2C,
    0xEA,0xDC,0x00,0x20,0xF8,0xBD,0x30,0xB5,0x87,0xB0,0x0D,0x46,0x04,0x46,0xFF,0xF7,
    0x82,0xFF,0x64,0x2D,0x09,0xD0,0x65,0x2D,0x09,0xD0,0x66,0x2D,0x09,0xD0,0xFF,0xF7,
    0x87,0xFF,0x00,0x20,0xC0,0x43,0x07,0xB0,0x30,0xBD,0x81,0x20,0x02,0xE0,0x20,0x20,
    0x00,0xE0,0x52,0x20,0x69,0x46,0x08,0x71,0x20,0x0C,0x48,0x71,0x20,0x0A,0x88,0x71,
    0xCC,0x71,0x01,0x20,0x04,0x23,0x00,0x90,0x1A,0x46,0x04,0xA9,0x01,0xA8,0x00,0xF0,
    0x47,0xFA,0xFF,0xF7,0x87,0xFF,0x04,0x46,0xFF,0xF7,0x6A,0xFF,0x20,0x46,0xE2,0xE7,
    0x10,0xB5,0xFF,0xB0,0x14,0x46,0x85,0xB0,0x0A,0x46,0x3B,0x21,0x6B,0x46,0x19,0x71,
    0x01,0x0C,0x59,0x71,0x01,0x0A,0x99,0x71,0xD8,0x71,0x00,0x20,0x18,0x72,0x58,0x72,
    0x53,0x08,0x00,0x90,0x06,0x22,0x21,0x46,0x01,0xA8,0x00,0xF0,0x29,0xFA,0x7F,0xB0,
    0x00,0x20,0x05,0xB0,0x10,0xBD,0x03,0xE0,0x0B,0x78,0x49,0x1C,0x03,0x70,0x40,0x1C,
    0x52,0x1E,0xF9,0xD2,0x70,0x47,0x01,0xE0,0x01,0x70,0x40,0x1C,0x52,0x1E,0xFB,0xD2,
    0x70,0x47,0x42,0x78,0x01,0x78,0x12,0x02,0x89,0x18,0x82,0x78,0xC0,0x78,0x12,0x04,
    0x00,0x06,0x10,0x18,0x08,0x18,0x70,0x47,0xF7,0xB5,0xFF,0xB0,0x85,0xB0,0x85,0x99,
    0x07,0x46,0xC8,0x1B,0x55,0x26,0x85,0x08,0x80,0x2D,0x01,0xD3,0x80,0x20,0x00,0xE0,
    0x28,0x46,0x84,0xB2,0xA0,0x04,0x00,0x0C,0x01,0x46,0x00,0x90,0x01,0xAA,0x38,0x46,
    0xFF,0xF7,0xB6,0xFF,0x00,0x23,0x07,0xE0,0x99,0x00,0x01,0xA8,0x08,0x18,0xFF,0xF7,
    0xD8,0xFF,0x86,0x19,0x5B,0x1C,0x9B,0xB2,0xA3,0x42,0xF5,0xD3,0x00,0x98,0x2D,0x1B,
    0x3F,0x18,0x80,0x2D,0x01,0xD3,0x80,0x20,0x00,0xE0,0x28,0x46,0x04,0x04,0x24,0x0C,
    0xE0,0xD1,0x01,0xAA,0x04,0x21,0x85,0x98,0xFF,0xF7,0x9A,0xFF,0x01,0xA8,0xFF,0xF7,
    0xC0,0xFF,0x86,0x99,0xB0,0x42,0x08,0x60,0x01,0xD1,0x01,0x21,0x00,0xE0,0x00,0x21,
    0x82,0x19,0x86,0x98,0x02,0x60,0x7F,0xB0,0x08,0x46,0x08,0xB0,0xF0,0xBD,0x80,0x08,
    0x80,0x00,0x89,0x08,0x89,0x00,0x01,0xE0,0x08,0xC9,0x08,0xC0,0x52,0x1E,0xFB,0xD2,
    0x70,0x47,0xF0,0xB5,0x07,0x46,0xCD,0x1B,0x15,0x49,0xFF,0xB0,0x84,0xB0,0x48,0x07,
    0x16,0x46,0xC1,0x80,0x41,0x15,0x8D,0x42,0x01,0xD3,0x08,0x46,0x00,0xE0,0x28,0x46,
    0x84,0xB2,0x6A,0x46,0x21,0x46,0x38,0x46,0xFF,0xF7,0x6A,0xFF,0xA2,0x08,0x69,0x46,
    0x30,0x46,0xFF,0xF7,0xDC,0xFF,0x01,0x20,0x36,0x19,0x3F,0x19,0x2D,0x1B,0x40,0x02,
    0x85,0x42,0x00,0xD2,0x28,0x46,0x04,0x04,0x24,0x0C,0xEA,0xD1,0x00,0x21,0x01,0x20,
    0x80,0x07,0xC1,0x80,0x7F,0xB0,0x08,0x46,0x04,0xB0,0xF0,0xBD,0xE0,0x93,0x04,0x00,
    0xCA,0xCA,0x00,0x00,0xFE,0xB5,0xAC,0x4D,0x6A,0x46,0xAC,0x49,0x00,0x20,0xFF,0xF7,
    0x7B,0xFF,0x06,0x46,0x23,0x20,0x01,0xAA,0xA9,0x49,0x80,0x02,0xFF,0xF7,0x74,0xFF,
    0x04,0x46,0x0B,0x20,0x34,0x40,0x02,0xAA,0xA6,0x49,0x00,0x03,0xFF,0xF7,0x6C,0xFF,
    0x01,0x9A,0x00,0x99,0x20,0x40,0x89,0x18,0x02,0x9A,0x89,0x18,0xAA,0x39,0xA9,0x60,
    0xE8,0x60,0xFE,0xBD,0x00,0xE0,0x40,0x1E,0x00,0x28,0xFC,0xD1,0x70,0x47,0xF8,0xB5,
    0x9D,0x48,0x00,0x26,0x06,0x81,0x9D,0x49,0x97,0x4C,0x06,0x70,0x8E,0x71,0xAC,0x22,
    0x0A,0x70,0x91,0x22,0x4A,0x70,0x9A,0x49,0x08,0x22,0x0A,0x60,0x62,0xB6,0x26,0x60,
    0x66,0x60,0x46,0x80,0x60,0x78,0xAA,0x28,0x03,0xD0,0x60,0x78,0xAB,0x28,0x5C,0xD0,
    0x5D,0xE0,0x66,0x70,0x55,0x20,0xA0,0x70,0x8F,0x4A,0x92,0x49,0x10,0x89,0xA3,0x78,
    0x5A,0x2B,0x01,0xD0,0x88,0x42,0xFA,0xD1,0x8E,0x49,0x88,0x42,0x57,0xD0,0x00,0x27,
    0x01,0x25,0xED,0x02,0x38,0x02,0x40,0x19,0x64,0x21,0xFF,0xF7,0xCC,0xFE,0x7F,0x1C,
    0x08,0x2F,0xF7,0xD3,0x00,0x27,0x01,0x20,0x39,0x03,0x00,0x03,0x08,0x18,0x65,0x21,
    0xFF,0xF7,0xC1,0xFE,0x7F,0x1C,0x08,0x2F,0xF5,0xD3,0x0B,0x20,0x65,0x21,0x00,0x03,
    0xFF,0xF7,0xB9,0xFE,0x55,0x20,0xE0,0x70,0x26,0x71,0x26,0x70,0x21,0x46,0x18,0x31,
    0x79,0x4D,0x7C,0x4F,0x00,0x91,0x20,0x79,0xEE,0x28,0x1D,0xD1,0x26,0x71,0x66,0x71,
    0x20,0x7D,0x61,0x7D,0x09,0x02,0x40,0x18,0x01,0x21,0xC9,0x02,0x88,0x42,0x11,0xD3,
    0xBB,0x21,0xA1,0x74,0x47,0x21,0x49,0x02,0x88,0x42,0x06,0xD9,0x0B,0x21,0x09,0x03,
    0x42,0x1A,0x07,0x21,0x49,0x02,0x8A,0x42,0x04,0xD8,0x01,0x21,0x49,0x02,0x00,0x9A,
    0xFF,0xF7,0x70,0xFE,0x55,0x20,0x60,0x71,0xE0,0x78,0x55,0x28,0x02,0xD1,0x28,0x89,
    0xB8,0x42,0xD8,0xD1,0x28,0x89,0xB8,0x42,0x09,0xD0,0xFF,0xF7,0x63,0xFF,0xA0,0x79,
    0x00,0x28,0x04,0xD1,0x60,0x48,0x01,0x89,0x62,0x48,0x81,0x42,0x92,0xD1,0x7D,0x20,
    0x00,0x01,0x40,0x1E,0xFD,0xD1,0x5D,0x48,0x46,0x70,0x5B,0x48,0x01,0x89,0x5D,0x48,
    0x81,0x42,0x01,0xD1,0x01,0x20,0xF8,0xBD,0x00,0x20,0xF8,0xBD,0xF0,0xB5,0x57,0x48,
    0x51,0x4D,0x84,0x79,0xCF,0x21,0x54,0x4A,0x0C,0x40,0x10,0x26,0x56,0x4B,0x51,0x88,
    0x01,0x2C,0x5B,0xD0,0x00,0x27,0x05,0x2C,0x08,0xD0,0x09,0x2C,0x01,0xD0,0x87,0x71,
    0xF0,0xBD,0x97,0x80,0xD7,0x80,0x44,0x88,0xE4,0x07,0x08,0xD0,0x4E,0x4B,0x1E,0x78,
    0x9C,0x78,0x5B,0x78,0x02,0x2E,0x04,0xD0,0x04,0x2E,0x11,0xD0,0x18,0xE0,0x86,0x71,
    0xF0,0xBD,0x20,0x2B,0x02,0xD0,0x21,0x2B,0x04,0xD0,0x11,0xE0,0x00,0x2C,0x0F,0xD1,
    0x46,0x49,0x02,0xE0,0x00,0x2C,0x0B,0xD1,0x45,0x49,0xD3,0x88,0xC9,0x5C,0x18,0xE0,
    0x41,0x4E,0x22,0x2B,0x04,0xD1,0x00,0x2C,0x02,0xD1,0x33,0x79,0x01,0x2B,0x07,0xD0,
    0x13,0x78,0x00,0x2B,0x09,0xD0,0xD1,0x88,0x04,0x29,0x03,0xD2,0x3A,0x21,0x08,0xE0,
    0x3C,0x49,0xEA,0xE7,0x17,0x70,0xFF,0x21,0x03,0xE0,0x3B,0x4C,0xA1,0x42,0x02,0xD1,
    0xA5,0x21,0x41,0x80,0x10,0xE0,0xD3,0x88,0x00,0x2B,0x13,0xD0,0x01,0x2B,0x13,0xD0,
    0xCE,0x18,0x75,0x19,0x20,0x3D,0xAD,0x7F,0x45,0x80,0xC9,0x18,0x83,0x23,0x89,0x1E,
    0xDB,0x00,0x99,0x42,0x00,0xDB,0x54,0x80,0xD1,0x88,0x49,0x1C,0xD1,0x80,0x14,0x21,
    0x81,0x71,0xF0,0xBD,0x04,0x25,0xEF,0xE7,0x47,0x80,0xEE,0xE7,0x94,0x88,0x0B,0x2C,
    0x27,0xD2,0x09,0x2C,0x1F,0xD3,0x0A,0xD0,0x43,0x88,0x28,0x4C,0x0B,0x43,0x05,0x21,
    0x49,0x03,0x59,0x1A,0x53,0x80,0xA1,0x42,0x06,0xD8,0x51,0x80,0x27,0xE0,0x41,0x88,
    0x51,0x80,0x91,0x78,0x09,0x02,0xF8,0xE7,0x1A,0x49,0x8B,0x42,0x01,0xD1,0x11,0x81,
    0x1D,0xE0,0x18,0x49,0xC9,0x1D,0x8B,0x42,0x02,0xD1,0x01,0x21,0x11,0x70,0x16,0xE0,
    0x00,0x21,0xC9,0x43,0xE9,0xE7,0x61,0x1C,0x19,0x70,0x41,0x88,0x1B,0x19,0x59,0x70,
    0x0D,0xE0,0x15,0x4C,0xA1,0x42,0x0A,0xD0,0x43,0x88,0x6B,0x54,0x51,0x88,0x83,0x23,
    0x49,0x1C,0x89,0xB2,0xDB,0x00,0x51,0x80,0x99,0x42,0x00,0xD3,0x54,0x80,0x91,0x88,
    0x49,0x1C,0x91,0x80,0x7B,0xE7,0x00,0x00,0x40,0x01,0x00,0x20,0xFC,0x8B,0x00,0x00,
    0xFC,0x8F,0x00,0x00,0xFC,0xBF,0x00,0x00,0x00,0x00,0x00,0x20,0x00,0x20,0x00,0x40,
    0x00,0xE1,0x00,0xE0,0xA5,0xCA,0x00,0x00,0x28,0x00,0x00,0x20,0x80,0x07,0x00,0x00,
    0x9F,0x07,0x00,0x00,0x9E,0x07,0x00,0x00,0xFF,0xFF,0x00,0x00,0x17,0x04,0x00,0x00,
    0x1D,0x48,0x02,0x7C,0xBF,0x21,0x0A,0x40,0x02,0x74,0x82,0x7C,0x0A,0x40,0x82,0x74,
    0x42,0x7C,0x0A,0x40,0x42,0x74,0x19,0x49,0xCA,0x8B,0x04,0x20,0x02,0x43,0xCA,0x83,
    0x17,0x49,0x24,0x22,0x4A,0x82,0x03,0x22,0xCA,0x82,0x16,0x49,0x08,0x60,0x70,0x47,
    0x38,0xB5,0x12,0x4D,0x04,0x9C,0x20,0x3D,0xA8,0x62,0xE9,0x62,0x0F,0x48,0x40,0x21,
    0x01,0x80,0x82,0x80,0xC3,0x80,0x0E,0x48,0x24,0x21,0x41,0x82,0x03,0x21,0xC1,0x82,
    0x00,0x2C,0x01,0xD0,0x0C,0x49,0x00,0xE0,0x0C,0x49,0x41,0x82,0xC1,0x8A,0xC9,0x07,
    0xFC,0xD0,0x00,0x20,0x69,0x46,0x01,0xE0,0x08,0x78,0x40,0x1C,0x08,0x70,0x08,0x78,
    0x13,0x28,0xF9,0xD3,0x38,0xBD,0x00,0x00,0x00,0x03,0x00,0x40,0x20,0x11,0x00,0x40,
    0x00,0x20,0x00,0x40,0x00,0xE1,0x00,0xE0,0x24,0x30,0x00,0x00,0x24,0x10,0x00,0x00,
    0x1E,0x00,0x00,0x01,0x49,0x00,0x21,0x00,0x24,0x00,0x20,0x00,0x25,0x00,0x00,0x00,
    0x22,0x00,0x23,0x00,0x11,0x09,0x88,0x52,0x1A,0xB0,0x00,0x00,0x00,0x00,0x00,0x06,
    0x01,0xFF,0x09,0x01,0xA1,0x01,0x85,0x09,0x15,0x00,0x25,0xFF,0x19,0x01,0x29,0x02,
    0x75,0x08,0x95,0x02,0xB1,0x02,0xC0,0x06,0x01,0xFF,0x09,0x02,0xA1,0x01,0x85,0x0B,
    0x15,0x00,0x25,0xFF,0x19,0x01,0x29,0x03,0x75,0x08,0x95,0x03,0xB1,0x02,0xC0,0x06,
    0x01,0xFF,0x09,0x03,0xA1,0x01,0x85,0x0C,0x15,0x00,0x25,0xFF,0x19,0x01,0x29,0x22,
    0x75,0x08,0x96,0x02,0x04,0xB1,0x02,0xC0,0x00,0x00,0x00,0x00,0x00,0x00,0x00,0x00,
    0x00,0x00,0x00,0x00,0xFF,0xFF,0xFF,0xFF,0xAC,0x5A,0xA5,0xCA,0x78,0x56,0x34,0x12,
    0x03,0x48,0x85,0x46,0x00,0xF0,0x4C,0xF8,0x00,0x48,0x00,0x47,0x21,0x54,0x00,0x00,
    0xFC,0x5F,0x00,0x20,0x10,0xB5,0x43,0x1A,0x93,0x42,0x09,0xD2,0x83,0x18,0x88,0x18,
    0x03,0xE0,0x40,0x1E,0x01,0x78,0x5B,0x1E,0x19,0x70,0x52,0x1E,0xF9,0xD2,0x10,0xBD,
    0x03,0x46,0x0B,0x43,0x9B,0x07,0x03,0xD0,0x09,0xE0,0x08,0xC9,0x12,0x1F,0x08,0xC0,
    0x04,0x2A,0xFA,0xD2,0x03,0xE0,0x0B,0x78,0x03,0x70,0x40,0x1C,0x49,0x1C,0x52,0x1E,
    0xF9,0xD2,0x10,0xBD,0xD2,0xB2,0x01,0xE0,0x02,0x70,0x40,0x1C,0x49,0x1E,0xFB,0xD2,
    0x70,0x47,0x00,0x22,0xF6,0xE7,0x10,0xB5,0x13,0x46,0x0A,0x46,0x04,0x46,0x19,0x46,
    0xFF,0xF7,0xF0,0xFF,0x20,0x46,0x10,0xBD,0x03,0x21,0x00,0x1D,0x40,0x1E,0x03,0x78,
    0x12,0x02,0x1A,0x43,0x49,0x1E,0xF9,0xD5,0x10,0x46,0x70,0x47,0x03,0x46,0x03,0x22,
    0x08,0x70,0x00,0x0A,0x49,0x1C,0x52,0x1E,0xFA,0xD5,0x18,0x46,0x70,0x47,0x00,0x00,
    0x06,0x4C,0x01,0x25,0x06,0x4E,0x05,0xE0,0xE3,0x68,0x07,0xCC,0x2B,0x43,0x0C,0x3C,
    0x98,0x47,0x10,0x34,0xB4,0x42,0xF7,0xD3,0xFF,0xF7,0xA6,0xFF,0x18,0x8A,0x00,0x00,
    0x48,0x8A,0x00,0x00,0xC2,0x06,0xD2,0x0E,0x01,0x21,0x91,0x40,0x40,0x09,0x02,0x4A,
    0x80,0x00,0x80,0x18,0x01,0x60,0x70,0x47,0x80,0xE1,0x00,0xE0,0x02,0xE0,0x08,0xC8,
    0x12,0x1F,0x08,0xC1,0x00,0x2A,0xFA,0xD1,0x70,0x47,0x70,0x47,0x00,0x20,0x01,0xE0,
    0x01,0xC1,0x12,0x1F,0x00,0x2A,0xFB,0xD1,0x70,0x47,0x00,0x00,0xF8,0xB5,0x2A,0x4D,
    0x00,0x26,0x68,0x7A,0x81,0x06,0x0C,0xD5,0x28,0x4C,0x21,0x28,0x02,0xD0,0x22,0x28,
    0x32,0xD0,0x04,0xE0,0x25,0x22,0x26,0x49,0x20,0x46,0xFF,0xF7,0x7B,0xFF,0x00,0x20,
    0x68,0x72,0x22,0x4C,0x01,0x27,0x24,0x34,0x20,0x79,0x05,0x28,0x01,0xD9,0x67,0x72,
    0x01,0x26,0x20,0x49,0x1D,0x48,0x0A,0x68,0x44,0x30,0x02,0x61,0x4A,0x68,0x82,0x62,
    0x89,0x68,0x01,0x64,0x01,0x46,0x80,0x39,0x1A,0x48,0x09,0xF0,0xA9,0xF9,0x00,0x20,
    0x60,0x72,0x60,0x79,0x0A,0x28,0x00,0xD9,0x67,0x72,0x13,0x48,0x21,0x7D,0x20,0x38,
    0x41,0x75,0x12,0x48,0x00,0x1D,0x0A,0x29,0x01,0xD8,0x00,0x2E,0x0C,0xD0,0x03,0x21,
    0x01,0x74,0x41,0x74,0x47,0x73,0x0E,0xE0,0x0F,0x48,0x25,0x22,0x01,0x68,0x0C,0x48,
    0x98,0x31,0xFF,0xF7,0x47,0xFF,0xC5,0xE7,0x09,0x49,0x0A,0x7D,0x02,0x74,0x4A,0x7D,
    0x42,0x74,0x49,0x7C,0x41,0x73,0x20,0x7A,0x05,0x28,0x03,0xD9,0x00,0x20,0x6F,0x71,
    0xC0,0x43,0xF8,0xBD,0x00,0x20,0xF8,0xBD,0x5C,0x07,0x00,0x20,0xF4,0x08,0x00,0x20,
    0x70,0x08,0x00,0x20,0xC8,0x21,0x00,0x20,0xB0,0x08,0x00,0x20,0x10,0xB5,0x04,0x46,
    0x09,0x49,0x0A,0x48,0x07,0xF0,0x3D,0xFB,0x07,0x49,0x60,0x31,0x8A,0x78,0x22,0x70,
    0x0A,0x46,0x40,0x3A,0x12,0x7F,0x92,0x07,0x04,0xD5,0x8A,0x78,0x00,0x2A,0x01,0xD0,
    0x01,0x22,0x4A,0x72,0x10,0xBD,0x00,0x00,0xB8,0x08,0x00,0x20,0xC8,0x21,0x00,0x20,
    0xF0,0xB5,0x9F,0xB0,0x46,0x48,0xFF,0x22,0x25,0x21,0x1E,0x90,0xFF,0xF7,0x2A,0xFF,
    0x43,0x48,0x90,0x21,0x3C,0x30,0xFF,0xF7,0x2C,0xFF,0x41,0x4C,0x03,0x20,0xC0,0x02,
    0x3C,0x3C,0x60,0x85,0x3E,0x48,0x22,0x46,0xD4,0x30,0xE0,0x62,0x3D,0x48,0x20,0x32,
    0x01,0x68,0x3D,0x4E,0x08,0x46,0x20,0x30,0x45,0x7C,0x55,0x75,0x07,0x7C,0x17,0x75,
    0x8B,0x7E,0x93,0x75,0x76,0x78,0x02,0x23,0x36,0x01,0x33,0x43,0xD3,0x75,0x43,0x7C,
    0xBC,0x46,0xDB,0x01,0x23,0x87,0x00,0x7C,0x00,0x23,0xC0,0x01,0x60,0x87,0x10,0x46,
    0xE0,0x30,0x83,0x60,0xC3,0x60,0x31,0x4B,0x80,0x38,0x5E,0x6A,0x46,0x61,0x1E,0x6A,
    0x86,0x61,0x67,0x46,0x2E,0x46,0x7E,0x43,0x06,0x84,0x06,0x46,0x01,0x27,0x20,0x36,
    0xB7,0x70,0x0F,0x46,0xFF,0x37,0x25,0x37,0x47,0x62,0x5F,0x6B,0xC7,0x62,0x1F,0x6B,
    0x07,0x63,0x67,0x46,0x07,0x87,0x5F,0x6C,0x47,0x64,0x1F,0x6C,0x87,0x64,0x07,0x46,
    0x40,0x37,0x3D,0x82,0x00,0x25,0xFF,0x31,0xBD,0x74,0x2C,0x31,0x41,0x65,0xB5,0x76,
    0xC1,0x63,0x1F,0x48,0x51,0x7D,0x01,0x75,0x11,0x7D,0x41,0x75,0xD9,0x6C,0x01,0x60,
    0x19,0x6D,0x41,0x60,0x59,0x6D,0x81,0x60,0x25,0x22,0x1A,0x49,0x1E,0x98,0xFF,0xF7,
    0xA9,0xFE,0x78,0x22,0x18,0x49,0x68,0x46,0xFF,0xF7,0xA4,0xFE,0x0F,0x22,0x00,0x23,
    0x69,0x46,0x20,0x46,0x07,0xF0,0xB4,0xFB,0x28,0x22,0xA1,0x1C,0x13,0x48,0xFF,0xF7,
    0x99,0xFE,0x12,0x48,0x24,0x1F,0x24,0x30,0x25,0x79,0x05,0x71,0x61,0x79,0x41,0x71,
    0x0F,0x48,0xFF,0xF7,0xC1,0xFE,0x20,0x60,0x06,0x48,0x00,0x68,0x00,0x79,0x03,0x28,
    0x01,0xD1,0x03,0x2D,0x02,0xD0,0x03,0x20,0x08,0xF0,0x00,0xFE,0x1F,0xB0,0xF0,0xBD,
    0xF4,0x08,0x00,0x20,0xB0,0x08,0x00,0x20,0x98,0x07,0x00,0x20,0xA8,0x06,0x00,0x20,
    0xC8,0x21,0x00,0x20,0x70,0x08,0x00,0x20,0x9C,0x88,0x00,0x00,0x26,0x05,0x00,0x20,
    0x40,0x07,0x00,0x20,0xF3,0xB5,0x81,0xB0,0x06,0x46,0x00,0x27,0x39,0xE0,0x38,0x46,
    0x54,0x21,0x48,0x43,0x02,0x99,0x09,0x5C,0x09,0x07,0x31,0xD0,0x02,0x99,0x45,0x18,
    0xA8,0x69,0x00,0x90,0x2C,0x46,0x40,0x34,0xF2,0x88,0xB1,0x88,0x28,0x46,0x04,0xF0,
    0xFF,0xFD,0x6B,0x46,0x60,0x88,0x59,0x88,0xAA,0x7F,0x40,0x1A,0x29,0x7F,0xC0,0x11,
    0x41,0x18,0x80,0x18,0x22,0x88,0x1B,0x88,0xD2,0x1A,0xD3,0x11,0x6A,0x7F,0xED,0x7F,
    0x9A,0x18,0x5B,0x19,0x00,0x25,0x00,0x29,0x00,0xDD,0x0D,0x46,0x25,0x71,0x31,0x78,
    0x4D,0x1E,0x85,0x42,0x00,0xDC,0x48,0x1E,0xA0,0x71,0x00,0x20,0x00,0x2A,0x00,0xDD,
    0x10,0x46,0x60,0x71,0x70,0x78,0x41,0x1E,0x99,0x42,0x00,0xDC,0x0B,0x46,0xE3,0x71,
    0x7F,0x1C,0xB0,0x78,0xB8,0x42,0xC2,0xDC,0xFE,0xBD,0x00,0x00,0xFE,0xB5,0x3F,0x48,
    0x3D,0x4E,0x01,0x68,0x08,0x46,0x20,0x30,0x04,0x7C,0x45,0x7C,0x3C,0x48,0x80,0x31,
    0x80,0x08,0x80,0x00,0x00,0x90,0x88,0x7C,0x27,0x46,0x01,0x46,0x01,0x90,0x6F,0x43,
    0x20,0x46,0x08,0xF0,0x88,0xFA,0x00,0x29,0x50,0xD0,0x01,0x98,0x40,0x1A,0x00,0x19,
    0x00,0x05,0x02,0x0C,0x33,0x49,0x68,0x46,0x08,0xF0,0x92,0xFE,0x32,0x48,0x7F,0x00,
    0x44,0x61,0x85,0x61,0xC7,0x61,0x07,0x62,0x47,0x62,0x2C,0x48,0x00,0x68,0x80,0x30,
    0x81,0x7C,0x20,0x46,0x01,0x91,0x08,0xF0,0x6E,0xFA,0x00,0x29,0x38,0xD0,0x01,0x98,
    0x40,0x1A,0x00,0x19,0x28,0x49,0x68,0x43,0x88,0x62,0x60,0x00,0xC8,0x62,0x08,0x63,
    0x48,0x63,0x8C,0x63,0x24,0x4A,0x69,0x00,0xD1,0x63,0x11,0x64,0x51,0x64,0x95,0x64,
    0xD7,0x64,0x10,0x65,0x10,0x46,0x11,0x25,0x00,0x24,0x07,0x46,0x41,0x65,0xA0,0x00,
    0xC1,0x19,0x88,0x8A,0x14,0x31,0x82,0xB2,0x68,0x46,0x08,0xF0,0x61,0xFE,0x64,0x1C,
    0xE4,0xB2,0xAC,0x42,0xF3,0xD3,0x00,0x98,0x18,0x49,0x04,0x46,0xFF,0xF7,0x0E,0xFE,
    0x17,0x4A,0x01,0x46,0xB0,0x42,0x0D,0xD2,0x70,0x1A,0x81,0xB2,0x11,0x77,0x08,0x0A,
    0x50,0x77,0x01,0x20,0x80,0x02,0x81,0x42,0x07,0xD9,0x09,0xE0,0x00,0x20,0xAE,0xE7,
    0x00,0x20,0xC6,0xE7,0x00,0x20,0x10,0x77,0x50,0x77,0x01,0x20,0x08,0xF0,0x36,0xFD,
    0x07,0x48,0xC0,0x1E,0x21,0x1A,0xFF,0xF7,0xDC,0xFD,0x00,0x99,0x09,0x48,0x08,0x60,
    0x03,0x20,0x01,0xF0,0x39,0xFF,0xFE,0xBD,0xFC,0x5F,0x00,0x20,0xB0,0x08,0x00,0x20,
    0x37,0x24,0x00,0x20,0xA0,0x06,0x00,0x20,0xA8,0x06,0x00,0x20,0x48,0x07,0x00,0x20,
    0x08,0x05,0x00,0x20,0x5A,0xA5,0xAC,0xCA,0xFE,0xB5,0x08,0x7A,0x01,0x27,0x0E,0x46,
    0x00,0x28,0x00,0xD0,0x00,0x27,0x00,0x2F,0x07,0xD0,0x28,0x21,0x71,0x5E,0x70,0x6A,
    0x40,0x18,0x00,0x21,0x71,0x5E,0xFF,0xF7,0xB4,0xFD,0x00,0x25,0x18,0x20,0x68,0x43,
    0x84,0x19,0x18,0x34,0x60,0x68,0x00,0x28,0x0D,0xD0,0x61,0x69,0x02,0x23,0x01,0x22,
    0xCB,0x56,0x8A,0x56,0x02,0x93,0x00,0x97,0x01,0x92,0x10,0x23,0xE3,0x5E,0xE2,0x68,
    0xA1,0x68,0x00,0xF0,0x05,0xF8,0x6D,0x1C,0x05,0x2D,0xE7,0xDB,0x00,0x20,0xFE,0xBD,
    0xFF,0xB5,0x8C,0x46,0x5B,0x1E,0x1A,0xD4,0x5D,0x00,0x61,0x46,0x44,0x5F,0x4E,0x5F,
    0xB4,0x42,0xF7,0xD0,0xD7,0x56,0x32,0x2F,0xF4,0xDC,0x31,0x21,0xC9,0x43,0x8F,0x42,
    0xF0,0xDB,0x09,0x99,0x00,0x29,0x03,0xD0,0x46,0x53,0x00,0x21,0xD1,0x54,0xE9,0xE7,
    0xB4,0x42,0x01,0xDA,0x64,0x1C,0x00,0xE0,0x64,0x1E,0x44,0x53,0xE2,0xE7,0xFF,0xBD,
    0xF7,0xB5,0x84,0x46,0x00,0x20,0x82,0xB0,0x00,0x90,0x60,0x46,0x14,0x25,0x45,0x57,
    0x01,0x24,0x03,0x68,0x4B,0xE0,0x01,0x22,0x68,0x1E,0x01,0x90,0x44,0xE0,0x20,0x46,
    0x68,0x43,0x86,0x18,0x70,0x00,0x1F,0x5E,0x86,0x46,0x1E,0x2F,0x04,0xDD,0x04,0x9F,
    0x04,0x98,0x3F,0x68,0x7F,0x1C,0x07,0x60,0x70,0x46,0x1F,0x5E,0x00,0x20,0x08,0x56,
    0x87,0x42,0x2F,0xDA,0x60,0x46,0x47,0x68,0x60,0x00,0x3F,0x5E,0x01,0x20,0x08,0x56,
    0x87,0x42,0x27,0xDD,0x02,0x20,0x08,0x56,0x87,0x42,0x23,0xDA,0x60,0x46,0x87,0x68,
    0x50,0x00,0x3F,0x5E,0x03,0x20,0x08,0x56,0x87,0x42,0x1B,0xDD,0x04,0x20,0x08,0x56,
    0x87,0x42,0x17,0xDA,0x70,0x46,0xC7,0x18,0x02,0x20,0x38,0x5E,0x00,0x28,0x0E,0xDB,
    0x20,0x3F,0x1E,0x20,0x38,0x5E,0x00,0x28,0x09,0xDB,0x70,0x19,0x40,0x00,0x18,0x5E,
    0x00,0x28,0x04,0xDB,0x70,0x1B,0x40,0x00,0x18,0x5E,0x00,0x28,0x02,0xDA,0x00,0x98,
    0x40,0x1C,0x00,0x90,0x01,0x98,0x52,0x1C,0x82,0x42,0xB8,0xDB,0x64,0x1C,0x62,0x46,
    0x15,0x20,0x10,0x56,0x40,0x1E,0xA0,0x42,0xAD,0xDC,0x00,0x98,0x05,0xB0,0xF0,0xBD,
    0xF3,0xB5,0xAD,0xB0,0x41,0x7D,0x01,0x91,0x06,0x7D,0x01,0x68,0x04,0x91,0x45,0x68,
    0x84,0x68,0x04,0xF0,0x7B,0xFE,0x01,0x99,0x00,0x90,0x48,0x00,0x70,0x43,0x08,0xF0,
    0xBB,0xFD,0x01,0x99,0x00,0x98,0x71,0x43,0x4A,0x00,0x04,0x99,0xFF,0xF7,0xDA,0xFC,
    0x00,0x20,0x02,0x22,0x08,0xE0,0x47,0x00,0xEB,0x5F,0x11,0x46,0x02,0x2B,0x00,0xDB,
    0x19,0x46,0x08,0xAB,0xD9,0x53,0x40,0x1C,0x01,0x99,0x88,0x42,0xF3,0xDB,0x00,0x20,
    0x08,0xE0,0x45,0x00,0x63,0x5F,0x11,0x46,0x02,0x2B,0x00,0xDB,0x19,0x46,0x20,0xAB,
    0x59,0x53,0x40,0x1C,0xB0,0x42,0xF4,0xDB,0x2E,0x99,0x01,0x20,0x20,0x31,0x09,0x7C,
    0x00,0x29,0x00,0xD0,0x00,0x20,0x00,0x25,0x05,0x90,0x86,0xE0,0x05,0x98,0x00,0x28,
    0x04,0xD0,0x69,0x00,0x08,0xA8,0x40,0x5A,0x14,0x28,0x7D,0xD9,0x28,0x46,0x70,0x43,
    0x00,0xB2,0x00,0x24,0x02,0x90,0x75,0xE0,0x05,0x98,0x00,0x28,0x0D,0xD0,0x61,0x00,
    0x20,0xA8,0x40,0x5A,0x14,0x28,0x6C,0xD9,0x02,0x98,0x00,0x19,0x41,0x00,0x00,0x98,
    0x40,0x5E,0x1D,0x21,0xC9,0x43,0x88,0x42,0x63,0xDB,0x02,0x98,0x00,0x99,0x00,0x19,
    0x40,0x00,0x03,0x90,0x08,0x5E,0x6A,0x00,0x08,0xA9,0x8B,0x5A,0x86,0x46,0x9C,0x46,
    0x06,0x93,0x01,0x2D,0x0A,0xDB,0x02,0x9B,0x9B,0x1B,0x1B,0x19,0x5F,0x00,0x00,0x9B,
    0xDB,0x5F,0x18,0x18,0x53,0x18,0x20,0x3B,0xDB,0x8B,0x9C,0x44,0x01,0x9B,0x5B,0x1E,
    0x9D,0x42,0x0B,0xDA,0x02,0x9B,0x51,0x18,0x9B,0x19,0x1B,0x19,0x5F,0x00,0x00,0x9B,
    0x4A,0x88,0xDB,0x5F,0x61,0x46,0x18,0x18,0x51,0x18,0x8C,0x46,0x63,0x00,0x20,0xAA,
    0x71,0x46,0xD2,0x5A,0x9E,0x46,0x07,0x92,0x01,0x2C,0x0B,0xDB,0x03,0x9F,0x00,0x9B,
    0xFF,0x18,0x20,0x3F,0x1E,0x23,0xFB,0x5E,0x20,0xAF,0x77,0x44,0x20,0x3F,0xFF,0x8B,
    0x59,0x18,0xBA,0x18,0x77,0x1E,0xBC,0x42,0x0A,0xDA,0x03,0x9F,0x00,0x9B,0xFF,0x18,
    0x02,0x23,0xFB,0x5E,0x20,0xAF,0x59,0x18,0x73,0x46,0xDB,0x19,0x5B,0x88,0x9A,0x18,
    0x00,0x28,0x00,0xDA,0x00,0x20,0x00,0x29,0x00,0xDA,0x00,0x21,0x92,0x08,0x06,0x9F,
    0x63,0x46,0x50,0x43,0x9B,0x08,0x47,0x43,0x59,0x43,0x07,0x98,0x53,0x43,0x48,0x43,
    0x38,0x18,0x40,0x08,0x99,0x00,0x08,0xF0,0xA6,0xF8,0x04,0x9A,0x03,0x99,0x40,0x1C,
    0x50,0x52,0x64,0x1C,0xB4,0x42,0x87,0xDB,0x6D,0x1C,0x01,0x98,0x85,0x42,0x00,0xDA,
    0x74,0xE7,0x00,0x98,0x08,0xF0,0x20,0xFD,0x2F,0xB0,0xF0,0xBD,0xC3,0x07,0x00,0x22,
    0x09,0x49,0x00,0x2B,0x00,0xD0,0x0A,0x70,0x83,0x06,0x00,0xD5,0x4A,0x71,0x83,0x07,
    0x00,0xD5,0x4A,0x70,0x03,0x07,0x00,0xD5,0xCA,0x70,0x43,0x07,0x00,0xD5,0x8A,0x70,
    0xC0,0x06,0x00,0xD5,0x0A,0x71,0x70,0x47,0xD0,0x22,0x00,0x20,0x00,0x00,0x00,0x00,
    0x01,0x00,0x65,0x03,0x70,0xB5,0x00,0x24,0x18,0x20,0x60,0x43,0x45,0x18,0x2A,0x23,
    0x5B,0x5D,0xEA,0x69,0x00,0x2B,0x0E,0x4B,0xA8,0x69,0xEB,0x5E,0x07,0xD1,0x10,0xE0,
    0x15,0x88,0x06,0x88,0x92,0x1C,0xAD,0x1B,0x05,0x80,0x80,0x1C,0x5B,0x1E,0x00,0x2B,
    0xF6,0xD1,0x08,0xE0,0x05,0x88,0x16,0x88,0x92,0x1C,0xAD,0x1B,0x05,0x80,0x80,0x1C,
    0x5B,0x1E,0x00,0x2B,0xF6,0xD1,0x64,0x1C,0x05,0x2C,0xDD,0xDB,0x70,0xBD,0x00,0x00,
    0x28,0x00,0x00,0x00,0xF3,0xB5,0xC8,0x78,0x0C,0x46,0x00,0x07,0x44,0x34,0x00,0x0F,
    0x81,0xB0,0x0D,0x46,0x01,0x28,0x13,0xD0,0x2A,0x46,0x21,0x46,0x01,0x98,0x08,0xF0,
    0xEB,0xFD,0x60,0x79,0x00,0x26,0x03,0x28,0x15,0xD2,0x61,0x7A,0x2A,0x7B,0x91,0x42,
    0x11,0xD2,0xE1,0x79,0x6A,0x7B,0x91,0x42,0x04,0xD2,0x40,0x1C,0x60,0x71,0x02,0xE0,
    0x00,0x20,0xFE,0xBD,0x66,0x71,0x21,0x46,0x01,0x98,0x08,0xF0,0x5E,0xF8,0x60,0x7A,
    0x40,0x1C,0x60,0x72,0x20,0xE0,0x2F,0x46,0x20,0x37,0x78,0x7D,0x00,0x28,0x20,0x46,
    0x04,0xD0,0x03,0xF0,0x21,0xFE,0x26,0x71,0xB8,0x7A,0x18,0xE0,0x03,0xF0,0xE1,0xFE,
    0x7A,0x7F,0x21,0x46,0x01,0x98,0x03,0xF0,0x33,0xFE,0x01,0x28,0x00,0xD1,0x26,0x72,
    0x20,0x79,0x40,0x1C,0xC0,0xB2,0x20,0x71,0xA1,0x79,0x88,0x42,0x08,0xD3,0x2A,0x46,
    0x21,0x46,0x01,0x98,0xFF,0xF7,0xF8,0xFD,0x26,0x71,0xE0,0x6A,0x00,0x78,0xA0,0x71,
    0x2A,0x46,0x21,0x46,0x01,0x98,0x06,0xF0,0x29,0xFE,0x21,0x46,0x01,0x98,0xFF,0xF7,
    0x81,0xFF,0x01,0x20,0xFE,0xBD,0x00,0x00,0x70,0xB5,0x04,0x46,0x78,0x34,0xFF,0x21,
    0x61,0x71,0x01,0x46,0x20,0x31,0x0A,0x7D,0x49,0x7D,0x52,0x1C,0x49,0x1C,0x55,0x08,
    0x49,0x08,0x4D,0x43,0x25,0x80,0x01,0x6B,0x13,0x4A,0x0A,0x60,0x01,0x46,0x20,0x46,
    0x00,0xF0,0x24,0xF8,0x60,0x6A,0x00,0x28,0x01,0xD0,0x00,0x20,0x70,0xBD,0x04,0xF0,
    0xFD,0xFC,0x03,0x46,0x00,0x21,0x18,0x22,0x4A,0x43,0x12,0x19,0x18,0x32,0x10,0x26,
    0x96,0x5F,0x00,0x2E,0x06,0xDD,0x10,0x26,0xD0,0x60,0x96,0x5F,0x30,0x18,0x00,0x29,
    0x00,0xD1,0x40,0x19,0x49,0x1C,0x05,0x29,0xED,0xDB,0xC4,0x1A,0x20,0x46,0x08,0xF0,
    0x2B,0xFC,0x20,0x46,0x70,0xBD,0x00,0x00,0x55,0x10,0x00,0x00,0xF8,0xB5,0x0E,0x46,
    0x04,0x46,0x20,0x36,0xC0,0x69,0x35,0x7D,0x77,0x7D,0x00,0x28,0x01,0xD0,0x00,0x20,
    0xF8,0xBD,0x04,0xF0,0xD3,0xFC,0x29,0x46,0x79,0x43,0x8C,0x46,0x02,0x46,0x49,0x00,
    0xE0,0x61,0x08,0x18,0x20,0x62,0x08,0x18,0x01,0x23,0x2A,0x21,0x0B,0x55,0x61,0x46,
    0x21,0x85,0xF1,0x7D,0x09,0x09,0x19,0xD0,0x69,0x00,0x60,0x63,0x08,0x18,0xA0,0x63,
    0x8C,0x46,0x08,0x18,0x21,0x46,0x00,0x23,0x40,0x31,0x8B,0x70,0x0D,0x80,0x7B,0x00,
    0xE0,0x64,0x18,0x18,0x20,0x65,0x00,0x25,0x8D,0x76,0x0F,0x83,0x31,0x7F,0x18,0x18,
    0xC9,0x07,0x03,0xD1,0x20,0x61,0x60,0x44,0x60,0x61,0x18,0x18,0x80,0x1A,0x44,0x08,
    0x64,0x00,0x21,0x46,0x10,0x46,0xFF,0xF7,0x34,0xFB,0x20,0x46,0x08,0xF0,0xE4,0xFB,
    0x20,0x46,0xF8,0xBD,0xFF,0xB5,0x04,0x46,0x05,0x46,0x40,0x78,0x48,0x35,0x81,0xB0,
    0x17,0x46,0xC0,0x09,0x29,0xD1,0xA0,0x8C,0xA1,0x8E,0xE2,0x8E,0x40,0x1A,0xE1,0x8C,
    0x26,0x46,0x89,0x1A,0x40,0x43,0x49,0x43,0x34,0x36,0x40,0x18,0x06,0xF0,0xB4,0xFE,
    0x01,0x46,0x0A,0x20,0x28,0x5E,0x42,0x00,0x80,0x18,0x08,0x18,0x81,0x10,0x00,0x91,
    0xA0,0x8C,0xB1,0x88,0xF2,0x88,0x40,0x1A,0xE1,0x8C,0x40,0x43,0x89,0x1A,0x49,0x43,
    0x40,0x18,0x06,0xF0,0xA1,0xFE,0x00,0x99,0x09,0x18,0x3B,0xD0,0x00,0x9A,0x40,0x43,
    0x52,0x43,0x10,0x18,0x07,0xF0,0x2B,0xFF,0x68,0x81,0x02,0x98,0xC1,0x1B,0x48,0x10,
    0xC2,0x19,0x0A,0x20,0x28,0x5E,0xB8,0x42,0x00,0xDD,0x07,0x46,0x02,0x98,0x87,0x42,
    0x00,0xDB,0x07,0x46,0x00,0x29,0x27,0xD0,0xB8,0x1A,0xFF,0x22,0x93,0x32,0x50,0x43,
    0x07,0xF0,0x15,0xFF,0x0A,0x9B,0x04,0x9A,0x01,0x46,0xD2,0x1A,0x54,0x10,0xE4,0x18,
    0x14,0x4B,0x41,0x43,0xC9,0x11,0x43,0x43,0x48,0x43,0x0C,0x26,0x46,0x43,0x48,0x43,
    0x38,0x21,0x48,0x43,0x9B,0x1B,0x80,0x13,0x18,0x18,0x50,0x43,0x0E,0x49,0x07,0xF0,
    0xFE,0xFE,0x08,0x22,0xAA,0x5E,0x00,0x19,0x11,0x1A,0x8B,0x1C,0x00,0x2B,0x05,0xDD,
    0x89,0x1C,0x04,0xE0,0x00,0x20,0xC7,0xE7,0x00,0x20,0xDB,0xE7,0x59,0x42,0x10,0x18,
    0x89,0x10,0x40,0x10,0x40,0x18,0x00,0xB2,0x28,0x81,0x80,0x21,0x08,0x1A,0x05,0xB0,
    0xF0,0xBD,0x00,0x00,0x96,0x26,0x00,0x00,0x00,0x10,0x27,0x00,0xFF,0xB5,0x06,0x46,
    0x85,0xB0,0x00,0x6C,0x00,0x90,0x35,0x46,0x68,0x46,0x48,0x35,0x40,0x88,0x00,0x2A,
    0x01,0xD1,0x68,0x46,0x00,0x88,0x54,0x00,0x2A,0x5F,0x63,0x19,0x04,0x27,0x02,0x93,
    0x03,0x92,0xDF,0x5F,0x01,0x97,0x7B,0x10,0x18,0x18,0x13,0x18,0x08,0x46,0x48,0x43,
    0x00,0x11,0xCA,0x00,0x41,0x43,0x9C,0x46,0xC9,0x11,0xCB,0x00,0xCB,0x1A,0xC7,0x00,
    0xDB,0x19,0x57,0x00,0xD7,0x19,0xDF,0x1B,0x01,0x23,0xDB,0x02,0xFF,0x18,0x63,0x46,
    0x5F,0x43,0xBC,0x46,0x4B,0x00,0x5B,0x42,0x87,0x00,0xDB,0x19,0x0A,0x27,0x57,0x43,
    0xDB,0x1B,0x01,0x27,0x7F,0x03,0x34,0x36,0xDB,0x19,0x37,0x5B,0xA6,0x19,0x7B,0x43,
    0x63,0x44,0x9E,0x46,0x06,0x23,0x58,0x43,0x8F,0x00,0x84,0x46,0x38,0x1A,0x1F,0x46,
    0x57,0x43,0xC7,0x19,0x01,0x20,0xC0,0x02,0x38,0x18,0xB7,0x88,0x73,0x46,0x78,0x43,
    0xC3,0x18,0x88,0x00,0x09,0x18,0x60,0x46,0x08,0x1A,0xD1,0x00,0x89,0x1A,0x40,0x18,
    0x31,0x89,0x00,0x91,0x48,0x43,0xC0,0x18,0x03,0x21,0x09,0x03,0x4A,0x10,0x80,0x18,
    0x07,0xF0,0x85,0xFE,0xC1,0x1B,0x08,0x9A,0x09,0xB2,0x00,0x2A,0x10,0xD0,0x01,0x9B,
    0x00,0x9A,0xD2,0x18,0xCB,0x1B,0xD2,0x18,0x02,0x9B,0x52,0x10,0x9A,0x80,0xB2,0x88,
    0x33,0x89,0x49,0x00,0xD2,0x1A,0x51,0x18,0x2A,0x5F,0x89,0x18,0x89,0x10,0x03,0xE0,
    0x03,0x9A,0x02,0x9B,0x8A,0x1A,0x9A,0x80,0x29,0x53,0x00,0x21,0x00,0x28,0x00,0xDB,
    0x01,0x46,0x08,0x46,0x09,0xB0,0xF0,0xBD,0xFF,0xB5,0x83,0xB0,0x03,0x98,0x15,0x21,
    0x41,0x56,0x14,0x25,0x01,0x91,0x45,0x57,0x04,0x98,0x04,0x9C,0x20,0x30,0x00,0x90,
    0x80,0x7F,0x44,0x34,0x00,0x28,0x0D,0xD1,0x03,0x98,0x61,0x6B,0x40,0x68,0x01,0x9B,
    0x05,0x9A,0x06,0xF0,0x2F,0xFC,0x03,0x98,0xE1,0x6C,0x80,0x68,0x2B,0x46,0x06,0x9A,
    0x06,0xF0,0x28,0xFC,0x04,0x9A,0x00,0x20,0x12,0x7D,0x01,0x46,0x94,0x46,0xE2,0x69,
    0x02,0x92,0x03,0x9A,0x04,0x46,0x17,0x68,0x20,0xE0,0x00,0x22,0x1B,0xE0,0x06,0x9B,
    0x56,0x00,0x9B,0x5F,0x63,0x45,0x15,0xDD,0x05,0x9B,0x66,0x00,0x9B,0x5F,0x63,0x45,
    0x10,0xDC,0x23,0x46,0x6B,0x43,0x9B,0x18,0x5E,0x00,0x02,0x9B,0x49,0x1C,0x9B,0x5F,
    0xBE,0x5F,0x9E,0x46,0x9B,0x1B,0x00,0x2B,0x01,0xDC,0x73,0x46,0xF3,0x1A,0x0F,0x2B,
    0x00,0xDB,0xC0,0x18,0x52,0x1C,0xAA,0x42,0xE1,0xDB,0x64,0x1C,0x01,0x9A,0x94,0x42,
    0xDB,0xDB,0x00,0x29,0x00,0xD1,0x01,0x21,0x07,0xF0,0x11,0xFE,0x64,0x28,0x00,0xDB,
    0x64,0x20,0x04,0x99,0x0A,0x22,0x40,0x31,0x08,0x70,0x07,0x28,0x0A,0xDD,0x00,0x9B,
    0xC0,0x1F,0xDB,0x7F,0x11,0x46,0x18,0x18,0x0A,0x28,0x00,0xDA,0x01,0x46,0x00,0x98,
    0xC1,0x77,0x06,0xE0,0x00,0x98,0xC0,0x7F,0x00,0x28,0x02,0xD0,0x00,0x99,0x40,0x1E,
    0xC8,0x77,0x03,0x98,0x00,0x8A,0x78,0x28,0x01,0xD9,0x00,0x98,0xC2,0x77,0x00,0x20,
    0x07,0xB0,0xF0,0xBD,0xFF,0xB5,0x00,0x20,0x8D,0xB0,0x08,0x90,0x00,0x90,0x03,0x90,
    0x01,0x90,0x07,0x46,0x06,0x46,0x18,0x7B,0x99,0x7B,0x02,0x91,0x59,0x7B,0x05,0x91,
    0xD9,0x7B,0x04,0x91,0x0F,0x99,0x1D,0x46,0x49,0x78,0x07,0x91,0x00,0x21,0x09,0x91,
    0x0E,0x99,0x00,0x29,0x10,0xD1,0x02,0x99,0x40,0x1E,0x49,0x1C,0x02,0x91,0x05,0x99,
    0x49,0x1E,0x05,0x91,0x04,0x99,0x05,0x9A,0x49,0x1C,0x04,0x91,0x89,0x1A,0x49,0x1C,
    0x07,0x91,0x41,0x43,0x89,0x18,0x09,0x91,0x02,0x99,0x06,0x90,0x88,0x42,0x6E,0xDC,
    0x05,0x9B,0x66,0xE0,0x07,0x99,0x48,0x43,0xC1,0x18,0x09,0x98,0x08,0x1A,0x00,0xB2,
    0x0D,0x99,0x42,0x00,0x8C,0x5E,0x00,0x2C,0x5A,0xDD,0x0E,0x99,0x00,0x29,0x14,0xD0,
    0x08,0x5C,0xE9,0x78,0x88,0x42,0x01,0xD0,0x14,0x28,0x51,0xD3,0x15,0x28,0x00,0xD1,
    0x64,0x10,0x0F,0x98,0x80,0x7C,0xA0,0x42,0x07,0xDC,0xA8,0x78,0xC1,0x07,0x40,0x08,
    0xC9,0x0F,0x40,0x1C,0x40,0x00,0x01,0x43,0xA9,0x70,0x0F,0x98,0x02,0x78,0xC0,0x30,
    0x0B,0x90,0x06,0x99,0x52,0x1E,0x40,0x69,0x09,0xB2,0x03,0xF0,0x5D,0xFA,0x0A,0x90,
    0x0F,0x98,0x19,0xB2,0x42,0x78,0x0B,0x98,0x52,0x1E,0x80,0x69,0x03,0xF0,0x54,0xFA,
    0x02,0x46,0x08,0x98,0xA0,0x42,0x04,0xDA,0x20,0xB2,0x08,0x90,0x06,0x98,0x28,0x70,
    0x6B,0x70,0x01,0x20,0x40,0x02,0x84,0x42,0x00,0xDA,0x20,0x46,0x40,0x43,0x00,0x9C,
    0x01,0x46,0x04,0x19,0x50,0x43,0x03,0x9A,0x00,0x94,0x10,0x41,0x01,0x22,0x12,0x06,
    0x04,0xE0,0x03,0x9C,0x7F,0x10,0x64,0x1C,0x40,0x10,0x03,0x94,0x3C,0x18,0x94,0x42,
    0xF7,0xDA,0x3F,0x18,0x0A,0x98,0x41,0x43,0x01,0x98,0x01,0x41,0x04,0xE0,0x01,0x98,
    0x76,0x10,0x40,0x1C,0x49,0x10,0x01,0x90,0x70,0x18,0x90,0x42,0xF7,0xDA,0x76,0x18,
    0x5B,0x1C,0x04,0x98,0x83,0x42,0x06,0x98,0x94,0xDD,0x40,0x1C,0x8C,0xE7,0xA9,0x78,
    0x03,0x20,0xCA,0x07,0xD2,0x0F,0x49,0x08,0x03,0x29,0x00,0xD9,0x08,0x46,0x40,0x00,
    0x02,0x43,0xAA,0x70,0x00,0x98,0x00,0x28,0x1B,0xDD,0x01,0x46,0x03,0x98,0x01,0x41,
    0x38,0x46,0x07,0xF0,0x3C,0xFD,0x04,0x46,0x00,0x99,0x01,0x98,0x01,0x41,0x30,0x46,
    0x07,0xF0,0x35,0xFD,0x06,0x46,0x40,0x23,0x01,0x21,0x20,0x46,0x0F,0x9A,0x00,0xF0,
    0xC7,0xFA,0x28,0x81,0x40,0x23,0x00,0x21,0x30,0x46,0x0F,0x9A,0x00,0xF0,0xC0,0xFA,
    0x68,0x81,0x00,0x20,0x11,0xB0,0xF0,0xBD,0xFF,0xB5,0x05,0x46,0x10,0x88,0x89,0xB0,
    0x16,0x46,0x00,0x28,0x7E,0xD0,0x00,0x20,0x00,0x90,0x0A,0x99,0x10,0x20,0x4C,0x78,
    0x0F,0x78,0x21,0x46,0x79,0x43,0x09,0x09,0x10,0x29,0x00,0xD3,0x08,0x46,0x0A,0x99,
    0x09,0x7A,0x49,0x06,0x15,0xD5,0x71,0x88,0x00,0x29,0x12,0xD0,0x81,0x42,0x10,0xDA,
    0xBC,0x42,0x00,0xD8,0x3C,0x46,0x21,0x46,0x07,0xF0,0x01,0xFD,0x00,0x19,0x44,0x00,
    0xA4,0x1D,0x04,0xF0,0x3B,0xFA,0x00,0x90,0x70,0x88,0x00,0x19,0x40,0x00,0x08,0xF0,
    0x7B,0xF9,0x0A,0x98,0x80,0x78,0x80,0x1C,0x05,0x90,0x00,0x20,0x04,0x90,0xB0,0x68,
    0x06,0x90,0x00,0x20,0xAD,0xE0,0xC1,0x00,0x06,0x98,0x08,0x18,0x84,0x46,0x42,0x78,
    0x0A,0x98,0x20,0x30,0x00,0x7A,0x82,0x42,0x7E,0xD9,0x04,0x9B,0x05,0x98,0x83,0x42,
    0x15,0xDB,0xFF,0x22,0x00,0x20,0x09,0xE0,0x0C,0x9C,0x07,0x01,0x3F,0x19,0xBC,0x88,
    0x94,0x42,0x02,0xDA,0x04,0x22,0xBA,0x5E,0x03,0x46,0x40,0x1C,0x05,0x9C,0xA0,0x42,
    0xF2,0xDB,0xB0,0x68,0x4C,0x1C,0x00,0x5D,0x90,0x42,0x65,0xDB,0x01,0xE0,0x58,0x1C,
    0x04,0x90,0x0C,0x98,0x1A,0x01,0x14,0x18,0x06,0x98,0x67,0x46,0x40,0x5C,0x3F,0x1D,
    0x40,0x08,0xE0,0x70,0x06,0x9A,0xA0,0x78,0x52,0x5C,0x40,0x08,0xD2,0x07,0x40,0x00,
    0xD2,0x0F,0x10,0x43,0xA0,0x70,0x60,0x46,0x40,0x78,0xA0,0x80,0xA0,0x78,0xC0,0x07,
    0xC0,0x0F,0xA0,0x70,0x38,0x88,0xA0,0x81,0x78,0x88,0xE0,0x81,0x00,0x98,0x00,0x28,
    0x03,0xD0,0x06,0x98,0x40,0x5C,0xC0,0x07,0x05,0xD0,0x71,0x68,0x23,0x46,0x28,0x68,
    0x0A,0x9A,0x5A,0xE0,0x69,0xE0,0xF8,0x78,0x79,0x78,0x41,0x1A,0xC9,0x1C,0x02,0x91,
    0xB8,0x78,0x39,0x78,0x40,0x1A,0xC0,0x1C,0x02,0x99,0x01,0x90,0x41,0x43,0x49,0x00,
    0x00,0x98,0xFF,0xF7,0x5E,0xF8,0x38,0x78,0x14,0x21,0x69,0x56,0x40,0x1E,0x48,0x43,
    0x79,0x78,0x40,0x18,0x40,0x1E,0x86,0x46,0x01,0x99,0x01,0x20,0x49,0x1E,0x03,0x91,
    0x2F,0xE0,0x02,0x9A,0x01,0x21,0x52,0x1E,0x94,0x46,0x26,0xE0,0x14,0x22,0xAA,0x56,
    0x73,0x46,0x42,0x43,0xCB,0x18,0xD2,0x18,0x73,0x68,0xE7,0x78,0x9B,0x5C,0xBB,0x42,
    0x01,0xD0,0x14,0x2B,0x18,0xD3,0x2B,0x68,0x52,0x00,0x9F,0x5E,0x0A,0x9B,0x9B,0x7C,
    0x9F,0x42,0x09,0xDD,0xA3,0x78,0x00,0xE0,0x21,0xE0,0xDF,0x07,0x5B,0x08,0xFF,0x0F,
    0x5B,0x1C,0x5B,0x00,0x1F,0x43,0xA7,0x70,0x2B,0x68,0x9B,0x5A,0x02,0x9A,0x42,0x43,
    0x52,0x18,0x57,0x00,0x00,0x9A,0xD3,0x53,0x49,0x1C,0x61,0x45,0xD6,0xDB,0x03,0x99,
    0x40,0x1C,0x88,0x42,0xCD,0xDB,0x00,0x9B,0x01,0x9A,0x18,0x46,0x02,0x99,0x03,0xF0,
    0xA1,0xF8,0x23,0x46,0x00,0x21,0x0A,0x9A,0x00,0x98,0xFF,0xF7,0x53,0xFE,0x07,0x98,
    0x40,0x1C,0x00,0x21,0x07,0x90,0x71,0x5E,0x81,0x42,0x00,0xDD,0x4B,0xE7,0x00,0x98,
    0x00,0x28,0x01,0xD0,0x08,0xF0,0xD8,0xF8,0x04,0x98,0x0D,0xB0,0xF0,0xBD,0x00,0x00,
    0xFF,0xB5,0x00,0x20,0x84,0x46,0x06,0x46,0x04,0x46,0x03,0x46,0x83,0xB0,0x0D,0x78,
    0x88,0x78,0x8E,0x46,0x01,0x90,0x2A,0xE0,0x70,0x46,0x42,0x78,0xC0,0x78,0x00,0x90,
    0x21,0xE0,0x03,0x98,0x14,0x27,0xC7,0x57,0x00,0x68,0x6F,0x43,0xBF,0x18,0x79,0x00,
    0x40,0x5E,0x00,0x28,0x15,0xDD,0x0C,0x99,0xCF,0x5D,0x06,0x99,0x0F,0x40,0x05,0x99,
    0x8F,0x42,0x01,0xD0,0x15,0x2F,0x0C,0xD1,0x61,0x46,0x09,0x18,0x8C,0x46,0x07,0x46,
    0x98,0x42,0x00,0xDC,0x1F,0x46,0x3B,0x46,0x0E,0x9F,0x76,0x1C,0xB8,0x42,0x00,0xDD,
    0x64,0x1C,0x00,0x98,0x52,0x1C,0x90,0x42,0xDB,0xDA,0x01,0x98,0x6D,0x1C,0xA8,0x42,
    0xD2,0xDA,0x0E,0x99,0x00,0x20,0x8B,0x42,0x2E,0xDB,0x08,0x46,0x60,0x43,0x61,0x46,
    0x0F,0x1A,0x0D,0x99,0x0A,0x22,0x51,0x43,0x0E,0x9A,0x01,0x20,0x89,0x1A,0x05,0x46,
    0x01,0x29,0x00,0xDD,0x0D,0x46,0x01,0x2C,0x00,0xDB,0x20,0x46,0x04,0x21,0x04,0x2E,
    0x00,0xDD,0x31,0x46,0x0F,0x4A,0x50,0x43,0x07,0xF0,0xD9,0xFB,0x01,0x46,0x38,0x46,
    0x48,0x43,0x29,0x46,0x07,0xF0,0xD3,0xFB,0x04,0x46,0x06,0xF0,0x3D,0xFB,0xC0,0x1F,
    0x01,0x28,0x0D,0xDD,0x20,0x46,0x06,0xF0,0x37,0xFB,0xC0,0x1F,0xFF,0x28,0x05,0xDA,
    0x20,0x46,0x06,0xF0,0x31,0xFB,0xC0,0x1F,0x07,0xB0,0xF0,0xBD,0xFF,0x20,0xFB,0xE7,
    0x01,0x20,0xF9,0xE7,0xFC,0x08,0x00,0x00,0xF7,0xB5,0x48,0x6F,0x8E,0xB0,0x0D,0x46,
    0x00,0x28,0x3A,0xD0,0x0E,0x98,0x15,0x21,0x41,0x56,0x00,0x91,0x01,0x46,0x14,0x20,
    0x08,0x56,0x01,0x90,0x0E,0x68,0x00,0x99,0xEF,0x6E,0x48,0x43,0x0C,0x90,0x40,0x00,
    0x3C,0x18,0x00,0x20,0x84,0x46,0xA8,0x6F,0x01,0x9B,0x86,0x46,0x41,0x7C,0x00,0x9A,
    0x00,0x20,0x5A,0x43,0x05,0x92,0x05,0xE0,0x42,0x00,0xB2,0x5E,0x8A,0x42,0x06,0xDA,
    0x05,0x9A,0x40,0x1C,0x82,0x42,0xF7,0xDC,0x60,0x46,0x00,0x28,0x09,0xD0,0x3B,0x46,
    0x30,0x46,0x00,0x9A,0x01,0x99,0x02,0xF0,0xE5,0xFF,0x00,0x20,0x08,0x97,0x04,0x90,
    0x25,0xE0,0x71,0x46,0x00,0x20,0x20,0x31,0x88,0x74,0x20,0x70,0x60,0x71,0xA0,0x79,
    0xC0,0x09,0xC0,0x01,0x00,0x1D,0xA0,0x71,0x00,0x20,0x11,0xB0,0xF0,0xBD,0x41,0x00,
    0x73,0x5E,0x79,0x5E,0x00,0x22,0x49,0x10,0x59,0x1A,0x14,0x31,0x02,0x29,0x0B,0xDB,
    0xFF,0x22,0xFF,0x29,0x00,0xDA,0x0A,0x46,0xA9,0x6F,0x12,0xB2,0x89,0x7C,0x8B,0x42,
    0x02,0xDD,0x04,0x99,0x49,0x1C,0x04,0x91,0x08,0x99,0x0A,0x54,0x40,0x1C,0x05,0x99,
    0x81,0x42,0xE4,0xDC,0x0C,0x99,0x08,0x98,0x1F,0x22,0x08,0x18,0x07,0x90,0xFE,0xF7,
    0x21,0xFF,0x01,0x99,0x00,0x98,0x80,0x26,0x40,0x18,0x06,0x21,0x48,0x43,0x80,0x28,
    0x00,0xD9,0x06,0x46,0x04,0xF0,0x8A,0xF8,0x0C,0x90,0x30,0x46,0xFF,0x30,0x41,0x30,
    0x07,0xF0,0xCA,0xFF,0x0C,0x9F,0xFF,0x22,0x80,0x21,0x38,0x46,0xFE,0xF7,0x0A,0xFF,
    0x0C,0x98,0xFF,0x21,0x80,0x19,0x41,0x31,0x06,0x90,0xFE,0xF7,0x0A,0xFF,0xA8,0x6F,
    0x6A,0x46,0x41,0x7C,0x11,0x73,0x80,0x7C,0x50,0x73,0xA8,0x6F,0xC0,0x7C,0x90,0x73,
    0xA8,0x6F,0x20,0x30,0x00,0x7A,0xD0,0x73,0xAB,0x6F,0x06,0x99,0x32,0x33,0x03,0xAA,
    0x68,0x46,0x0E,0xC0,0x3B,0x46,0x0E,0x9A,0x07,0x99,0x08,0x98,0x02,0xF0,0xB6,0xFA,
    0x06,0x00,0x01,0xD1,0x20,0x70,0x60,0x70,0x01,0x27,0x0C,0x9A,0x01,0x92,0x02,0x97,
    0x00,0x96,0x06,0x9B,0x0E,0x9A,0x07,0x99,0x08,0x98,0x01,0xF0,0xBD,0xFF,0x7F,0x1E,
    0xF3,0xD5,0x05,0x98,0x5A,0x21,0x40,0x10,0x5A,0x28,0x00,0xDD,0x01,0x46,0xA8,0x6F,
    0x42,0x7E,0x00,0x2A,0x2A,0xD0,0x04,0x9A,0x8A,0x42,0x27,0xDC,0x02,0x7A,0x04,0xAB,
    0x92,0x06,0xD2,0x0F,0x12,0x01,0x11,0x46,0x6A,0x46,0x11,0x74,0xC0,0x7C,0x90,0x74,
    0xA8,0x6F,0x3D,0x21,0x40,0x7C,0xD0,0x74,0xA8,0x6F,0x40,0x7D,0x48,0x43,0x80,0x30,
    0x00,0x0A,0x50,0x74,0xA8,0x6F,0x19,0x21,0x40,0x7E,0x48,0x43,0xD0,0x82,0xA8,0x6F,
    0x71,0xB2,0x20,0x30,0x00,0x7A,0x10,0x75,0x02,0x93,0x01,0x94,0x00,0x91,0x06,0x9B,
    0x07,0x9A,0x08,0x99,0x0E,0x98,0x01,0xF0,0xE1,0xFE,0x06,0x46,0x00,0x20,0x20,0x56,
    0xB0,0x42,0x36,0x48,0x20,0x56,0x16,0xD0,0x03,0x28,0x08,0xDA,0x26,0x70,0x02,0x20,
    0x20,0x56,0xB0,0x42,0x01,0xD1,0xE0,0x78,0x10,0xE0,0x00,0x20,0x0E,0xE0,0x02,0x21,
    0x61,0x56,0xB1,0x42,0x02,0xD1,0xE1,0x78,0x49,0x1C,0x01,0xE0,0xA6,0x70,0x00,0x21,
    0xE1,0x70,0x40,0x10,0x02,0xE0,0x7F,0x28,0x01,0xDA,0x40,0x1C,0x60,0x70,0x00,0x20,
    0x69,0x46,0x88,0x84,0xC8,0x84,0x0C,0x98,0x0B,0x90,0x07,0x98,0x00,0x27,0x0A,0x90,
    0x36,0xE0,0x38,0x01,0x06,0x99,0x05,0x90,0x44,0x18,0xA0,0x78,0x00,0x28,0x2E,0xD0,
    0x69,0x46,0x24,0x20,0x08,0x5E,0x14,0x28,0x29,0xDA,0x0B,0x99,0xC0,0x00,0x08,0x18,
    0x21,0x46,0x08,0x31,0x08,0x22,0xFE,0xF7,0x45,0xFE,0x6A,0x46,0x24,0x20,0x10,0x5E,
    0x0B,0x99,0xC0,0x00,0x06,0x9B,0x05,0x9A,0x09,0x5C,0x9A,0x5C,0xC9,0x07,0xC9,0x0F,
    0x52,0x00,0x11,0x43,0x0B,0x9A,0x11,0x54,0xE0,0x7B,0x61,0x7B,0x22,0x7B,0x40,0x1A,
    0xA1,0x7B,0x40,0x1C,0x89,0x1A,0x6A,0x46,0x49,0x1C,0xD2,0x8C,0x48,0x43,0x82,0x42,
    0x01,0xDA,0x69,0x46,0xC8,0x84,0x69,0x46,0x88,0x8C,0x40,0x1C,0x88,0x84,0x7F,0x1C,
    0xB7,0x42,0xC6,0xDB,0xA9,0x6F,0x09,0xAA,0x10,0x9B,0x0E,0x98,0xFF,0xF7,0x4C,0xFD,
    0x04,0x46,0x0C,0x98,0x07,0xF0,0x10,0xFF,0x20,0x46,0xEE,0xE6,0x01,0x00,0x00,0x00,
    0xF8,0xB5,0x06,0x46,0x90,0x7D,0x1F,0x46,0x00,0x29,0x01,0xD0,0x05,0x09,0x01,0xE0,
    0x05,0x07,0x2D,0x0F,0x00,0x29,0x01,0xD0,0xD0,0x7D,0x00,0xE0,0x10,0x7E,0x00,0x90,
    0x00,0x29,0x01,0xD0,0x94,0x88,0x00,0xE0,0xD4,0x88,0x70,0x02,0x21,0x02,0x40,0x1A,
    0x79,0x00,0xFF,0x30,0x61,0x1A,0x01,0x30,0x49,0x1E,0x07,0xF0,0x48,0xFA,0xFF,0x22,
    0xD2,0x43,0x90,0x42,0x03,0xDD,0x52,0x42,0xFF,0x28,0x00,0xDC,0x02,0x46,0x10,0x46,
    0x50,0x43,0x00,0x12,0x00,0x21,0x02,0xE0,0x40,0x43,0x00,0x12,0x49,0x1C,0xA9,0x42,
    0xFA,0xDB,0x00,0x2A,0x00,0xDA,0x40,0x42,0x00,0x99,0x78,0x43,0x48,0x43,0x00,0x02,
    0x64,0x21,0x07,0xF0,0x2C,0xFA,0x31,0x04,0x08,0x18,0x01,0x14,0x00,0x20,0x00,0x29,
    0x04,0xDD,0x62,0x1E,0x08,0x46,0x91,0x42,0x00,0xDB,0x60,0x1E,0xF8,0xBD,0x00,0x00,
    0xF3,0xB5,0x01,0x20,0x89,0xB0,0x40,0x02,0x08,0x90,0x00,0x20,0x0A,0x99,0x02,0x90,
    0x88,0x42,0x7D,0xDA,0x14,0x21,0x48,0x43,0x09,0x99,0x0B,0x5C,0x00,0x2B,0x78,0xD0,
    0x42,0x18,0x01,0x92,0x9C,0x00,0x5F,0x4B,0xD0,0x89,0x1E,0x59,0x14,0x33,0x91,0x89,
    0x1D,0x59,0x92,0x78,0x83,0x1B,0x4F,0x1B,0x05,0x2A,0x0D,0xD2,0x04,0x2A,0x08,0xD1,
    0x58,0x4A,0x50,0x3A,0x13,0x51,0x14,0x32,0x17,0x51,0x14,0x32,0x16,0x51,0x14,0x32,
    0x15,0x51,0x54,0x4A,0x10,0x51,0x9D,0xE0,0x52,0x4A,0x50,0x3A,0x12,0x59,0x96,0x46,
    0x92,0x00,0xD3,0x18,0x4F,0x4A,0x3C,0x3A,0x12,0x59,0x94,0x46,0x92,0x00,0xD7,0x19,
    0x72,0x46,0x9B,0x1A,0x62,0x46,0xBF,0x1A,0x9A,0x10,0xBB,0x10,0x49,0x4F,0x50,0x3F,
    0x3A,0x51,0x14,0x37,0x3B,0x51,0xB2,0x18,0x57,0x00,0xD2,0x19,0x10,0x18,0xEA,0x18,
    0x53,0x00,0xD2,0x18,0x51,0x18,0x80,0x10,0x89,0x10,0x00,0x28,0x05,0xDD,0x42,0x4A,
    0x12,0x8F,0x82,0x42,0x02,0xDC,0x10,0x46,0x00,0xE0,0x00,0x20,0x00,0x29,0x05,0xDD,
    0x3D,0x4A,0x52,0x8F,0x8A,0x42,0x02,0xDC,0x11,0x46,0x00,0xE0,0x00,0x21,0x33,0x1A,
    0x00,0x91,0x00,0x2B,0x01,0xDD,0x19,0x46,0x00,0xE0,0x81,0x1B,0x4A,0x00,0x8F,0x18,
    0x00,0x99,0x69,0x1A,0x00,0x29,0x01,0xDD,0x0A,0x46,0x01,0xE0,0x00,0x9A,0x52,0x1B,
    0xBA,0x18,0xD7,0x0F,0xBA,0x18,0x52,0x10,0x00,0x29,0x01,0xDC,0x00,0x99,0x49,0x1B,
    0x4F,0x00,0xC9,0x19,0x00,0x2B,0x00,0xDC,0x83,0x1B,0xC9,0x18,0xCB,0x0F,0x59,0x18,
    0x08,0x9B,0x49,0x10,0x8F,0x18,0x9C,0x46,0x9F,0x42,0x00,0xD9,0x67,0x46,0x01,0xE0,
    0x46,0xE0,0x42,0xE0,0x61,0x46,0xC9,0x1B,0x0B,0x46,0x06,0x91,0x71,0x43,0x8A,0x00,
    0x89,0x18,0x8E,0x46,0x1F,0x49,0x78,0x43,0x28,0x39,0x0A,0x59,0x19,0x46,0x5B,0x00,
    0xC9,0x18,0x4A,0x43,0x05,0x91,0x61,0x46,0x49,0x08,0x40,0x18,0x04,0x91,0x61,0x46,
    0x72,0x44,0xC0,0x00,0xC9,0x00,0x80,0x18,0x03,0x91,0x07,0xF0,0x94,0xF9,0x06,0x99,
    0x07,0x90,0x69,0x43,0x88,0x00,0x08,0x18,0x12,0x49,0x14,0x39,0x0A,0x59,0x05,0x99,
    0x4A,0x43,0x10,0x18,0x00,0x9A,0x04,0x99,0x7A,0x43,0x51,0x18,0xC9,0x00,0x08,0x18,
    0x03,0x99,0x07,0xF0,0x80,0xF9,0x0B,0x49,0x28,0x39,0x0E,0x51,0x14,0x31,0x0D,0x51,
    0x07,0x99,0x01,0x9A,0x89,0xB2,0xD1,0x81,0x01,0x9A,0x90,0x81,0x05,0x48,0x01,0x51,
    0x01,0x98,0x81,0x89,0x03,0x48,0x14,0x30,0x01,0x51,0x02,0x98,0x40,0x1C,0x35,0xE7,
    0x0B,0xB0,0xF0,0xBD,0x30,0x22,0x00,0x20,0xB8,0x08,0x00,0x20,0xFF,0xB5,0x00,0x20,
    0x83,0xB0,0x52,0x00,0x04,0x46,0x01,0x46,0x00,0x90,0x05,0x46,0x03,0x9E,0x5F,0x42,
    0x01,0x92,0x18,0xE0,0x00,0x22,0xB2,0x5E,0x00,0x2A,0x07,0xDD,0x9A,0x42,0x01,0xDA,
    0x10,0x18,0x00,0xE0,0xC0,0x18,0x49,0x1C,0x49,0xB2,0x08,0xE0,0xBA,0x42,0x01,0xDD,
    0x14,0x19,0x00,0xE0,0xE4,0x1A,0x00,0x9A,0x52,0x1C,0x52,0xB2,0x00,0x92,0x01,0x9A,
    0x96,0x19,0x6D,0x1C,0xED,0xB2,0x04,0x9A,0x95,0x42,0xE3,0xD3,0x00,0x29,0x03,0xDD,
    0x07,0xF0,0x1D,0xF9,0x05,0x46,0x00,0xE0,0x00,0x25,0x00,0x98,0x00,0x28,0x05,0xDD,
    0x01,0x46,0x20,0x46,0x07,0xF0,0x13,0xF9,0x03,0x46,0x00,0xE0,0x00,0x23,0x00,0x22,
    0x6C,0x10,0x03,0x98,0x11,0xE0,0x00,0x21,0x41,0x5E,0x00,0x29,0x05,0xDB,0xA9,0x42,
    0x01,0xDD,0x09,0x1B,0x04,0xE0,0x00,0x21,0x02,0xE0,0x99,0x42,0xFB,0xDA,0xC9,0x1A,
    0x01,0x80,0x01,0x99,0x08,0x18,0x52,0x1C,0xD2,0xB2,0x04,0x99,0x8A,0x42,0xEA,0xD3,
    0x07,0xB0,0xF0,0xBD,0x10,0xB5,0x04,0x48,0x80,0x68,0x80,0x47,0x02,0x49,0x01,0x20,
    0x08,0x39,0x88,0x70,0x10,0xBD,0x00,0x00,0xD8,0x22,0x00,0x20,0x02,0x48,0x41,0x88,
    0x11,0x22,0x11,0x43,0x41,0x80,0x70,0x47,0x00,0x10,0x00,0x40,0xF7,0xB5,0x0F,0x46,
    0x01,0x07,0x84,0xB0,0x09,0x0F,0x00,0x09,0x01,0x91,0x00,0x90,0xC0,0x00,0x3D,0x49,
    0x03,0x90,0x46,0x18,0x01,0x99,0x01,0x20,0x88,0x40,0xC5,0xB2,0x02,0x90,0x30,0x46,
    0x00,0xF0,0xE0,0xFD,0x04,0x46,0x00,0x20,0x00,0x2F,0x08,0xD0,0x01,0x2F,0x14,0xD0,
    0x02,0x2F,0x20,0xD0,0x03,0x2F,0x2C,0xD0,0x04,0x2F,0x38,0xD0,0x44,0xE0,0x20,0x78,
    0xA8,0x43,0x20,0x70,0x60,0x78,0x28,0x43,0x60,0x70,0xA0,0x78,0xA8,0x43,0xA0,0x70,
    0xE0,0x78,0xA8,0x43,0xE0,0x70,0x04,0x20,0x36,0xE0,0x20,0x78,0x28,0x43,0x20,0x70,
    0x60,0x78,0x28,0x43,0x60,0x70,0xA0,0x78,0xA8,0x43,0xA0,0x70,0xE0,0x78,0xA8,0x43,
    0xE0,0x70,0x0C,0x20,0x28,0xE0,0x20,0x78,0x28,0x43,0x20,0x70,0x60,0x78,0xA8,0x43,
    0x60,0x70,0xA0,0x78,0xA8,0x43,0xA0,0x70,0xE0,0x78,0xA8,0x43,0xE0,0x70,0x08,0x20,
    0x1A,0xE0,0x20,0x78,0xA8,0x43,0x20,0x70,0x60,0x78,0xA8,0x43,0x60,0x70,0xA0,0x78,
    0x28,0x43,0xA0,0x70,0xE0,0x78,0xA8,0x43,0xE0,0x70,0x02,0x20,0x0C,0xE0,0x20,0x78,
    0xA8,0x43,0x20,0x70,0x60,0x78,0xA8,0x43,0x60,0x70,0xA0,0x78,0xA8,0x43,0xA0,0x70,
    0xE0,0x78,0x28,0x43,0xE0,0x70,0x01,0x20,0x06,0x99,0x00,0x29,0x0B,0xD0,0x0E,0x4B,
    0x00,0x99,0x02,0x9F,0x5D,0x5C,0x01,0x9A,0x3D,0x43,0x5D,0x54,0x03,0x99,0x08,0x33,
    0xC9,0x18,0x88,0x54,0x03,0xE0,0x21,0x46,0x00,0x98,0x07,0xF0,0xCD,0xF9,0x20,0x78,
    0x30,0x70,0x60,0x78,0x70,0x70,0xA0,0x78,0xB0,0x70,0xE0,0x78,0xF0,0x70,0x07,0xB0,
    0xF0,0xBD,0x00,0x00,0x40,0x03,0x00,0x40,0x78,0x23,0x00,0x20,0x01,0x09,0x00,0x07,
    0xC9,0x00,0x00,0x0F,0x08,0x18,0x1E,0x28,0x05,0xD2,0x09,0x28,0x01,0xD2,0x0C,0x30,
    0x06,0xE0,0x09,0x38,0x04,0xE0,0x35,0x28,0x01,0xD2,0x0B,0x38,0x00,0xE0,0x20,0x38,
    0xC0,0xB2,0x70,0x47,0x70,0xB5,0x40,0x07,0x0D,0x4C,0x40,0x0F,0x24,0x5C,0x48,0x07,
    0x0B,0x49,0x40,0x0F,0x08,0x31,0x0D,0x5C,0x04,0x9E,0x00,0x2B,0x0E,0xD0,0x08,0x46,
    0x0A,0x21,0x4C,0x43,0x06,0x49,0x10,0x38,0x80,0x5C,0x09,0x1F,0xC9,0x5C,0x70,0x43,
    0x60,0x43,0x69,0x43,0x07,0xF0,0x47,0xF8,0x80,0xB2,0x70,0xBD,0x00,0x20,0x70,0xBD,
    0x1C,0x89,0x00,0x00,0xFE,0xB5,0x0E,0x46,0x01,0x46,0x40,0x06,0xC4,0x0F,0x58,0x08,
    0x9C,0x46,0x01,0x23,0xDB,0x03,0x02,0x90,0x08,0x9F,0xC0,0x18,0x7B,0x00,0x8D,0x06,
    0x8F,0x06,0x00,0x91,0xBF,0x0E,0xB9,0x1C,0x01,0x91,0x79,0x1C,0xAD,0x0E,0x7F,0x1E,
    0x9E,0x46,0x90,0x42,0x16,0xD2,0x60,0x46,0x13,0x1A,0x01,0x20,0xC0,0x03,0x1B,0x1A,
    0x00,0x2B,0x04,0xDC,0x63,0x46,0x98,0x1A,0x01,0x22,0xD2,0x03,0x83,0x18,0x98,0xB2,
    0x00,0x2C,0x14,0xD0,0x00,0x2D,0x1F,0xD1,0x00,0x24,0x20,0xE0,0x3F,0x29,0x1F,0xD9,
    0x3F,0x21,0x1D,0xE0,0x01,0x20,0x02,0x9B,0xC0,0x03,0xC3,0x1A,0x93,0x42,0x1E,0xD9,
    0x83,0x1A,0x00,0x2B,0x00,0xDC,0x13,0x1A,0x98,0xB2,0x00,0x2C,0x0A,0xD0,0x86,0x45,
    0xEC,0xD2,0x01,0x9A,0xB2,0x42,0xE9,0xD2,0x08,0x99,0x06,0xF0,0xFC,0xFF,0x40,0x19,
    0xC1,0xB2,0xE3,0xE7,0x00,0x2D,0x01,0xD0,0xF9,0xB2,0xDF,0xE7,0x01,0x24,0x01,0x21,
    0xB1,0x42,0x04,0xD2,0xA0,0x01,0x08,0x43,0x80,0x21,0x08,0x43,0x00,0x90,0x00,0x98,
    0xFE,0xBD,0x00,0x00,0xFF,0xB5,0x07,0x46,0x83,0xB0,0x44,0x49,0x04,0x20,0x05,0xF0,
    0xBB,0xFA,0x43,0x4C,0x01,0x25,0x25,0x80,0x42,0x48,0x61,0x21,0x01,0x72,0x60,0x21,
    0x41,0x72,0x02,0x20,0x00,0xF0,0xAE,0xF8,0x65,0x80,0x3F,0x48,0x0F,0x21,0x81,0x70,
    0x38,0x21,0x01,0x70,0x07,0x21,0xC1,0x70,0xFF,0x20,0xF1,0x30,0xE0,0x80,0x11,0x20,
    0x00,0x02,0x20,0x81,0x10,0x20,0xA0,0x80,0x00,0x24,0x61,0xE0,0x04,0x98,0x36,0x4A,
    0x00,0x5D,0x20,0x32,0x41,0x00,0x89,0x18,0x33,0x4A,0x00,0x91,0xC1,0x08,0x08,0x32,
    0x8A,0x18,0x31,0x49,0x01,0x92,0x60,0x39,0x46,0x18,0x40,0x07,0x40,0x0F,0x2E,0x4A,
    0x07,0x21,0xD1,0x70,0x80,0x21,0x31,0x70,0x01,0x21,0x01,0x9A,0x81,0x40,0x11,0x70,
    0x38,0x5D,0x00,0x21,0x00,0x9A,0x05,0xF0,0x21,0xFE,0x05,0x46,0x38,0x5D,0x80,0x21,
    0x00,0x9A,0x05,0xF0,0x1B,0xFE,0x25,0x49,0x42,0x1B,0x52,0x18,0x49,0x00,0x8A,0x42,
    0x1A,0xD9,0x21,0x48,0x77,0x21,0xC1,0x70,0xF0,0x20,0x30,0x70,0x38,0x5D,0x80,0x21,
    0x00,0x9A,0x05,0xF0,0x0B,0xFE,0x01,0x21,0xC9,0x03,0x41,0x1A,0x8A,0x00,0x89,0x18,
    0x40,0x1A,0x80,0xB2,0x19,0x49,0x42,0x1B,0x52,0x18,0x49,0x00,0x8A,0x42,0x03,0xD8,
    0x16,0x48,0x40,0x42,0x28,0x18,0x80,0xB2,0x00,0x21,0x31,0x70,0x01,0x9A,0x11,0x70,
    0x41,0x1B,0x00,0x29,0x00,0xDC,0x29,0x1A,0x89,0xB2,0xB4,0x29,0x00,0xD2,0x01,0x21,
    0x06,0x98,0x00,0x28,0x06,0xD0,0x0E,0x48,0x49,0x1C,0x06,0xF0,0x6C,0xFF,0x06,0x99,
    0x62,0x00,0x88,0x52,0x00,0x21,0x01,0x20,0x00,0xF0,0x7E,0xFC,0x64,0x1C,0xE4,0xB2,
    0x05,0x98,0x84,0x42,0x9A,0xD3,0x07,0xB0,0xF0,0xBD,0x00,0x00,0xED,0x1E,0x00,0x00,
    0x00,0x10,0x00,0x40,0x00,0x03,0x00,0x40,0x60,0x12,0x00,0x40,0xAC,0x0D,0x00,0x00,
    0x50,0x34,0x03,0x00,0xFF,0xB5,0x07,0x46,0x10,0x4C,0x81,0xB0,0x11,0x20,0x1D,0x46,
    0x16,0x46,0x60,0x80,0x04,0x20,0xFE,0xF7,0xB1,0xFE,0x0D,0x49,0xB8,0x02,0x40,0x18,
    0x02,0x99,0x09,0x01,0x08,0x43,0x00,0x2E,0x01,0xD1,0x08,0x21,0x08,0x43,0x20,0x80,
    0x00,0x2D,0x06,0xD0,0x01,0x2D,0x06,0xD0,0x00,0x22,0x20,0x21,0x04,0x20,0x06,0xF0,
    0x2D,0xFA,0x05,0xB0,0xF0,0xBD,0x00,0x22,0x21,0x21,0xF7,0xE7,0x00,0x10,0x00,0x40,
    0x43,0x03,0x00,0x00,0xF8,0xB5,0x17,0x4D,0x07,0x46,0x00,0x26,0x28,0x46,0x00,0xF0,
    0x19,0xFC,0x04,0x46,0x02,0x2F,0x04,0xD0,0x03,0x2F,0x06,0xD0,0x05,0x2F,0x0A,0xD0,
    0x0E,0xE0,0xFF,0x20,0x20,0x70,0x00,0x20,0x07,0xE0,0x00,0x20,0x20,0x70,0x60,0x70,
    0xFF,0x21,0xA1,0x70,0x03,0xE0,0x00,0x20,0x20,0x70,0x60,0x70,0xA0,0x70,0xE0,0x70,
    0x21,0x46,0x30,0x46,0x07,0xF0,0x50,0xF8,0x20,0x78,0x28,0x70,0x60,0x78,0x68,0x70,
    0xA0,0x78,0xA8,0x70,0xE0,0x78,0xE8,0x70,0x76,0x1C,0xF6,0xB2,0x08,0x35,0x08,0x2E,
    0xD4,0xD3,0xF8,0xBD,0x40,0x03,0x00,0x40,0xF0,0xB5,0x44,0x4E,0x89,0xB0,0x30,0x7A,
    0x01,0x90,0x30,0x68,0x42,0x4F,0x00,0x90,0x3D,0x79,0x0C,0x46,0x00,0x20,0xB0,0x74,
    0x01,0x46,0xC8,0x20,0x07,0xF0,0x9A,0xF9,0x00,0x20,0x38,0x71,0x02,0x46,0x01,0x46,
    0x3B,0x48,0x10,0x30,0x00,0xF0,0x40,0xFC,0x07,0x90,0x39,0x48,0xFF,0x22,0x00,0x21,
    0x15,0x30,0x00,0xF0,0x39,0xFC,0x06,0x90,0x35,0x48,0xFF,0x22,0x00,0x21,0x14,0x30,
    0x00,0xF0,0x32,0xFC,0x05,0x90,0x32,0x48,0x00,0x22,0x11,0x46,0x13,0x30,0x00,0xF0,
    0x2B,0xFC,0x04,0x90,0x2E,0x48,0x00,0x22,0x11,0x46,0x12,0x30,0x00,0xF0,0x24,0xFC,
    0x03,0x90,0x2B,0x48,0x00,0x22,0x11,0x46,0x11,0x30,0x00,0xF0,0x1D,0xFC,0x02,0x90,
    0x07,0xF0,0x48,0xF8,0x00,0x2C,0x04,0xD0,0x00,0xF0,0xD2,0xF8,0x01,0x20,0x07,0xF0,
    0x69,0xF8,0x0A,0x20,0xFE,0xF7,0x1A,0xFE,0x01,0x22,0x22,0x21,0x0A,0x20,0x06,0xF0,
    0xA5,0xF9,0xB1,0x7C,0x00,0x29,0x2F,0xD0,0x00,0x2C,0x02,0xD0,0x00,0x20,0x07,0xF0,
    0x59,0xF8,0x3D,0x71,0x1A,0x48,0x01,0x21,0x10,0x30,0x07,0x9A,0x00,0xF0,0xFC,0xFB,
    0x17,0x48,0x01,0x21,0x15,0x30,0x06,0x9A,0x00,0xF0,0xF6,0xFB,0x14,0x48,0x01,0x21,
    0x14,0x30,0x05,0x9A,0x00,0xF0,0xF0,0xFB,0x11,0x48,0x01,0x21,0x13,0x30,0x04,0x9A,
    0x00,0xF0,0xEA,0xFB,0x0E,0x48,0x01,0x21,0x12,0x30,0x03,0x9A,0x00,0xF0,0xE4,0xFB,
    0x0B,0x48,0x01,0x21,0x11,0x30,0x02,0x9A,0x00,0xF0,0xDE,0xFB,0x00,0x99,0x01,0x98,
    0x07,0xF0,0x2C,0xF9,0x09,0xB0,0xF0,0xBD,0x80,0x07,0x02,0xD5,0x01,0x20,0x07,0xF0,
    0x29,0xF8,0x04,0x49,0xA0,0x20,0x88,0x80,0xBE,0xE7,0x00,0x00,0xF0,0x22,0x00,0x20,
    0x00,0x03,0x00,0x40,0x00,0x02,0x00,0x40,0x10,0xB5,0x09,0x4C,0x44,0x21,0x60,0x68,
    0xFE,0xF7,0x17,0xFA,0xA0,0x69,0xFF,0x22,0x41,0x79,0x60,0x68,0x11,0x30,0xFE,0xF7,
    0x09,0xFA,0x02,0xF0,0x05,0xFC,0x60,0x61,0x61,0x68,0x00,0x78,0x08,0x74,0x10,0xBD,
    0x14,0x24,0x00,0x20,0x01,0x4A,0x90,0x72,0xD1,0x72,0x70,0x47,0x68,0x23,0x00,0x20,
    0xFF,0xB5,0x0D,0x46,0x81,0xB0,0x1E,0x46,0x17,0x46,0x2C,0x49,0x02,0x20,0x05,0xF0,
    0x1B,0xF9,0x01,0x24,0xA4,0x07,0xA0,0x89,0x00,0x07,0x00,0x0F,0xA0,0x81,0x00,0x2D,
    0x35,0xD0,0xA0,0x89,0x02,0x2D,0x35,0xD0,0x30,0x21,0x08,0x43,0xA0,0x81,0x24,0x4D,
    0xC1,0x20,0x68,0x70,0x38,0x01,0x23,0x49,0x30,0x43,0x88,0x83,0x00,0x22,0x38,0x46,
    0x0A,0x99,0x00,0xF0,0x6F,0xF8,0x00,0x22,0x30,0x46,0x0A,0x99,0x00,0xF0,0x6A,0xF8,
    0x39,0x46,0x01,0x27,0x38,0x46,0x88,0x40,0x39,0x46,0xB1,0x40,0x08,0x43,0x06,0x46,
    0xC2,0xB2,0x02,0x21,0x18,0x48,0x00,0xF0,0x77,0xFB,0x17,0x48,0xF2,0xB2,0x02,0x21,
    0x40,0x1E,0x00,0xF0,0x71,0xFB,0x60,0x89,0x40,0x21,0x08,0x43,0x60,0x81,0x00,0x21,
    0x69,0x71,0x0B,0x98,0x28,0x70,0x01,0x98,0x00,0x28,0x05,0xD0,0x08,0xE0,0xA0,0x89,
    0xE0,0x21,0xCA,0xE7,0x10,0x21,0xC8,0xE7,0x28,0x78,0x80,0x22,0x10,0x43,0x28,0x70,
    0x0A,0x48,0x01,0x84,0x01,0x85,0x20,0x30,0xC1,0x71,0x87,0x72,0xC7,0x72,0x0A,0x99,
    0x01,0x73,0x0C,0x99,0x41,0x73,0x05,0xB0,0xF0,0xBD,0x00,0x00,0xB1,0x4E,0x00,0x00,
    0x00,0x20,0x00,0x40,0x20,0x11,0x00,0x40,0x12,0x03,0x00,0x40,0x48,0x23,0x00,0x20,
    0x70,0xB5,0x11,0x48,0x81,0x8B,0x80,0x8B,0x09,0x05,0x0E,0x0E,0x05,0x07,0x0F,0x4C,
    0x2D,0x0F,0x21,0x7B,0x00,0x22,0x30,0x46,0x00,0xF0,0x1C,0xF8,0x21,0x7B,0x00,0x22,
    0x28,0x46,0x00,0xF0,0x17,0xF8,0x01,0x20,0x04,0x46,0xB4,0x40,0xA8,0x40,0x04,0x43,
    0xE2,0xB2,0x02,0x21,0x06,0x48,0x00,0xF0,0x27,0xFB,0x05,0x48,0xE2,0xB2,0x02,0x21,
    0x40,0x1E,0x00,0xF0,0x21,0xFB,0x70,0xBD,0x20,0x11,0x00,0x40,0x68,0x23,0x00,0x20,
    0x12,0x03,0x00,0x40,0xF7,0xB5,0x81,0xB0,0x0F,0x46,0x01,0x98,0x01,0x21,0x81,0x40,
    0xC8,0xB2,0x3E,0x07,0x36,0x0F,0x3D,0x09,0x01,0x99,0xF3,0x07,0x01,0x22,0x8A,0x40,
    0x00,0x90,0xD1,0xB2,0x23,0x48,0xCC,0x43,0x00,0x2B,0x02,0xD0,0x02,0x21,0x00,0x9A,
    0x01,0xE0,0xE2,0xB2,0x03,0x21,0x00,0xF0,0xFF,0xFA,0x1F,0x48,0xB1,0x07,0x02,0xD5,
    0x02,0x21,0x00,0x9A,0x01,0xE0,0xE2,0xB2,0x03,0x21,0x00,0xF0,0xF5,0xFA,0x70,0x07,
    0x04,0xD5,0x18,0x48,0x02,0x21,0x40,0x1C,0x00,0x9A,0x03,0xE0,0x16,0x48,0xE2,0xB2,
    0x03,0x21,0x00,0x1D,0x00,0xF0,0xE8,0xFA,0x14,0x48,0xE9,0x07,0x02,0xD0,0x02,0x21,
    0x00,0x9A,0x01,0xE0,0xE2,0xB2,0x03,0x21,0x00,0xF0,0xDE,0xFA,0x10,0x48,0xA9,0x07,
    0x02,0xD5,0x02,0x21,0x00,0x9A,0x01,0xE0,0xE2,0xB2,0x03,0x21,0x00,0xF0,0xD4,0xFA,
    0x0C,0x48,0x69,0x07,0x02,0xD5,0x02,0x21,0x00,0x9A,0x01,0xE0,0xE2,0xB2,0x03,0x21,
    0x00,0xF0,0xCA,0xFA,0x03,0x98,0x00,0x28,0x03,0xD0,0x07,0x48,0x01,0x99,0x01,0x73,
    0x47,0x73,0xFF,0xBD,0x10,0x03,0x00,0x40,0x12,0x03,0x00,0x40,0x13,0x03,0x00,0x40,
    0x14,0x03,0x00,0x40,0x15,0x03,0x00,0x40,0xF0,0x22,0x00,0x20,0xFF,0xB5,0x37,0x4D,
    0x94,0x46,0x6F,0x68,0x4A,0x1E,0xF8,0x78,0x81,0xB0,0x90,0x42,0x01,0xDD,0x01,0x20,
    0x01,0xE0,0x08,0x1A,0xC0,0xB2,0x32,0x4C,0x01,0x22,0x22,0x80,0xAC,0x68,0x31,0x4E,
    0x62,0x78,0x92,0x01,0x18,0x32,0x32,0x70,0x00,0x2B,0x03,0xD0,0x33,0x78,0x01,0x22,
    0x13,0x43,0x33,0x70,0xA2,0x78,0x00,0x2A,0x06,0xD0,0x33,0x78,0xF7,0x22,0x13,0x40,
    0x33,0x70,0x00,0x23,0x73,0x70,0x01,0xE0,0x10,0x22,0x72,0x70,0x0B,0x02,0x79,0x78,
    0x0B,0x43,0x23,0x49,0xCB,0x80,0x3A,0x78,0x12,0x03,0x02,0x43,0x0A,0x81,0xE0,0x78,
    0x22,0x79,0x00,0x01,0x10,0x43,0xF0,0x70,0x60,0x79,0x00,0x01,0x40,0x1C,0xB0,0x70,
    0x01,0x98,0x88,0x80,0x20,0x7A,0x43,0x21,0x00,0x01,0x08,0x43,0x1A,0x49,0x08,0x72,
    0xA0,0x79,0xE2,0x79,0x00,0x01,0x10,0x43,0x48,0x72,0x60,0x46,0xFF,0xF7,0xE2,0xFD,
    0xE8,0x68,0x01,0x78,0x40,0x68,0x06,0xF0,0x81,0xFF,0xE8,0x68,0x01,0x78,0xC0,0x68,
    0x06,0xF0,0x57,0xFF,0x01,0x98,0x00,0x90,0x68,0x68,0x43,0x79,0x02,0x79,0xA8,0x68,
    0x01,0x79,0xC0,0x78,0xFF,0xF7,0x96,0xFC,0xA8,0x83,0x00,0x28,0x02,0xD1,0xFF,0x20,
    0x2D,0x30,0xA8,0x83,0x80,0xB2,0x41,0x08,0x68,0x84,0x41,0x18,0x29,0x84,0x7D,0x21,
    0xC9,0x00,0x40,0x18,0x80,0xB2,0xA8,0x83,0x05,0xB0,0xF0,0xBD,0xC0,0x23,0x00,0x20,
    0x00,0x10,0x00,0x40,0x60,0x12,0x00,0x40,0x00,0x03,0x00,0x40,0xF0,0xB5,0x05,0xAC,
    0xE0,0xCC,0x04,0x4C,0xA5,0x61,0x63,0x61,0x62,0x60,0xA1,0x60,0xE0,0x60,0xA7,0x77,
    0x26,0x61,0xF0,0xBD,0xC0,0x23,0x00,0x20,0xF0,0xB5,0x6B,0x48,0x9D,0xB0,0x41,0x88,
    0x11,0x22,0x11,0x43,0x41,0x80,0x69,0x48,0xC1,0x7F,0x00,0x29,0x7E,0xD0,0x01,0x46,
    0x06,0x46,0xF0,0x68,0x28,0x31,0x4D,0x78,0x42,0x78,0x18,0x92,0x04,0x78,0x70,0x78,
    0x72,0x69,0x60,0x43,0x40,0x00,0x10,0x18,0x1C,0x90,0x89,0x68,0xB0,0x78,0x2A,0x46,
    0x68,0x43,0x09,0x18,0x19,0xA8,0xFE,0xF7,0x3D,0xF8,0xF0,0x68,0x22,0x46,0x40,0x68,
    0x01,0xA9,0x00,0xF0,0x3D,0xFA,0x30,0x46,0x20,0x30,0x17,0x90,0x41,0x79,0x00,0x79,
    0x81,0x42,0x2E,0xD2,0x00,0x20,0x1B,0x90,0x30,0x46,0xC1,0x78,0xC2,0x68,0x80,0x69,
    0x12,0x78,0x51,0x43,0x0F,0x18,0x00,0x26,0x13,0xE0,0x50,0x48,0x01,0xAA,0x41,0x8C,
    0x00,0x91,0x03,0x8C,0x71,0x00,0x40,0x68,0x52,0x5A,0x41,0x78,0xB8,0x5D,0xFF,0xF7,
    0x49,0xFC,0xB9,0x5D,0x81,0x42,0x02,0xD0,0xB8,0x55,0x01,0x20,0x1B,0x90,0x76,0x1C,
    0xF6,0xB2,0xA6,0x42,0xE9,0xD3,0x1B,0x98,0x00,0x28,0x05,0xD0,0x17,0x98,0x41,0x79,
    0x49,0x1C,0x41,0x71,0x00,0x22,0x5C,0xE0,0x00,0x21,0x01,0x22,0x08,0x46,0x00,0xF0,
    0xC3,0xFE,0x17,0x98,0x00,0x26,0x46,0x71,0x3C,0x48,0x21,0x46,0x28,0x30,0x03,0x78,
    0x28,0x38,0x82,0x8B,0x01,0xA8,0x00,0xF0,0x75,0xFC,0x19,0xAB,0x9C,0x46,0x2B,0x02,
    0x23,0x43,0x9E,0x46,0x11,0x23,0x36,0x48,0x00,0x93,0x1C,0x99,0x83,0x88,0x01,0xAA,
    0x10,0x27,0x3B,0x43,0x83,0x80,0x63,0x46,0xC3,0x80,0x02,0x81,0x41,0x81,0x81,0x81,
    0x73,0x46,0x43,0x80,0x00,0x9B,0x03,0x80,0x81,0x88,0xC9,0x06,0xFC,0xD5,0x2B,0x4F,
    0xF8,0x78,0x40,0x1C,0xF8,0x70,0xB8,0x78,0x40,0x1C,0x00,0xE0,0x26,0xE0,0xB8,0x70,
    0xB8,0x78,0xA8,0x42,0x03,0xD3,0xBE,0x70,0x78,0x78,0x40,0x19,0x78,0x70,0x79,0x78,
    0x18,0x98,0x81,0x42,0x20,0xD2,0x78,0x78,0x41,0x19,0x18,0x98,0x81,0x42,0x0D,0xD9,
    0x40,0x1B,0x78,0x70,0x78,0x78,0x79,0x69,0x60,0x43,0x40,0x00,0x7A,0x78,0x08,0x18,
    0x18,0x99,0x89,0x1A,0x61,0x43,0x49,0x00,0xFD,0xF7,0xDB,0xFF,0xF8,0x78,0x01,0x28,
    0x06,0xD0,0x01,0x22,0x11,0x46,0x00,0x20,0x00,0xF0,0x6E,0xFE,0x1D,0xB0,0xF0,0xBD,
    0x01,0x22,0x01,0x21,0x08,0x46,0xF7,0xE7,0x17,0x98,0x00,0x79,0x00,0x28,0x17,0xD1,
    0x04,0x20,0x04,0x07,0x60,0x80,0x02,0x20,0xFF,0xF7,0xE4,0xFC,0xF8,0x68,0x01,0x78,
    0x40,0x68,0x06,0xF0,0x6D,0xFE,0x0C,0x20,0x60,0x80,0x0A,0x49,0x40,0x20,0x08,0x72,
    0x09,0x48,0x06,0x71,0xC1,0x78,0x49,0x06,0x49,0x0E,0xC1,0x70,0x86,0x70,0x66,0x80,
    0x01,0x20,0x38,0x70,0xDA,0xE7,0x00,0x00,0x00,0x10,0x00,0x40,0xC0,0x23,0x00,0x20,
    0x00,0x11,0x00,0x40,0x00,0x03,0x00,0x40,0x60,0x12,0x00,0x40,0xF1,0xB5,0x1B,0x49,
    0x04,0x20,0x04,0xF0,0xC1,0xFE,0x1A,0x48,0x81,0x7F,0x00,0x29,0x2A,0xD0,0x04,0x46,
    0x00,0x21,0x20,0x34,0x61,0x71,0x81,0x68,0x89,0x7A,0x21,0x71,0x01,0x46,0xC5,0x68,
    0x28,0x31,0x4E,0x78,0x6F,0x78,0x31,0x46,0x38,0x46,0x06,0xF0,0xD4,0xFB,0x00,0x29,
    0x06,0xD0,0x70,0x1A,0xC0,0x19,0x0E,0x4E,0x00,0x06,0x00,0x0E,0x02,0xD0,0x02,0xE0,
    0x00,0x20,0xF7,0xE7,0x01,0x20,0x29,0x78,0x80,0x22,0x41,0x43,0xB0,0x69,0xFD,0xF7,
    0x71,0xFF,0x00,0xF0,0x35,0xF8,0x01,0x20,0x06,0xF0,0x98,0xFD,0x00,0x20,0x60,0x71,
    0x20,0x71,0xB0,0x77,0x00,0x98,0x06,0xF0,0x91,0xFD,0xF8,0xBD,0x59,0x27,0x00,0x00,
    0xC0,0x23,0x00,0x20,0xF8,0xB5,0x10,0x4F,0x04,0x46,0x38,0x46,0x00,0xF0,0xA2,0xF8,
    0x0E,0x4A,0xD1,0x68,0x49,0x78,0x00,0x29,0x15,0xD0,0x00,0x21,0x13,0x69,0xE6,0x00,
    0x72,0x18,0x54,0x00,0x1D,0x5D,0x8A,0x00,0x85,0x54,0x64,0x1C,0x1D,0x5D,0x14,0x18,
    0x65,0x70,0x85,0x5C,0xCA,0x00,0xD2,0x19,0x15,0x70,0x64,0x78,0x54,0x70,0x49,0x1C,
    0xC9,0xB2,0x08,0x29,0xEC,0xD3,0xF8,0xBD,0x40,0x03,0x00,0x40,0xC0,0x23,0x00,0x20,
    0xF0,0xB5,0x3E,0x48,0x85,0xB0,0x44,0x78,0x28,0x38,0xC0,0x68,0x00,0x26,0x40,0x78,
    0x01,0x96,0x00,0x90,0x6C,0xE0,0x31,0x19,0x81,0x42,0x01,0xD9,0x00,0x1B,0xC6,0xB2,
    0x00,0x27,0x61,0xE0,0x35,0x48,0x41,0x68,0x20,0x46,0x78,0x43,0x08,0x18,0x00,0x25,
    0x02,0x90,0x1B,0xE0,0x02,0x98,0x40,0x57,0x01,0x28,0x02,0xD0,0x40,0x1C,0x09,0xD0,
    0x12,0xE0,0x2E,0x48,0x28,0x38,0xC0,0x68,0x01,0x69,0x70,0x19,0x08,0x5C,0x00,0x22,
    0x11,0x46,0x07,0xE0,0x29,0x48,0x00,0x22,0x28,0x38,0xC0,0x68,0x01,0x69,0x70,0x19,
    0x08,0x5C,0x01,0x21,0xFF,0xF7,0x5A,0xFA,0x6D,0x1C,0xED,0xB2,0xA5,0x42,0xE1,0xD3,
    0x01,0x98,0x00,0x25,0xC0,0x00,0x04,0x90,0xE8,0x00,0x21,0x49,0x03,0x90,0x40,0x18,
    0x00,0x22,0x11,0x46,0x00,0xF0,0xA8,0xF8,0x1C,0x49,0x28,0x39,0x0A,0x69,0x04,0x99,
    0x49,0x19,0x49,0x00,0x02,0x91,0x50,0x54,0x19,0x49,0x03,0x98,0x49,0x1C,0x40,0x18,
    0x00,0x22,0x11,0x46,0x00,0xF0,0x98,0xF8,0x14,0x49,0x6D,0x1C,0x28,0x39,0x0A,0x69,
    0x02,0x99,0xED,0xB2,0x49,0x1C,0x50,0x54,0x08,0x2D,0xDD,0xD3,0x00,0x25,0x0B,0xE0,
    0x0E,0x48,0x00,0x22,0x28,0x38,0xC0,0x68,0x01,0x69,0x70,0x19,0x08,0x5C,0x02,0x21,
    0xFF,0xF7,0x24,0xFA,0x6D,0x1C,0xED,0xB2,0xA5,0x42,0xF1,0xD3,0x01,0x98,0x40,0x1C,
    0xC0,0xB2,0x7F,0x1C,0xFF,0xB2,0x01,0x90,0xA7,0x42,0x9B,0xD3,0x30,0x19,0xC6,0xB2,
    0x00,0x98,0x86,0x42,0x8F,0xD3,0x05,0xB0,0xF0,0xBD,0x00,0x00,0xE8,0x23,0x00,0x20,
    0x40,0x03,0x00,0x40,0x0E,0x4A,0x00,0x21,0xC9,0x43,0x82,0x18,0x08,0x2A,0x01,0xD8,
    0x51,0xB2,0x0C,0xE0,0x0A,0x4A,0x30,0x3A,0x80,0x18,0x3B,0x28,0x07,0xD8,0xC0,0xB2,
    0xC1,0x08,0x40,0x07,0x89,0x00,0x40,0x0F,0x08,0x18,0x10,0x30,0x41,0xB2,0x48,0x1C,
    0x01,0xD0,0x40,0x29,0x01,0xD3,0x00,0x20,0x70,0x47,0x02,0x48,0x40,0x18,0x70,0x47,
    0xF0,0xFC,0xFF,0xBF,0x04,0x23,0x00,0x20,0xF0,0xB5,0x00,0x27,0x1F,0x4A,0x20,0x4D,
    0xCC,0xB2,0x20,0x4E,0x03,0x00,0x06,0xF0,0xB5,0xFA,0x0C,0x07,0x0C,0x0E,0x1E,0x20,
    0x22,0x24,0x26,0x2A,0x30,0x32,0x34,0x36,0x48,0x1E,0xFE,0x28,0x2B,0xD2,0x51,0x81,
    0x29,0xE0,0x57,0x74,0x27,0xE0,0xE9,0x68,0xE8,0x68,0xEA,0x68,0x81,0x42,0x01,0xD9,
    0x0B,0x46,0x00,0xE0,0x03,0x46,0x93,0x42,0x03,0xD9,0x81,0x42,0x00,0xD9,0x08,0x46,
    0xF0,0xBD,0x10,0x46,0xF0,0xBD,0x51,0x60,0x15,0xE0,0x94,0x73,0x13,0xE0,0xD4,0x73,
    0x11,0xE0,0xD0,0x7B,0xF0,0xBD,0x01,0x20,0x80,0x07,0x40,0x88,0xF0,0xBD,0x08,0x03,
    0x01,0x21,0xC9,0x03,0x08,0x43,0xF0,0x83,0x05,0xE0,0xF7,0x83,0x03,0xE0,0x50,0x7C,
    0xF0,0xBD,0xA0,0x20,0xA8,0x80,0x00,0x20,0xF0,0xBD,0x00,0x00,0xF0,0x22,0x00,0x20,
    0x00,0x02,0x00,0x40,0x20,0x11,0x00,0x40,0x10,0xB5,0x17,0x4C,0x00,0x23,0xDB,0x43,
    0x04,0x19,0x09,0x2C,0x01,0xD8,0x63,0xB2,0x0C,0xE0,0x13,0x4C,0x30,0x3C,0x04,0x19,
    0x3B,0x2C,0x07,0xD8,0xE3,0xB2,0xDC,0x08,0x5B,0x07,0xA4,0x00,0x5B,0x0F,0xE3,0x18,
    0x10,0x33,0x5B,0xB2,0x5C,0x1C,0x01,0xD0,0x40,0x2B,0x01,0xD3,0x00,0x20,0x10,0xBD,
    0x0A,0x4C,0x01,0x29,0x04,0xD0,0x02,0x29,0x05,0xD0,0x03,0x29,0x06,0xD0,0x09,0xE0,
    0xE2,0x54,0x02,0x70,0x06,0xE0,0xE1,0x5C,0x11,0x43,0x01,0xE0,0xE1,0x5C,0x11,0x40,
    0xE1,0x54,0x01,0x70,0xE0,0x5C,0x10,0xBD,0xF0,0xFC,0xFF,0xBF,0x04,0x23,0x00,0x20,
    0x06,0x4B,0xD8,0x80,0x59,0x81,0x98,0x88,0x10,0x21,0x08,0x43,0x98,0x80,0x5A,0x80,
    0x21,0x20,0x18,0x80,0x98,0x88,0xC0,0x06,0xFC,0xD5,0x70,0x47,0x00,0x11,0x00,0x40,
    0x70,0xB5,0x03,0x4C,0x05,0x9E,0x04,0x9D,0xA5,0x61,0x40,0xC4,0x0F,0xC4,0x70,0xBD,
    0x14,0x24,0x00,0x20,0xF7,0xB5,0xF0,0x4C,0x06,0x46,0x20,0x69,0x90,0xB0,0x00,0x78,
    0x08,0x90,0xA0,0x69,0x0D,0x46,0x00,0x79,0x07,0x90,0xEC,0x49,0x04,0x20,0x27,0x68,
    0x04,0xF0,0x1A,0xFD,0xA1,0x69,0x08,0x78,0x89,0x78,0x00,0x29,0x00,0xD1,0x28,0x46,
    0x00,0x23,0x05,0x22,0x0F,0x21,0xFF,0xF7,0xE1,0xFC,0xE3,0x4C,0xC2,0x22,0x20,0x69,
    0x01,0x78,0x38,0x46,0xFD,0xF7,0xDE,0xFD,0x20,0x69,0x39,0x46,0x02,0x78,0x40,0x68,
    0x06,0xF0,0xBA,0xFC,0x60,0x68,0x00,0x78,0x00,0x28,0x04,0xD0,0x20,0x46,0x80,0x69,
    0x80,0x78,0x00,0x28,0x28,0xD1,0xD8,0x4D,0xA8,0x69,0x81,0x78,0x00,0x29,0x46,0xD0,
    0x69,0x69,0x0C,0x78,0x08,0x99,0x2B,0x68,0x89,0x00,0x5A,0x18,0x08,0x99,0x6F,0x46,
    0x49,0x00,0x59,0x18,0x08,0x9E,0x46,0xC7,0x29,0x69,0x4A,0x68,0xC1,0x78,0x20,0x46,
    0x00,0xF0,0xA0,0xF9,0x01,0x46,0x68,0x68,0x0A,0x0A,0x01,0x75,0x42,0x75,0x02,0x46,
    0x20,0x32,0x11,0x73,0x0B,0x0A,0x53,0x73,0xAA,0x69,0x21,0x23,0x9B,0x5C,0x8B,0x42,
    0x27,0xD8,0x91,0x78,0x00,0x29,0x24,0xD0,0x00,0x20,0xC3,0x4C,0x06,0x46,0x06,0x90,
    0x08,0x99,0x20,0x68,0x89,0x00,0x41,0x18,0x09,0x91,0x08,0x99,0x0D,0x90,0x49,0x00,
    0x41,0x18,0x00,0x20,0x0A,0x91,0x0B,0x90,0xA0,0x69,0xBD,0x4D,0x41,0x79,0x00,0x29,
    0x04,0xD0,0x60,0x68,0xC0,0x79,0x06,0xF0,0xDE,0xF9,0x0B,0x91,0x07,0x99,0x0B,0x98,
    0x48,0x43,0x0C,0x90,0x62,0x69,0x10,0x18,0x00,0x24,0x0E,0x90,0x82,0xE0,0x34,0x46,
    0xB8,0xE7,0x00,0x21,0xC1,0x73,0x81,0x70,0xC1,0x71,0x04,0x74,0x4B,0xE1,0x0E,0x98,
    0x08,0xAB,0x00,0x5D,0xAC,0x4F,0x84,0x46,0x07,0xCB,0x00,0x92,0x01,0x91,0x02,0x90,
    0x38,0x69,0x0D,0x9B,0x42,0x68,0xB8,0x69,0xC1,0x78,0x60,0x46,0x00,0xF0,0x52,0xF9,
    0x61,0x00,0x03,0xAA,0x50,0x52,0x0C,0x9A,0x78,0x68,0x12,0x19,0x52,0x00,0x94,0x46,
    0x2C,0x32,0x82,0x18,0x57,0x78,0x13,0x78,0x3F,0x06,0x3F,0x14,0x1F,0x43,0x03,0xAB,
    0x5B,0x5A,0x13,0x70,0x1B,0x0A,0x53,0x70,0x03,0xAA,0x52,0x5E,0xD3,0x1B,0x00,0x2B,
    0x00,0xDC,0xBB,0x1A,0xD2,0x18,0x13,0xB2,0x03,0xAA,0x53,0x52,0x62,0x46,0x14,0x32,
    0x82,0x18,0x94,0x46,0x57,0x78,0x12,0x78,0x3F,0x02,0x17,0x43,0xDA,0x1B,0x19,0x2A,
    0x05,0xDD,0x5A,0x00,0x9A,0x18,0xBA,0x18,0x92,0x10,0x03,0xAB,0x05,0xE0,0x7A,0x00,
    0xBA,0x18,0xD2,0x18,0x03,0xAF,0x92,0x10,0x3B,0x46,0x5A,0x52,0x1F,0x46,0x5B,0x5A,
    0x62,0x46,0x13,0x70,0x1B,0x0A,0x53,0x70,0x79,0x5E,0xA9,0x42,0x01,0xDA,0x0D,0x46,
    0x06,0x94,0xB1,0x42,0x00,0xDD,0x0E,0x46,0x83,0x49,0x89,0x69,0x20,0x31,0x49,0x78,
    0xA9,0x42,0x1D,0xDD,0x01,0x78,0x00,0x29,0x1A,0xD1,0x41,0x78,0xA1,0x42,0x17,0xD1,
    0x82,0x78,0x0B,0x99,0x8A,0x42,0x13,0xD1,0x7B,0x4A,0x0C,0x23,0x51,0x68,0xC9,0x79,
    0x49,0x1E,0xC1,0x71,0x44,0x70,0x0B,0x99,0x81,0x70,0x69,0x46,0xCB,0x5E,0x91,0x69,
    0x20,0x31,0x49,0x78,0x0A,0x39,0x8B,0x42,0x01,0xDA,0x00,0x21,0x41,0x70,0x96,0xE0,
    0x64,0x1C,0xE4,0xB2,0x07,0x98,0x84,0x42,0x81,0xD3,0x6F,0x49,0x0B,0x98,0x4C,0x68,
    0x06,0x9A,0x11,0x30,0x22,0x54,0xA0,0x78,0x00,0x90,0x01,0x90,0x60,0x78,0x06,0x90,
    0x02,0x90,0x89,0x69,0x09,0x91,0x49,0x79,0x69,0x4D,0x00,0x20,0x0B,0x9F,0x8C,0x46,
    0x18,0xE0,0x01,0x46,0x11,0x31,0x61,0x5C,0xFF,0x29,0x11,0xD0,0x07,0x9A,0x42,0x43,
    0x51,0x18,0x49,0x00,0x14,0x31,0x09,0x19,0x4A,0x78,0x0B,0x78,0x12,0x02,0x1A,0x43,
    0xAA,0x42,0x05,0xDA,0x4A,0x78,0xD9,0xB2,0x12,0x06,0x15,0x14,0x0D,0x43,0x07,0x46,
    0x40,0x1C,0xC0,0xB2,0x84,0x45,0xE4,0xD8,0x59,0x48,0x85,0x42,0x04,0xD0,0x38,0x46,
    0x11,0x30,0x01,0x97,0x20,0x5C,0x06,0x90,0x20,0x46,0x08,0x30,0x08,0x90,0xFD,0xF7,
    0xD3,0xFC,0x00,0x28,0x12,0xD1,0x09,0x99,0x20,0x31,0xCA,0x78,0x12,0x99,0x8A,0x42,
    0x0C,0xD8,0x38,0x46,0xA7,0x73,0x11,0x30,0x21,0x5C,0xE1,0x73,0xA7,0x70,0x20,0x5C,
    0x60,0x70,0x01,0x20,0x08,0x99,0xFD,0xF7,0xC9,0xFC,0x40,0xE0,0x06,0x9A,0x02,0x99,
    0x91,0x42,0x03,0xD1,0x01,0x9A,0x00,0x99,0x91,0x42,0x2B,0xD0,0x07,0x9A,0x00,0x99,
    0x07,0x9B,0x51,0x43,0x02,0x9A,0x89,0x18,0x49,0x00,0x14,0x31,0x09,0x19,0x4A,0x78,
    0x09,0x78,0x12,0x02,0x0A,0x43,0x01,0x99,0x59,0x43,0x06,0x9B,0xC9,0x18,0x49,0x00,
    0x14,0x31,0x61,0x18,0x4B,0x78,0x0F,0x78,0x19,0x02,0x39,0x43,0x1E,0x31,0x8A,0x42,
    0x13,0xD9,0x09,0x9F,0x12,0x99,0x20,0x37,0xFA,0x78,0x8A,0x42,0x0D,0xD8,0x40,0x1C,
    0x08,0x99,0xFD,0xF7,0x9B,0xFC,0xB9,0x78,0x88,0x42,0x0C,0xD3,0x06,0x98,0x60,0x70,
    0x01,0x98,0xA0,0x70,0x01,0x20,0x08,0x99,0x03,0xE0,0x01,0x28,0x03,0xD9,0x40,0x1E,
    0x08,0x99,0xFD,0xF7,0x8B,0xFC,0x06,0x98,0xE0,0x73,0x01,0x98,0xA0,0x73,0x26,0x4C,
    0xA1,0x69,0x20,0x31,0x48,0x78,0x42,0x00,0xB2,0x42,0x0B,0xDA,0x62,0x68,0x1E,0x20,
    0x10,0x70,0x49,0x78,0x0A,0x23,0x59,0x43,0xB1,0x42,0x1D,0xDA,0x10,0x73,0x00,0x0A,
    0x50,0x73,0x19,0xE0,0xC0,0x00,0xB0,0x42,0x16,0xDD,0x60,0x68,0x42,0x7B,0x03,0x7B,
    0x12,0x02,0x1A,0x43,0x03,0xD0,0x52,0x1E,0x02,0x73,0x12,0x0A,0x42,0x73,0x49,0x78,
    0xB1,0x42,0x09,0xDD,0x01,0x78,0x00,0x29,0x06,0xD0,0x49,0x1E,0x09,0x06,0x09,0x0E,
    0x01,0x70,0x01,0xD1,0xFF,0xF7,0x28,0xFA,0x60,0x68,0x2A,0x0A,0xC5,0x70,0x02,0x71,
    0x46,0x71,0x32,0x0A,0x82,0x71,0x81,0x78,0x07,0x9A,0x63,0x69,0x51,0x43,0x42,0x78,
    0x59,0x18,0x89,0x5C,0x01,0x74,0x02,0x20,0xFF,0xF7,0x54,0xF9,0x06,0x4C,0x20,0x69,
    0x01,0x78,0x40,0x68,0x06,0xF0,0xDC,0xFA,0x60,0x68,0xC1,0x79,0x49,0x1C,0xC1,0x71,
    0x00,0x7C,0x13,0xB0,0xF0,0xBD,0x00,0x00,0x14,0x24,0x00,0x20,0x1D,0x79,0x00,0x00,
    0xFF,0x7F,0x00,0x00,0xFF,0xB5,0x83,0xB0,0x02,0x21,0x0C,0x9D,0x36,0x4B,0x02,0x91,
    0x01,0x91,0xD9,0x68,0x0D,0x9C,0xC9,0x78,0x42,0x1E,0x91,0x42,0x01,0xDD,0x01,0x22,
    0x01,0xE0,0x41,0x1A,0xCA,0xB2,0x31,0x49,0xCE,0x88,0xF6,0xB2,0xCE,0x80,0xCE,0x88,
    0x00,0x02,0x06,0x43,0xCE,0x80,0x08,0x89,0x00,0x0A,0x00,0x02,0x08,0x81,0x08,0x89,
    0x10,0x43,0x08,0x81,0x98,0x69,0x02,0x9A,0x00,0x78,0x00,0x90,0x98,0x68,0x01,0x9B,
    0x01,0x79,0xC0,0x78,0xFE,0xF7,0xDE,0xFF,0x00,0x90,0x00,0x20,0x03,0x46,0x24,0x4A,
    0x04,0xE0,0x41,0x00,0x6A,0x52,0x40,0x1C,0x63,0x52,0xC0,0xB2,0x0E,0x99,0x88,0x42,
    0xF7,0xD3,0x00,0x26,0x24,0xE0,0x01,0x23,0x1A,0x46,0x01,0x99,0x02,0x98,0xFF,0xF7,
    0xD9,0xF8,0x0E,0x9A,0x06,0x99,0x05,0x98,0xFF,0xF7,0xBA,0xFD,0x00,0x23,0x00,0x9A,
    0x0E,0x99,0x06,0x98,0x00,0xF0,0x2E,0xF8,0x00,0x23,0x0C,0xE0,0x5F,0x00,0x06,0x98,
    0xE9,0x5F,0xC0,0x5B,0x81,0x42,0x00,0xDD,0xE8,0x53,0xE1,0x5F,0x81,0x42,0x00,0xDA,
    0xE0,0x53,0x5B,0x1C,0xDB,0xB2,0x0E,0x98,0x83,0x42,0xEF,0xD3,0x76,0x1C,0xF6,0xB2,
    0x04,0x98,0x86,0x42,0xD7,0xD3,0x00,0x21,0x08,0x46,0x07,0xE0,0x42,0x00,0xA3,0x5A,
    0xAA,0x5A,0x9A,0x1A,0x51,0x18,0x40,0x1C,0x89,0xB2,0xC0,0xB2,0x0E,0x9A,0x90,0x42,
    0xF4,0xD3,0x88,0x08,0x07,0xB0,0xF0,0xBD,0x14,0x24,0x00,0x20,0x00,0x10,0x00,0x40,
    0xFF,0x7F,0x00,0x00,0xF0,0xB5,0x00,0x24,0x01,0x25,0xED,0x03,0xAE,0x1A,0x27,0x46,
    0x0C,0xE0,0x62,0x00,0x85,0x5A,0xB5,0x42,0x02,0xDD,0xAD,0x1B,0x85,0x52,0x00,0xE0,
    0x87,0x52,0x85,0x5A,0xDD,0x40,0x64,0x1C,0x85,0x52,0xA4,0xB2,0x8C,0x42,0xF0,0xD3,
    0xF0,0xBD,0x00,0x00,0xF8,0xB5,0x28,0x4D,0x4C,0x1E,0x2A,0x68,0xD3,0x78,0xA3,0x42,
    0x01,0xDD,0x01,0x23,0x01,0xE0,0xCB,0x1A,0xDB,0xB2,0x24,0x4E,0x09,0x24,0x34,0x80,
    0x14,0x78,0x24,0x03,0x1C,0x43,0x34,0x81,0x6C,0x68,0x41,0x26,0x23,0x7A,0x1B,0x01,
    0x33,0x43,0x1F,0x4E,0x33,0x72,0xA3,0x79,0xE7,0x79,0x1B,0x01,0x3B,0x43,0x73,0x72,
    0x63,0x78,0x9E,0x01,0x1B,0x4B,0x18,0x36,0x1E,0x70,0x00,0x26,0x5E,0x70,0x26,0x79,
    0x00,0x2E,0x66,0x79,0x02,0xD0,0x36,0x01,0x09,0x36,0x01,0xE0,0x36,0x01,0x76,0x1C,
    0x9E,0x70,0xA6,0x78,0xE7,0x78,0x36,0x01,0x3E,0x43,0xDE,0x70,0x0B,0x02,0x51,0x78,
    0x0B,0x43,0x0E,0x49,0xCB,0x80,0x88,0x80,0x00,0x90,0x53,0x79,0x12,0x79,0xE1,0x78,
    0xA0,0x78,0xFE,0xF7,0x37,0xFF,0xA8,0x83,0x00,0x28,0x02,0xD1,0xFF,0x20,0xF5,0x30,
    0xA8,0x83,0x7D,0x21,0x80,0xB2,0xC9,0x00,0x40,0x18,0xA8,0x83,0x02,0x20,0xFF,0xF7,
    0x61,0xF8,0xA8,0x8B,0xF8,0xBD,0x00,0x00,0xF4,0x23,0x00,0x20,0x00,0x10,0x00,0x40,
    0x00,0x03,0x00,0x40,0x60,0x12,0x00,0x40,0xF8,0xB5,0x04,0x46,0x25,0x49,0x04,0x20,
    0x04,0xF0,0x52,0xFA,0x24,0x4F,0xB8,0x7F,0x00,0x28,0x1E,0xD0,0x23,0x4E,0xB5,0x88,
    0x20,0x20,0xB0,0x80,0xE0,0x07,0x03,0xD0,0x01,0x21,0x08,0x46,0x00,0xF0,0x44,0xF8,
    0xA0,0x07,0x0C,0xD5,0x60,0x07,0x02,0xD5,0x01,0x21,0x08,0x20,0x05,0xE0,0x01,0x21,
    0x02,0x20,0x00,0xF0,0x39,0xF8,0x01,0x21,0x04,0x20,0x00,0xF0,0x35,0xF8,0x02,0x20,
    0xFF,0xF7,0x30,0xF8,0xB5,0x80,0x00,0x20,0xB8,0x77,0xE0,0x07,0x03,0xD0,0x00,0x21,
    0x01,0x20,0x00,0xF0,0x29,0xF8,0xA0,0x07,0x0C,0xD5,0x60,0x07,0x02,0xD5,0x00,0x21,
    0x08,0x20,0x05,0xE0,0x00,0x21,0x02,0x20,0x00,0xF0,0x1E,0xF8,0x00,0x21,0x04,0x20,
    0x00,0xF0,0x1A,0xF8,0x02,0x20,0xFF,0xF7,0x15,0xF8,0x09,0x49,0x40,0x20,0x08,0x72,
    0x08,0x48,0x00,0x21,0x01,0x71,0xC2,0x78,0x52,0x06,0x52,0x0E,0xC2,0x70,0x81,0x70,
    0xF8,0xBD,0x00,0x00,0xED,0x1E,0x00,0x00,0xF4,0x23,0x00,0x20,0x00,0x10,0x00,0x40,
    0x00,0x03,0x00,0x40,0x60,0x12,0x00,0x40,0xF3,0xB5,0x00,0x24,0xD1,0xB0,0x05,0x46,
    0x01,0x94,0x00,0x07,0x72,0xD0,0x20,0x20,0xA4,0x4E,0x00,0x90,0x30,0x68,0x43,0x79,
    0x02,0x79,0x70,0x68,0xC1,0x78,0x80,0x78,0xFE,0xF7,0xB4,0xFE,0x02,0x90,0x00,0x28,
    0x02,0xD1,0xFF,0x20,0x2D,0x30,0x02,0x90,0x41,0x08,0x08,0x18,0x80,0xB2,0x04,0x90,
    0x9A,0x48,0x40,0x68,0x00,0x79,0x00,0x28,0x01,0xD0,0x03,0x20,0x00,0xE0,0x02,0x20,
    0xFE,0xF7,0xD8,0xFF,0x01,0x2D,0x06,0xD0,0x02,0x2D,0x22,0xD0,0x04,0x2D,0x45,0xD0,
    0x08,0x2D,0x68,0xD0,0x85,0xE0,0x91,0x4E,0xB0,0x68,0x04,0x78,0x41,0x68,0x22,0x46,
    0x32,0xA8,0xFD,0xF7,0x7F,0xFA,0xB0,0x68,0x22,0x46,0xC1,0x68,0x41,0xA8,0xFD,0xF7,
    0x79,0xFA,0x52,0x98,0x00,0x28,0x05,0xD0,0x80,0x22,0x21,0x46,0x05,0xA8,0xFD,0xF7,
    0x91,0xFA,0x04,0xE0,0x22,0x46,0x05,0xA8,0x71,0x69,0xFD,0xF7,0x6B,0xFA,0xF0,0x68,
    0x66,0xE0,0x82,0x4F,0xB9,0x68,0x3A,0x46,0x48,0x78,0x97,0x69,0x44,0x08,0xC0,0x07,
    0xC0,0x0F,0x24,0x18,0x00,0x20,0x14,0xE0,0x8E,0x68,0x42,0x00,0xB6,0x5C,0x32,0xAB,
    0x1E,0x54,0x0E,0x69,0x41,0xAB,0xB6,0x5C,0x1E,0x54,0x52,0x9E,0x00,0x2E,0x03,0xD0,
    0x80,0x22,0x05,0xAE,0x32,0x54,0x02,0xE0,0xBE,0x5C,0x05,0xAA,0x16,0x54,0x40,0x1C,
    0xC0,0xB2,0xA0,0x42,0xE8,0xD3,0x71,0x48,0x00,0x69,0x41,0xE0,0x6F,0x4F,0xB8,0x68,
    0x3A,0x46,0x41,0x78,0x97,0x69,0x4C,0x08,0x00,0x21,0x16,0xE0,0x99,0xE0,0x4A,0x00,
    0x86,0x68,0x52,0x1C,0xB6,0x5C,0x32,0xAB,0x5E,0x54,0x06,0x69,0x41,0xAB,0xB6,0x5C,
    0x5E,0x54,0x52,0x9E,0x00,0x2E,0x03,0xD0,0x80,0x22,0x05,0xAE,0x72,0x54,0x02,0xE0,
    0xBE,0x5C,0x05,0xAA,0x56,0x54,0x49,0x1C,0xC9,0xB2,0xA1,0x42,0xE7,0xD3,0x5F,0x48,
    0x00,0x69,0x80,0x1C,0x1C,0xE0,0x5D,0x4E,0xB0,0x68,0x44,0x78,0x81,0x68,0x22,0x46,
    0x32,0xA8,0xFD,0xF7,0x17,0xFA,0xB0,0x68,0x22,0x46,0x01,0x69,0x41,0xA8,0xFD,0xF7,
    0x11,0xFA,0x52,0x98,0x00,0x28,0x05,0xD0,0x80,0x22,0x21,0x46,0x05,0xA8,0xFD,0xF7,
    0x29,0xFA,0x04,0xE0,0x22,0x46,0x05,0xA8,0xB1,0x69,0xFD,0xF7,0x03,0xFA,0x30,0x69,
    0x01,0x90,0x21,0x46,0x32,0xA8,0x06,0xF0,0xE9,0xF8,0x21,0x46,0x41,0xA8,0x06,0xF0,
    0xC0,0xF8,0x4A,0x48,0x40,0x68,0x80,0x7A,0x03,0x90,0x38,0xE0,0x00,0x27,0x22,0x46,
    0x05,0xA9,0x32,0xA8,0x06,0xF0,0xF0,0xF8,0x44,0x48,0x01,0x23,0x00,0x68,0x00,0x22,
    0x41,0x79,0x00,0x79,0xFE,0xF7,0x06,0xFF,0x22,0x46,0x14,0xA9,0x32,0xA8,0xFF,0xF7,
    0xE7,0xFB,0x52,0x98,0x00,0x28,0x27,0xD0,0x00,0x26,0x17,0xE0,0x02,0x98,0x00,0x90,
    0x71,0x00,0x14,0xA8,0x42,0x5A,0x39,0x48,0x04,0x9B,0x00,0x68,0x41,0x78,0x05,0xA8,
    0x80,0x5D,0xFE,0xF7,0xFF,0xFD,0x05,0xA9,0x89,0x5D,0x81,0x42,0x02,0xD1,0x7F,0x1C,
    0xFF,0xB2,0x01,0xE0,0x05,0xA9,0x88,0x55,0x76,0x1C,0xF6,0xB2,0xA6,0x42,0xE5,0xD3,
    0xA7,0x42,0x09,0xD0,0x00,0x21,0x01,0x20,0xFF,0xF7,0x46,0xFB,0x03,0x98,0x41,0x1E,
    0xC9,0xB2,0x03,0x91,0x00,0x28,0xC1,0xD1,0x21,0x46,0x32,0xA8,0x06,0xF0,0x88,0xF8,
    0x52,0x98,0x00,0x28,0x2D,0xD0,0x01,0x2D,0x0D,0xD0,0x02,0x2D,0x0E,0xD0,0x04,0x2D,
    0x19,0xD0,0x08,0x2D,0x05,0xD1,0x21,0x48,0x80,0x69,0x22,0x46,0x05,0xA9,0xFD,0xF7,
    0xA1,0xF9,0x53,0xB0,0xF0,0xBD,0x1D,0x48,0x40,0x69,0xF6,0xE7,0x1B,0x4A,0x00,0x20,
    0x05,0xA9,0x92,0x69,0x04,0xE0,0x0B,0x5C,0x45,0x00,0x40,0x1C,0x53,0x55,0xC0,0xB2,
    0xA0,0x42,0xF8,0xD3,0xED,0xE7,0x15,0x49,0x00,0x20,0x05,0xAD,0x89,0x69,0x05,0xE0,
    0x42,0x00,0x2B,0x5C,0x52,0x1C,0x40,0x1C,0x8B,0x54,0xC0,0xB2,0xA0,0x42,0xF7,0xD3,
    0xDF,0xE7,0x0E,0x48,0x00,0x23,0x82,0x8B,0x21,0x46,0x14,0xA8,0xFF,0xF7,0xFA,0xFD,
    0x01,0x2D,0x04,0xD0,0x08,0x2D,0x02,0xD0,0x00,0x20,0x14,0xAA,0x0A,0xE0,0x62,0x00,
    0x14,0xA9,0x01,0x98,0xCB,0xE7,0x41,0x00,0x53,0x5A,0x85,0x00,0x01,0x99,0x40,0x1C,
    0x4B,0x53,0xC0,0xB2,0xA0,0x42,0xF6,0xD3,0xC3,0xE7,0x00,0x00,0xF4,0x23,0x00,0x20,
    0x01,0x22,0x82,0x40,0x00,0xB5,0x06,0x48,0xD2,0xB2,0x00,0x29,0x01,0xD0,0x02,0x21,
    0x02,0xE0,0xD1,0x43,0xCA,0xB2,0x03,0x21,0xFF,0xF7,0x26,0xFB,0x00,0xBD,0x00,0x00,
    0x10,0x03,0x00,0x40,0x02,0x00,0x00,0xB5,0x06,0x48,0x41,0x7B,0x00,0x7B,0x03,0xD0,
    0xC9,0x07,0xC9,0x17,0x49,0x1C,0x01,0xE0,0xC9,0x07,0xC9,0x0F,0xFF,0xF7,0xE0,0xFF,
    0x00,0xBD,0x00,0x00,0xF0,0x22,0x00,0x20,0xF8,0xB5,0x21,0x4E,0x0D,0x46,0xF1,0x78,
    0x14,0x46,0xF3,0x68,0xB7,0x69,0x1A,0x78,0x51,0x43,0xC9,0x19,0x00,0x28,0x05,0xD0,
    0x58,0x68,0x06,0xF0,0x31,0xF8,0xF0,0x78,0xFF,0xF7,0xEC,0xF9,0x00,0x2D,0x0A,0xD0,
    0x0C,0x20,0x01,0x21,0x89,0x07,0x48,0x80,0x70,0x68,0x00,0x23,0x41,0x79,0x00,0x79,
    0x01,0x22,0xFE,0xF7,0x3F,0xFE,0x00,0x2C,0x1E,0xD0,0x11,0x48,0xF4,0x68,0x28,0x30,
    0x45,0x78,0x60,0x78,0x29,0x46,0x07,0x46,0x05,0xF0,0x85,0xFD,0x00,0x29,0x14,0xD0,
    0x68,0x1A,0x40,0x1E,0xF1,0x78,0xC0,0x19,0x88,0x42,0x0D,0xDD,0xF0,0x78,0x22,0x78,
    0x40,0x1C,0xB1,0x69,0x50,0x43,0x41,0x18,0x60,0x68,0x06,0xF0,0x05,0xF8,0xF0,0x78,
    0x40,0x1C,0xC0,0xB2,0xFF,0xF7,0xBE,0xF9,0xF8,0xBD,0x00,0x20,0xE9,0xE7,0x00,0x00,
    0xC0,0x23,0x00,0x20,0x70,0xB5,0x21,0x4A,0xCA,0x21,0x11,0x74,0x51,0x74,0x00,0x25,
    0x49,0x07,0xCD,0x80,0x1D,0x4A,0x20,0x3A,0x95,0x72,0x0B,0x89,0x04,0x24,0x23,0x43,
    0x0B,0x81,0x0B,0x89,0x08,0x24,0x23,0x43,0x0B,0x81,0x4B,0x89,0x80,0x24,0x23,0x43,
    0x4B,0x81,0x00,0x28,0x02,0xD0,0x30,0x20,0x10,0x71,0x00,0xE0,0x15,0x71,0x06,0xF0,
    0x53,0xF8,0x12,0x4C,0x0F,0x3C,0xE6,0x1D,0x00,0x21,0x20,0x46,0x05,0xF0,0x90,0xFF,
    0x02,0x46,0x01,0x21,0x20,0x46,0xFF,0xF7,0x9F,0xFA,0x64,0x1C,0xB4,0x42,0xF3,0xD9,
    0x0A,0x4C,0x0A,0x4E,0x20,0x34,0x5B,0x36,0x00,0x22,0x01,0x21,0x20,0x46,0xFF,0xF7,
    0x93,0xFA,0x64,0x1C,0xB4,0x42,0xF7,0xD9,0x05,0x48,0xFF,0x21,0x45,0x74,0x41,0x81,
    0x85,0x73,0x01,0x21,0xC1,0x73,0x01,0x81,0x05,0x60,0x70,0xBD,0x20,0x03,0x00,0x40,
    0xF0,0x22,0x00,0x20,0xFF,0xB5,0x98,0x7B,0x19,0x7B,0x91,0xB0,0x40,0x1A,0x40,0x1C,
    0x0A,0x90,0xD8,0x7B,0x59,0x7B,0x1B,0x9E,0x40,0x1A,0x40,0x1C,0x0B,0x90,0x0A,0x98,
    0x1C,0x46,0x02,0x28,0x05,0xDC,0x0B,0x98,0x02,0x28,0x02,0xDC,0x00,0x20,0x15,0xB0,
    0xF0,0xBD,0x0B,0x99,0x0A,0x98,0x45,0x18,0x28,0x01,0x41,0x1B,0x18,0x31,0x30,0x46,
    0xFD,0xF7,0xB7,0xF8,0x0C,0x20,0x68,0x43,0x81,0x19,0x0C,0x91,0x0A,0x98,0x08,0x71,
    0x0C,0x99,0x0B,0x98,0x88,0x72,0x0C,0x99,0x68,0x1E,0x08,0x74,0x0C,0x99,0x88,0x75,
    0x0A,0x98,0x06,0x96,0x80,0x00,0x0B,0x99,0x80,0x19,0x07,0x90,0x89,0x00,0x40,0x18,
    0x08,0x90,0xE8,0x00,0x80,0x19,0x00,0x1F,0x09,0x90,0x14,0x21,0x11,0x98,0x00,0x22,
    0x41,0x56,0x00,0x91,0x65,0xE0,0x20,0x7B,0x00,0x99,0x80,0x18,0x48,0x43,0x61,0x7B,
    0x43,0x18,0x00,0x21,0x59,0xE0,0x13,0x98,0x25,0x78,0xC0,0x5C,0xA8,0x42,0x01,0xD0,
    0x15,0x28,0x50,0xD1,0x12,0x9D,0x00,0x20,0xED,0x5C,0x14,0x3D,0x00,0x2D,0x00,0xDD,
    0x28,0x46,0x95,0x00,0x06,0x9E,0xAE,0x46,0x75,0x59,0x01,0x26,0x36,0x04,0x07,0x46,
    0x37,0x43,0xBC,0x46,0xEE,0x19,0x06,0x9F,0x75,0x46,0x7E,0x51,0x8E,0x00,0x07,0x9F,
    0x05,0x96,0xBD,0x59,0x67,0x46,0xEF,0x19,0x07,0x9D,0xAF,0x51,0x56,0x18,0xB6,0x00,
    0x08,0x9F,0x03,0x96,0xBD,0x59,0x67,0x46,0xEF,0x19,0x08,0x9D,0xAF,0x51,0x0B,0x9E,
    0x55,0x1A,0xAE,0x19,0xB6,0x00,0x09,0x9F,0x01,0x96,0x36,0x1F,0xBD,0x59,0x67,0x46,
    0xEF,0x19,0x09,0x9D,0xAF,0x51,0x75,0x46,0x06,0x9E,0xED,0x1C,0x76,0x5D,0x86,0x42,
    0x01,0xDA,0x06,0x9E,0x70,0x55,0x05,0x9D,0x07,0x9E,0xED,0x1C,0x76,0x5D,0x86,0x42,
    0x01,0xDA,0x07,0x9E,0x70,0x55,0x03,0x9D,0x08,0x9E,0xED,0x1C,0x76,0x5D,0x86,0x42,
    0x01,0xDA,0x08,0x9E,0x70,0x55,0x01,0x9D,0x09,0x9E,0x6D,0x1E,0x76,0x5D,0x86,0x42,
    0x01,0xDA,0x09,0x9E,0x70,0x55,0x49,0x1C,0x5B,0x1C,0x0B,0x98,0x81,0x42,0xA2,0xDB,
    0x52,0x1C,0x0A,0x98,0x82,0x42,0x96,0xDB,0x00,0x27,0x7E,0x1E,0x02,0x96,0xE7,0x80,
    0x3D,0x46,0x00,0x20,0x01,0x90,0x01,0xAB,0xA8,0x00,0x00,0x93,0x03,0x90,0x06,0xA9,
    0x08,0x58,0x6A,0xB2,0x1C,0x9B,0x0C,0x99,0x00,0xF0,0x3E,0xFC,0x00,0x28,0x16,0xDD,
    0x1C,0x99,0x09,0x78,0x09,0x09,0x04,0xD0,0x00,0x2D,0x02,0xD1,0x01,0x99,0x14,0x39,
    0x01,0x91,0x01,0x99,0xB9,0x42,0x0A,0xDD,0x03,0x9A,0x06,0xAB,0x9B,0x58,0x82,0x00,
    0x92,0x1C,0x9A,0x5C,0x08,0x2A,0x02,0xD2,0x0F,0x46,0x2E,0x46,0x02,0x90,0xE1,0x88,
    0x01,0x98,0x81,0x42,0x00,0xDB,0x08,0x46,0x6D,0x1C,0xE0,0x80,0x04,0x2D,0xD0,0xDB,
    0x70,0x1C,0x0A,0xD0,0xE0,0x88,0x00,0x28,0x07,0xD0,0x1C,0x99,0x06,0x22,0x8A,0x5E,
    0xFF,0x21,0x24,0x31,0x89,0x1A,0x88,0x42,0x02,0xDA,0x01,0x20,0xA0,0x70,0x25,0xE7,
    0x02,0x98,0x0D,0xAB,0x01,0xB2,0x30,0xB2,0x1A,0x9A,0x00,0x94,0x01,0xAD,0x0F,0xC5,
    0x11,0x98,0x14,0x23,0x15,0x22,0xC3,0x56,0x82,0x56,0x13,0x99,0x12,0x98,0x00,0xF0,
    0x3D,0xFA,0x03,0xB2,0x1A,0x98,0x0D,0xAA,0x1C,0x99,0x6D,0x46,0x0F,0xC5,0x23,0x46,
    0x11,0x9A,0x13,0x99,0x12,0x98,0x00,0xF0,0x1B,0xFB,0x08,0xE7,0xFF,0xB5,0x87,0xB0,
    0x10,0x9C,0x00,0x26,0x1D,0x46,0x30,0x46,0x04,0x94,0x12,0xE0,0x01,0x01,0x49,0x19,
    0x8A,0x7B,0x0B,0x7B,0x4F,0x7B,0xD2,0x1A,0xCB,0x7B,0xDB,0x1B,0xD2,0x18,0x92,0x1C,
    0x52,0xB2,0xB2,0x42,0x00,0xDC,0x32,0x46,0x16,0x46,0xFF,0x22,0x40,0x1C,0x4A,0x70,
    0x40,0xB2,0xA0,0x42,0xEA,0xDB,0x00,0x2E,0x08,0xD0,0x02,0xF0,0x17,0xF9,0x03,0x90,
    0x30,0x01,0x80,0x1B,0x18,0x30,0x06,0xF0,0x57,0xF8,0x23,0xE0,0x20,0x46,0x0B,0xB0,
    0xF0,0xBD,0x14,0x2C,0x21,0xDA,0x76,0x1E,0x76,0xB2,0x30,0x01,0x40,0x19,0x05,0x90,
    0x80,0x78,0x01,0x28,0x17,0xD0,0x20,0x01,0x47,0x19,0x10,0x21,0x38,0x46,0xFC,0xF7,
    0x90,0xFF,0x3C,0x70,0x12,0x9B,0x03,0x9A,0x00,0x97,0x02,0x93,0x01,0x92,0x07,0xA8,
    0x07,0xC8,0x05,0x9B,0xFF,0xF7,0xAE,0xFE,0x40,0xB2,0x00,0x28,0x03,0xD0,0x01,0xDD,
    0x64,0x1C,0x64,0xB2,0x26,0x46,0x00,0x2E,0xDB,0xD1,0x00,0x21,0x08,0x46,0x08,0xE0,
    0x02,0x01,0x52,0x19,0xD2,0x88,0x00,0x2A,0x01,0xD0,0x49,0x1C,0x49,0xB2,0x40,0x1C,
    0x40,0xB2,0xA0,0x42,0xF4,0xDB,0x11,0x98,0x00,0x22,0x82,0x56,0xA2,0x42,0x2C,0xDD,
    0x05,0x22,0x82,0x56,0x04,0x98,0x82,0x42,0x27,0xD1,0x11,0x98,0x04,0x22,0x82,0x56,
    0x8A,0x42,0x22,0xDA,0x00,0x26,0x1E,0xE0,0x14,0x2C,0x1E,0xDA,0x30,0x01,0x40,0x19,
    0xC1,0x88,0x00,0x29,0x15,0xD0,0x21,0x01,0x49,0x19,0x0C,0x70,0x12,0x9A,0x12,0x9B,
    0xD2,0x88,0x6F,0x46,0x32,0x32,0xDA,0x80,0x12,0x9B,0x03,0x9A,0x0E,0xC7,0x03,0x46,
    0x07,0xA8,0x07,0xC8,0xFF,0xF7,0x6E,0xFE,0x40,0xB2,0x00,0x28,0x01,0xD0,0x64,0x1C,
    0x64,0xB2,0x76,0x1C,0x76,0xB2,0xA6,0x42,0xDE,0xDB,0x00,0x21,0x08,0x46,0x08,0xE0,
    0x02,0x01,0x52,0x19,0xD2,0x88,0x00,0x2A,0x01,0xD0,0x49,0x1C,0x49,0xB2,0x40,0x1C,
    0x40,0xB2,0xA0,0x42,0xF4,0xDB,0x11,0x9A,0x04,0x98,0x50,0x71,0x11,0x98,0x01,0x71,
    0x03,0x98,0x05,0xF0,0xF9,0xFF,0x81,0xE7,0xFF,0xB5,0x8D,0xB0,0x16,0x99,0x17,0x98,
    0x02,0x29,0x02,0xDA,0x01,0x20,0x11,0xB0,0xF0,0xBD,0x14,0x21,0x51,0x56,0x15,0x23,
    0x01,0x91,0xD3,0x56,0x02,0x93,0x11,0x68,0x03,0x91,0x18,0x99,0x01,0x22,0x51,0x1A,
    0x06,0x91,0x18,0x99,0x00,0x91,0x01,0x99,0x59,0x18,0x4A,0x00,0x8A,0x18,0x04,0x92,
    0x49,0x00,0x0A,0x18,0x05,0x92,0x8A,0x18,0x09,0x90,0x0B,0x92,0xFC,0xF7,0x01,0xFF,
    0x01,0x20,0x0A,0x90,0x00,0x20,0xB1,0xE0,0x01,0x01,0x10,0x98,0x0D,0x18,0x2C,0x46,
    0x0A,0x98,0x0C,0x34,0x00,0x28,0x0D,0xD1,0xA0,0x78,0x21,0x78,0x40,0x1A,0x03,0x28,
    0x04,0xDA,0xE0,0x78,0x61,0x78,0x40,0x1A,0x03,0x28,0x7E,0xDB,0x04,0x99,0x05,0x98,
    0xFC,0xF7,0xE7,0xFE,0x07,0x95,0x21,0x78,0x2D,0xE0,0x60,0x78,0x27,0xE0,0x01,0x9A,
    0x0E,0x9B,0x4A,0x43,0x1B,0x18,0xD5,0x5C,0x07,0x9B,0x1B,0x78,0x9D,0x42,0x1D,0xD1,
    0x12,0x18,0x53,0x00,0x03,0x9A,0xD2,0x5E,0x28,0x2A,0x17,0xDB,0x0A,0x9B,0x01,0x2B,
    0x06,0x9B,0x20,0xD0,0x00,0x9D,0x4B,0x43,0x45,0x43,0x5B,0x19,0x05,0x9D,0x5B,0x00,
    0xED,0x5A,0xAA,0x18,0x05,0x9D,0xEA,0x52,0x00,0x9A,0x06,0x9B,0x4A,0x43,0x43,0x43,
    0xD2,0x18,0x0B,0x9B,0x0B,0x9D,0x9B,0x5C,0x5B,0x1C,0xAB,0x54,0x40,0x1C,0xE2,0x78,
    0x82,0x42,0xD4,0xDA,0x49,0x1C,0xA0,0x78,0x88,0x42,0xCE,0xDA,0x0A,0x98,0x01,0x28,
    0x62,0xD0,0x21,0x78,0x5D,0xE0,0x00,0x9D,0x4B,0x43,0x45,0x43,0x5B,0x19,0x09,0x9D,
    0x5B,0x00,0xED,0x5A,0xAA,0x18,0x09,0x9D,0xEA,0x52,0xE7,0xE7,0x60,0x78,0x4C,0xE0,
    0x07,0x9B,0x01,0x9A,0x1D,0x78,0x4A,0x43,0x0E,0x9B,0x12,0x18,0x9B,0x5C,0x9D,0x42,
    0x42,0xD1,0x01,0x9D,0x0B,0x46,0xAC,0x46,0x18,0x9D,0x86,0x46,0x01,0x2D,0x02,0xD1,
    0x73,0x46,0x8E,0x46,0xAC,0x46,0x09,0x9E,0x5D,0x00,0x77,0x5B,0x05,0x9E,0x75,0x5B,
    0x7D,0x1B,0x08,0x95,0x64,0x2D,0x2F,0xDD,0x0B,0x9D,0x76,0x46,0xAD,0x5D,0xAE,0x46,
    0x04,0x2D,0x29,0xD9,0x00,0x2B,0x06,0xD0,0x65,0x46,0x55,0x1B,0x6E,0x00,0x03,0x9D,
    0xAD,0x5F,0x28,0x2D,0x20,0xDB,0x02,0x9E,0x06,0x9D,0x01,0x9F,0x75,0x43,0x00,0x9E,
    0x7E,0x43,0xAD,0x19,0x6D,0x1E,0x9D,0x42,0x00,0xE0,0x1D,0xE0,0x06,0xD0,0x63,0x46,
    0xD3,0x18,0x5D,0x00,0x03,0x9B,0x5B,0x5F,0x28,0x2B,0x0D,0xDB,0x08,0x9B,0x75,0x46,
    0x6B,0x43,0x9D,0x11,0x6E,0x10,0x0D,0x9D,0xFF,0x23,0xAD,0x5C,0x75,0x19,0xFF,0x2D,
    0x00,0xDA,0x2B,0x46,0x0D,0x9D,0xAB,0x54,0x40,0x1C,0xE2,0x78,0x82,0x42,0xAF,0xDA,
    0x49,0x1C,0xA0,0x78,0x88,0x42,0xA9,0xDA,0x0C,0x98,0x40,0x1C,0x0C,0x90,0x16,0x99,
    0x88,0x42,0x00,0xDA,0x48,0xE7,0x0A,0x98,0x40,0x1E,0x0A,0x90,0x00,0xD4,0x41,0xE7,
    0x00,0x20,0x20,0xE7,0xFF,0xB5,0x85,0xB0,0x01,0x20,0x0E,0x9E,0x84,0x46,0x04,0x90,
    0x00,0x20,0x02,0x90,0x71,0x78,0x30,0x78,0x09,0x02,0x40,0x18,0x69,0x46,0x88,0x81,
    0x71,0x78,0x30,0x78,0x09,0x02,0x40,0x18,0x69,0x46,0x15,0x46,0x1F,0x46,0xC8,0x81,
    0x02,0x98,0x14,0x22,0x40,0x00,0x31,0x5C,0x80,0x19,0x00,0x91,0x40,0x78,0x01,0x90,
    0x02,0x98,0x40,0x1C,0x80,0x06,0x80,0x0E,0x02,0x90,0xAA,0x56,0x01,0x98,0x4A,0x43,
    0x2B,0x68,0x10,0x18,0x40,0x00,0x19,0x5E,0x10,0x98,0x40,0x78,0x81,0x42,0x2F,0xDB,
    0x03,0x24,0x01,0x9A,0x00,0x99,0xE0,0x07,0x06,0xD0,0x14,0x20,0x12,0x19,0x28,0x56,
    0x92,0x1E,0x90,0x42,0x22,0xD9,0x05,0xE0,0x15,0x20,0x09,0x19,0x28,0x56,0x49,0x1E,
    0x88,0x42,0x1B,0xD9,0x14,0x20,0x28,0x56,0x06,0x9B,0x48,0x43,0x80,0x18,0x1B,0x5C,
    0x14,0x2B,0x13,0xD3,0x05,0x9B,0x1B,0x5C,0x16,0x2B,0x0F,0xD3,0x06,0x9B,0x1F,0x54,
    0x60,0x46,0x40,0x00,0x31,0x54,0x80,0x19,0x42,0x70,0x03,0xA8,0x05,0xF0,0xC8,0xFF,
    0x04,0x98,0x40,0x1C,0x04,0x90,0x80,0x06,0x80,0x0E,0x84,0x46,0x64,0x1E,0xD0,0xD5,
    0x02,0x98,0x60,0x45,0xB4,0xD1,0x10,0x98,0x06,0x99,0x03,0x78,0x82,0x78,0x68,0x46,
    0x0E,0xC0,0xFA,0xB2,0xFF,0x23,0x03,0xA9,0x28,0x46,0xFD,0xF7,0xD1,0xFD,0x01,0x46,
    0x10,0x98,0xC2,0x78,0x8A,0x42,0x08,0xDA,0x0F,0x98,0x3A,0x01,0x10,0x18,0x82,0x78,
    0x02,0x2A,0x1F,0xD1,0x42,0x7A,0x8A,0x42,0x1C,0xDD,0x68,0x46,0x01,0x7B,0x1F,0x24,
    0x11,0xE0,0x68,0x46,0x40,0x7B,0x09,0xE0,0x14,0x23,0xEB,0x56,0x06,0x9A,0x4B,0x43,
    0x12,0x18,0x9E,0x5C,0xBE,0x42,0x00,0xD1,0x9C,0x54,0x40,0x1C,0x6A,0x46,0xD2,0x7B,
    0x82,0x42,0xF1,0xDA,0x49,0x1C,0x68,0x46,0x80,0x7B,0x88,0x42,0xE9,0xDA,0x00,0x20,
    0x09,0xB0,0xF0,0xBD,0x6A,0x46,0x92,0x89,0x82,0x81,0x6A,0x46,0xD2,0x89,0xC2,0x81,
    0x02,0x22,0x82,0x70,0x41,0x72,0x04,0x98,0xF2,0xE7,0x00,0x00,0xFF,0xB5,0x89,0xB0,
    0x12,0x98,0x16,0x9D,0x0C,0x30,0x03,0x90,0x82,0x78,0x01,0x78,0x6F,0x4B,0x52,0x1A,
    0x52,0x1C,0x00,0x92,0xC2,0x78,0x40,0x78,0x07,0x90,0x12,0x1A,0x52,0x1C,0x12,0x98,
    0x06,0x92,0x83,0x81,0x12,0x9A,0x00,0x20,0xD0,0x81,0x15,0x9A,0x06,0x46,0x93,0x81,
    0x15,0x9A,0xD0,0x81,0x01,0x90,0x15,0x98,0x02,0x91,0x0C,0x30,0x05,0x90,0x4C,0xE0,
    0x00,0x24,0x07,0x9F,0x42,0xE0,0x00,0x20,0x13,0x99,0xC0,0x43,0x00,0x29,0x06,0xD0,
    0x01,0x29,0x06,0xD0,0x02,0x29,0x06,0xD0,0x03,0x29,0x06,0xD0,0x09,0xE0,0x30,0x46,
    0x07,0xE0,0x20,0x46,0x05,0xE0,0x30,0x19,0x03,0xE0,0x06,0x98,0x31,0x1B,0x08,0x18,
    0x40,0x1E,0x0C,0x9A,0x02,0x99,0x12,0x9B,0x51,0x43,0x0A,0x9A,0x1B,0x78,0xD2,0x19,
    0x94,0x46,0x8A,0x5C,0x9E,0x46,0x9A,0x42,0x01,0xD0,0x15,0x2A,0x1C,0xD1,0x14,0x9B,
    0x98,0x42,0x0C,0xD1,0x01,0x98,0x02,0x9A,0x40,0x00,0x2A,0x54,0x40,0x19,0x47,0x70,
    0x01,0x98,0x62,0x46,0x40,0x1C,0x01,0x90,0x15,0x20,0x88,0x54,0x0C,0xE0,0x98,0x42,
    0x18,0xDD,0x72,0x45,0x03,0xD1,0x15,0x98,0x62,0x46,0x00,0x78,0x88,0x54,0x3A,0x46,
    0x02,0x99,0x05,0x98,0x05,0xF0,0x14,0xFF,0x64,0x1C,0x7F,0x1C,0x06,0x98,0x84,0x42,
    0xB9,0xDB,0x02,0x98,0x76,0x1C,0x40,0x1C,0x02,0x90,0x00,0x98,0x86,0x42,0xAF,0xDB,
    0x00,0x20,0x6B,0xE0,0x3A,0x46,0x02,0x99,0x03,0x98,0xEB,0xE7,0x00,0x99,0x00,0x23,
    0x49,0x00,0x03,0x20,0x4A,0x19,0x02,0x92,0x04,0x91,0x52,0x78,0x69,0x5C,0x1C,0x46,
    0x94,0x46,0x0F,0x46,0x66,0x46,0xC2,0x07,0x05,0xD0,0x36,0x18,0x0C,0x9A,0xB6,0x1E,
    0x96,0x42,0x18,0xD2,0x04,0xE0,0x0F,0x18,0x0B,0x9A,0x7F,0x1E,0x97,0x42,0x12,0xD2,
    0x0C,0x9A,0x57,0x43,0xBA,0x19,0x09,0x9E,0xB7,0x5C,0x0A,0x9E,0x14,0x3F,0xB2,0x5C,
    0x12,0x9E,0x36,0x78,0xB2,0x42,0x01,0xD1,0xDB,0x19,0x04,0xE0,0x15,0x9E,0x36,0x78,
    0xB2,0x42,0x00,0xD1,0xE4,0x19,0x40,0x1E,0xDB,0xD5,0x0C,0x98,0x62,0x46,0x48,0x43,
    0x82,0x18,0x09,0x98,0x15,0x26,0x80,0x5C,0x14,0x38,0x98,0x42,0x03,0xDD,0xA0,0x42,
    0x01,0xDD,0x16,0x26,0x0C,0xE0,0x9C,0x42,0x06,0xDB,0x00,0x2C,0x04,0xD0,0xA3,0x42,
    0x04,0xDB,0x00,0x2B,0x02,0xD0,0x03,0xE0,0x12,0x98,0x00,0xE0,0x15,0x98,0x06,0x78,
    0x12,0x98,0x00,0x78,0xB0,0x42,0x03,0xD0,0x62,0x46,0x05,0x98,0x05,0xF0,0xB0,0xFE,
    0x15,0x98,0x00,0x78,0xB0,0x42,0x06,0xD0,0x02,0x98,0x42,0x78,0x04,0x98,0x29,0x5C,
    0x03,0x98,0x05,0xF0,0xA5,0xFE,0x04,0x98,0x0C,0x99,0x28,0x5C,0x48,0x43,0x02,0x99,
    0x49,0x78,0x41,0x18,0x0A,0x98,0x46,0x54,0x00,0x98,0x40,0x1C,0x01,0x99,0x00,0x90,
    0x88,0x42,0x93,0xDB,0x08,0x46,0x0D,0xB0,0xF0,0xBD,0x00,0x00,0xFF,0xFF,0x00,0x00,
    0xFF,0xB5,0x85,0xB0,0x1F,0x20,0x0F,0x9F,0x03,0x90,0x16,0x46,0x1C,0x46,0x06,0x99,
    0x0E,0x9D,0xFB,0x78,0xBA,0x78,0x68,0x46,0x0E,0xC0,0x21,0x46,0x22,0x78,0xFF,0x23,
    0x0C,0x31,0x30,0x46,0xFD,0xF7,0x9C,0xFC,0x04,0x90,0x39,0x79,0x81,0x42,0x12,0xDB,
    0x22,0x78,0x14,0x21,0x03,0x92,0x71,0x56,0x2B,0x46,0x06,0x98,0x05,0xF0,0xC4,0xFB,
    0x14,0x21,0x71,0x56,0x23,0x46,0x1F,0x22,0x06,0x98,0x05,0xF0,0xBD,0xFB,0xA8,0x89,
    0xA0,0x81,0xE8,0x89,0xE0,0x81,0x06,0x99,0xFB,0x78,0xBA,0x78,0x68,0x46,0x0E,0xC0,
    0x29,0x46,0x2A,0x78,0xFF,0x23,0x0C,0x31,0x30,0x46,0xFD,0xF7,0x79,0xFC,0x00,0x90,
    0x39,0x79,0x81,0x42,0x1B,0xDB,0x28,0x78,0x03,0x90,0x14,0x21,0x71,0x56,0x2B,0x46,
    0x1F,0x22,0x06,0x98,0x05,0xF0,0xA0,0xFB,0x00,0x21,0x0D,0xE0,0x10,0x9B,0x14,0x22,
    0x48,0x00,0xB2,0x56,0x1B,0x5C,0x5A,0x43,0x10,0x9B,0xC0,0x18,0x40,0x78,0x23,0x78,
    0x10,0x18,0x06,0x9A,0x49,0x1C,0x13,0x54,0x11,0x98,0x81,0x42,0xEE,0xDB,0x03,0x98,
    0x1F,0x28,0x03,0xD0,0x00,0x20,0xC0,0x43,0x09,0xB0,0xF0,0xBD,0x04,0x98,0x60,0x72,
    0x20,0x7A,0x01,0x21,0x08,0x43,0x20,0x72,0x00,0x98,0x68,0x72,0x28,0x7A,0x08,0x43,
    0x28,0x72,0xE0,0x88,0xA8,0x80,0x00,0x20,0xE0,0x80,0xA8,0x88,0xA0,0x80,0x02,0x20,
    0xA8,0x70,0x20,0x78,0x68,0x70,0x01,0x20,0xE6,0xE7,0x00,0x00,0xFF,0xB5,0x00,0x26,
    0x85,0xB0,0x34,0x46,0x37,0x46,0x03,0x96,0x45,0xE0,0x00,0x25,0x3D,0xE0,0x78,0x43,
    0x05,0x99,0x40,0x19,0x09,0x5C,0x28,0x29,0x36,0xD3,0x07,0x99,0x42,0x00,0x09,0x68,
    0x8A,0x5E,0x0F,0x99,0x49,0x78,0x8A,0x42,0x2E,0xDB,0x06,0x99,0x09,0x5C,0x14,0x29,
    0x2A,0xD3,0x08,0x99,0x0F,0x70,0x08,0x99,0x4D,0x70,0x06,0x99,0x0C,0x54,0x0E,0x98,
    0x21,0x01,0x44,0x54,0x08,0x99,0x0F,0x9B,0x0E,0x9A,0x68,0x46,0x0E,0xC0,0x05,0xA8,
    0x07,0xC8,0x63,0xB2,0xFF,0xF7,0xCE,0xFD,0x00,0x28,0x15,0xD0,0x03,0x99,0x88,0x42,
    0x00,0xDD,0x03,0x90,0x14,0x2E,0x0D,0xDB,0x12,0x4A,0x00,0x20,0x0E,0x99,0x03,0x01,
    0x59,0x18,0x49,0x7A,0x91,0x42,0x01,0xDA,0x0A,0x46,0x04,0x46,0x40,0x1C,0x14,0x28,
    0xF4,0xDB,0x01,0xE0,0x76,0x1C,0x34,0x46,0x6D,0x1C,0x07,0x99,0x14,0x20,0x08,0x56,
    0xA8,0x42,0xBC,0xDC,0x7F,0x1C,0x07,0x98,0x15,0x21,0x41,0x56,0xB9,0x42,0xB4,0xDC,
    0x03,0x98,0xFF,0x28,0x01,0xDD,0xFF,0x20,0x03,0x90,0x10,0x99,0x08,0x70,0x30,0x46,
    0x09,0xB0,0xF0,0xBD,0xFF,0x7F,0x00,0x00,0xFF,0xB5,0x10,0x46,0x06,0x21,0x91,0xB0,
    0x48,0x43,0x12,0x99,0x0E,0x90,0x40,0x18,0x04,0x21,0x0C,0x90,0x41,0x56,0x01,0x20,
    0x14,0x46,0x02,0x2A,0x00,0xDB,0x00,0x20,0x00,0x25,0x08,0x18,0xED,0x43,0x03,0x28,
    0x02,0xDC,0x28,0x46,0x15,0xB0,0xF0,0xBD,0x01,0x2C,0x06,0xDD,0x14,0x98,0xC2,0x78,
    0x11,0x98,0x00,0xF0,0xCE,0xF8,0x02,0x2C,0x02,0xDA,0x14,0x98,0x41,0x78,0x04,0xE0,
    0x14,0x98,0x2D,0x21,0x40,0x78,0x48,0x43,0x81,0x09,0x01,0x20,0x80,0x04,0x0A,0x91,
    0x04,0xF0,0xDD,0xFF,0x00,0x27,0x00,0x26,0x0B,0x90,0xFF,0x43,0x11,0x98,0x03,0x97,
    0x09,0x96,0x00,0x88,0x06,0x96,0x0F,0x96,0x01,0x90,0x05,0x96,0x01,0x20,0x07,0x97,
    0x00,0x90,0x0C,0x98,0x08,0x97,0x04,0x21,0x41,0x56,0x34,0x46,0x04,0x91,0x78,0xE0,
    0x88,0x00,0x11,0x99,0x00,0x9A,0x41,0x18,0x20,0x39,0x89,0x8B,0x4D,0x42,0x04,0x99,
    0x91,0x42,0x02,0xDD,0x11,0x99,0x08,0x5A,0x45,0x19,0x01,0x98,0x68,0x43,0x00,0x28,
    0x51,0xDA,0x01,0x99,0x10,0x46,0x48,0x43,0x09,0x99,0x69,0x43,0x40,0x1A,0x0A,0x99,
    0x48,0x43,0x01,0x99,0x49,0x1B,0x04,0xF0,0xAA,0xFF,0x02,0x90,0x03,0x98,0x40,0x1C,
    0x24,0xD0,0x78,0x1C,0x25,0xD0,0x03,0x99,0x02,0x98,0x40,0x1A,0x0F,0x99,0x88,0x42,
    0x33,0xDD,0x0F,0x90,0x0B,0x98,0x03,0x99,0x07,0x91,0x78,0x43,0x02,0x99,0x80,0x14,
    0x08,0x91,0x81,0x00,0x11,0x98,0x42,0x5A,0x00,0x2A,0x32,0xD0,0xA6,0x42,0x02,0xDD,
    0x66,0x40,0x74,0x40,0x66,0x40,0x14,0x98,0x00,0x78,0x00,0x07,0x0B,0xD0,0x14,0x21,
    0x14,0x2A,0x0F,0xD9,0x3C,0x21,0x3C,0x2A,0x0B,0xD3,0x0B,0xE0,0x02,0x98,0x03,0x90,
    0x19,0xE0,0x02,0x9F,0x1A,0xE0,0x28,0x21,0x28,0x2A,0x03,0xD9,0xFA,0x21,0xFA,0x2A,
    0x00,0xD2,0x11,0x46,0x8C,0x42,0x00,0xDB,0x0C,0x46,0x30,0x19,0x80,0x00,0xF2,0x00,
    0x80,0x18,0x04,0xF0,0x6C,0xFF,0x06,0x97,0x05,0x90,0x00,0x27,0xFF,0x43,0x02,0x98,
    0x00,0x26,0x34,0x46,0x03,0x90,0x03,0x98,0x40,0x1C,0x07,0xD0,0x78,0x1C,0x03,0xD0,
    0x06,0xE0,0x7D,0x20,0xC0,0x00,0xEE,0xE7,0x76,0x1B,0x02,0xE0,0x78,0x1C,0x00,0xD0,
    0x64,0x19,0x00,0x2D,0x02,0xD0,0x00,0x98,0x01,0x95,0x09,0x90,0x00,0x98,0x40,0x1C,
    0x00,0x90,0x00,0x99,0x04,0x98,0x88,0x42,0x82,0xDA,0x06,0x98,0x0B,0x99,0x40,0x00,
    0x40,0x1C,0x48,0x43,0xC0,0x14,0x11,0x99,0x82,0x00,0x51,0x18,0x89,0x78,0x00,0x29,
    0x1C,0xD0,0x12,0x9B,0x0E,0x9A,0x07,0x99,0x99,0x52,0x0C,0x9A,0x08,0x99,0x51,0x80,
    0x0A,0x9A,0x0F,0x99,0x53,0x00,0xD2,0x18,0x8A,0x42,0x00,0xDC,0x11,0x46,0x05,0x9B,
    0x01,0x22,0x4B,0x43,0x92,0x02,0x9C,0x10,0x94,0x42,0x00,0xDA,0x22,0x46,0x1A,0x9C,
    0x0F,0x2B,0x22,0x60,0x02,0xDB,0x0F,0x29,0x00,0xDB,0x2B,0xE7,0x00,0x20,0xC0,0x43,
    0x28,0xE7,0xF8,0xB5,0x04,0x46,0x00,0x20,0x0E,0x46,0x84,0x46,0x4B,0x1E,0x0A,0xE0,
    0x81,0x00,0x0D,0x19,0xE9,0x78,0xED,0x79,0xA9,0x42,0x03,0xD3,0x91,0x42,0x01,0xD9,
    0x84,0x46,0x02,0xE0,0x40,0x1C,0xB0,0x42,0xF2,0xDB,0x75,0x1E,0x0B,0xE0,0xA8,0x00,
    0x07,0x19,0xF9,0x78,0x20,0x3F,0xFF,0x7F,0xB9,0x42,0x03,0xD3,0x91,0x42,0x01,0xD9,
    0x2B,0x46,0x02,0xE0,0x6D,0x1E,0x00,0x2D,0xF1,0xDC,0xFF,0x20,0xF5,0x30,0x00,0x25,
    0x61,0x46,0x09,0xE0,0x8A,0x00,0x12,0x19,0xD2,0x78,0x82,0x42,0x00,0xDA,0x10,0x46,
    0xAA,0x42,0x00,0xDD,0x15,0x46,0x49,0x1C,0x99,0x42,0xF3,0xDD,0x14,0x21,0x14,0x28,
    0x03,0xDD,0x64,0x21,0x64,0x28,0x00,0xDA,0x01,0x46,0x28,0x1A,0x0A,0x22,0x50,0x43,
    0x04,0xF0,0xDD,0xFE,0x80,0x1C,0x00,0x90,0x0A,0x28,0x1F,0xDA,0x81,0x1C,0x01,0x20,
    0x00,0x27,0x25,0x88,0x00,0x04,0x04,0xF0,0xD2,0xFE,0x03,0x46,0x00,0x20,0x71,0x1E,
    0x8C,0x46,0x11,0xE0,0x39,0x46,0x2F,0x46,0x60,0x45,0x01,0xD1,0x00,0x25,0x02,0xE0,
    0x82,0x00,0x12,0x19,0x95,0x88,0x00,0x9A,0x49,0x19,0x7A,0x43,0x51,0x18,0x59,0x43,
    0x09,0x0C,0x82,0x00,0xA1,0x52,0x40,0x1C,0xB0,0x42,0xEB,0xDB,0xF8,0xBD,0xFF,0xB5,
    0x81,0xB0,0x5D,0x00,0x01,0x99,0x50,0x5F,0x4B,0x5F,0xC1,0x1A,0x00,0x29,0x01,0xDD,
    0x0E,0x46,0x00,0xE0,0x1E,0x1A,0x02,0x9A,0x54,0x5F,0x02,0x1B,0x00,0x2A,0x01,0xDD,
    0x17,0x46,0x00,0xE0,0x27,0x1A,0xBE,0x42,0x03,0xDA,0x00,0x29,0x06,0xDC,0x19,0x1A,
    0x04,0xE0,0x00,0x2A,0x01,0xDD,0x11,0x46,0x00,0xE0,0x21,0x1A,0x0E,0xB2,0x00,0x2E,
    0x1B,0xD0,0x1C,0x1B,0x20,0x1E,0x00,0xDC,0x60,0x42,0x0A,0x99,0x48,0x43,0x80,0x10,
    0x07,0x02,0xB1,0xB2,0xB8,0xB2,0x04,0xF0,0x2D,0xFE,0xFF,0x28,0x04,0xD8,0xB1,0xB2,
    0xB8,0xB2,0x04,0xF0,0x27,0xFE,0x01,0xE0,0xFF,0x20,0x01,0x30,0x44,0x43,0x02,0x98,
    0x21,0x12,0x40,0x5B,0x08,0x18,0x01,0x99,0x48,0x53,0x05,0xB0,0xF0,0xBD,0x00,0x00,
    0xF3,0xB5,0x8F,0xB0,0x10,0x98,0x00,0x28,0x7E,0xD0,0x00,0x20,0x69,0x46,0x08,0x80,
    0x10,0x98,0xC8,0x70,0xFF,0x20,0x88,0x70,0x00,0x20,0x0A,0x90,0x82,0x48,0x00,0x68,
    0x0E,0x90,0xE0,0x30,0x0B,0x90,0x0A,0x98,0xED,0xE0,0x81,0x00,0x41,0x18,0x68,0x46,
    0x0E,0x18,0x30,0x7A,0x0A,0x99,0x02,0x07,0x14,0x20,0x41,0x43,0x0F,0x98,0x12,0x0F,
    0x08,0x18,0x08,0x90,0x40,0x78,0x40,0x06,0x04,0xD0,0x08,0x98,0x80,0x78,0x01,0x28,
    0x00,0xD0,0x02,0x20,0x00,0x01,0x02,0x43,0x32,0x72,0x10,0x09,0x0F,0x9A,0x00,0x01,
    0x52,0x5C,0x12,0x07,0x12,0x0F,0x10,0x43,0x30,0x72,0x08,0x98,0x0F,0x9A,0xC7,0x89,
    0x85,0x89,0x0F,0x98,0x40,0x5C,0x14,0x21,0x41,0x43,0x89,0x18,0x89,0x78,0x01,0x29,
    0x10,0xD0,0x18,0x21,0x48,0x43,0x69,0x49,0x44,0x18,0xE0,0x7D,0x05,0x28,0x14,0xD2,
    0x40,0x00,0x27,0x52,0xE0,0x7D,0x40,0x00,0x20,0x18,0x45,0x81,0xE0,0x7D,0x40,0x1C,
    0xE0,0x75,0x7E,0xE0,0x18,0x21,0x61,0x4B,0x48,0x43,0x01,0x22,0xC1,0x18,0xCA,0x75,
    0x1F,0x52,0x4D,0x81,0x00,0x20,0x88,0x75,0x73,0xE0,0x00,0x21,0x08,0x46,0x0D,0x91,
    0x42,0x00,0xA2,0x5A,0xBA,0x42,0x02,0xD0,0x00,0x20,0xA0,0x75,0x58,0xE0,0x40,0x1C,
    0xC0,0xB2,0x04,0x28,0xF4,0xD9,0xA0,0x7D,0x09,0x90,0x00,0x28,0x1B,0xD0,0x0B,0x98,
    0x81,0x79,0x09,0x98,0x0A,0x18,0xA1,0x8A,0x48,0x1B,0x00,0x28,0x00,0xDC,0x68,0x1A,
    0x82,0x42,0x09,0x98,0x0D,0xDD,0x0B,0x99,0xC9,0x79,0x88,0x42,0x06,0xD2,0x40,0x1C,
    0xA0,0x75,0x00,0x06,0x00,0x0E,0x00,0xE0,0x8C,0xE0,0x39,0xD0,0x01,0x20,0x0D,0x90,
    0x36,0xE0,0x40,0x1E,0xF4,0xE7,0x00,0x29,0x32,0xD1,0x00,0x20,0x01,0x46,0x0C,0x90,
    0x4A,0x00,0xA2,0x18,0x52,0x89,0x49,0x1C,0x10,0x18,0xC9,0xB2,0x80,0xB2,0x05,0x29,
    0xF6,0xD3,0x05,0x21,0x04,0xF0,0xF7,0xFD,0x0B,0x9A,0x09,0x9B,0x92,0x79,0x00,0x21,
    0xD3,0x18,0x4A,0x00,0xA2,0x18,0x52,0x89,0x94,0x46,0x12,0x1A,0x00,0x2A,0x01,0xDC,
    0x62,0x46,0x82,0x1A,0x9A,0x42,0x03,0xDA,0x0C,0x9A,0x52,0x1C,0xD2,0xB2,0x0C,0x92,
    0x49,0x1C,0xC9,0xB2,0x05,0x29,0xEC,0xD3,0x0C,0x99,0x05,0x29,0x08,0xD1,0x29,0x1A,
    0x00,0x29,0x00,0xDC,0x41,0x1B,0x8B,0x42,0x02,0xDD,0x01,0x21,0xA1,0x75,0xA0,0x82,
    0x00,0x20,0x42,0x00,0xA1,0x18,0x4B,0x88,0xA3,0x52,0x40,0x1C,0x8A,0x89,0xC0,0xB2,
    0x4A,0x81,0x04,0x28,0xF5,0xD3,0x27,0x81,0x65,0x82,0x0D,0x98,0x00,0x28,0x00,0xD0,
    0xA5,0x8A,0x23,0x48,0x00,0x78,0x00,0x28,0x02,0xD0,0x08,0x98,0x47,0x89,0x05,0x89,
    0x20,0x48,0x01,0x8F,0x0E,0x98,0x42,0x7F,0x03,0x7F,0x10,0x02,0x18,0x43,0x78,0x43,
    0x04,0xF0,0x95,0xFD,0x04,0x46,0x1B,0x48,0x41,0x8F,0x0E,0x98,0xC2,0x7F,0x83,0x7F,
    0x10,0x02,0x18,0x43,0x68,0x43,0x04,0xF0,0x8A,0xFD,0x34,0x71,0xF1,0x79,0x22,0x05,
    0x09,0x09,0x09,0x01,0x12,0x0F,0x11,0x43,0x70,0x71,0x09,0x07,0x00,0x09,0xF0,0x22,
    0x09,0x0F,0x10,0x40,0x01,0x43,0xF1,0x71,0x08,0x98,0xC0,0x78,0xB0,0x71,0x0A,0x98,
    0x40,0x1C,0x40,0xB2,0x0A,0x90,0x10,0x99,0x88,0x42,0x00,0xDA,0x0D,0xE7,0x08,0x46,
    0x89,0x00,0x41,0x18,0x01,0xA8,0x05,0xF0,0xED,0xF8,0x69,0x46,0x08,0x80,0x68,0x46,
    0x03,0xF0,0x24,0xF8,0x11,0xB0,0xF0,0xBD,0xB0,0x08,0x00,0x20,0x58,0x22,0x00,0x20,
    0x5C,0x07,0x00,0x20,0xB8,0x08,0x00,0x20,0xF0,0xB5,0x07,0x46,0xC8,0x7F,0x89,0xB0,
    0x40,0x00,0x0A,0x46,0x20,0x32,0x03,0x90,0x10,0x78,0x0C,0x46,0x40,0x00,0x02,0x90,
    0x50,0x78,0x04,0xF0,0xE5,0xFD,0xC0,0xB2,0x01,0x90,0x90,0x78,0x04,0xF0,0xE0,0xFD,
    0xC0,0xB2,0x00,0x25,0x05,0x90,0x3C,0xE0,0x54,0x20,0x2E,0x46,0x46,0x43,0xB8,0x5D,
    0x01,0x07,0x34,0xD0,0x61,0x7F,0x00,0x09,0x88,0x42,0x30,0xD8,0xF0,0x19,0x04,0x90,
    0x05,0x9A,0x01,0x99,0x04,0xF0,0x9D,0xFD,0xB8,0x5D,0x00,0x07,0x00,0x0F,0x03,0x28,
    0x03,0xD2,0x04,0x98,0x40,0x6B,0x07,0x90,0x1C,0xE0,0x05,0x9B,0x00,0x93,0x01,0x9B,
    0x02,0x9A,0x03,0x99,0x04,0x98,0xFC,0xF7,0xC5,0xFD,0x06,0x46,0x20,0x7A,0x00,0x22,
    0x00,0x07,0xC3,0x0F,0x31,0x46,0x04,0x98,0xFC,0xF7,0x38,0xFE,0x69,0x46,0x88,0x83,
    0x20,0x7A,0x01,0x22,0x00,0x07,0xC3,0x0F,0x31,0x46,0x04,0x98,0xFC,0xF7,0x2E,0xFE,
    0x69,0x46,0xC8,0x83,0x07,0xAA,0x21,0x46,0x04,0x98,0x03,0xF0,0xE6,0xFF,0x6D,0x1C,
    0xED,0xB2,0xA0,0x78,0xA8,0x42,0xBF,0xD8,0x00,0x20,0x09,0xB0,0xF0,0xBD,0xFF,0xB5,
    0x06,0x46,0x08,0x46,0x83,0xB0,0x0D,0x46,0x24,0x30,0x01,0x90,0x18,0x30,0x18,0x31,
    0x02,0x90,0x30,0x38,0x00,0x91,0x2F,0x46,0x01,0x21,0x54,0x37,0x81,0x55,0x00,0x24,
    0x17,0xE0,0x00,0x98,0x00,0x5D,0x00,0x28,0x12,0xD1,0x01,0x98,0x71,0x00,0x42,0x5E,
    0x02,0x98,0x61,0x00,0x40,0x5E,0x12,0x18,0x06,0x98,0x70,0x43,0x00,0x19,0x43,0x00,
    0x05,0x98,0xC0,0x5A,0x10,0x1A,0x0A,0xD0,0x7A,0x5E,0x82,0x42,0x00,0xDD,0x78,0x52,
    0x64,0x1C,0x06,0x98,0x84,0x42,0xE4,0xD3,0x00,0x20,0x07,0xB0,0xF0,0xBD,0x00,0x99,
    0x01,0x20,0x08,0x55,0x28,0x57,0x41,0x1C,0x06,0xD0,0x29,0x46,0x06,0x9B,0x05,0x9A,
    0xFF,0xF7,0xC5,0xFF,0x00,0x28,0xEB,0xD0,0x2E,0x55,0x01,0x20,0xED,0xE7,0x00,0x00,
    0xF0,0xB5,0x85,0x4C,0x85,0xB0,0x2B,0x20,0x20,0x70,0x00,0x26,0x83,0x48,0x66,0x70,
    0x00,0x68,0xFF,0x30,0x01,0x30,0x40,0x7A,0x02,0xF0,0x9A,0xFF,0x00,0x20,0xFE,0xF7,
    0x09,0xFF,0x7E,0x48,0x7E,0x4F,0x01,0x68,0x9C,0x22,0xFF,0x31,0xFD,0x6C,0x7D,0x48,
    0x45,0x31,0xFC,0xF7,0x4F,0xF8,0x5C,0x22,0x7A,0x49,0x7B,0x48,0xFC,0xF7,0x4A,0xF8,
    0x79,0x48,0x30,0x21,0x86,0x72,0x06,0x77,0x78,0x48,0x41,0x70,0x01,0x46,0x20,0x31,
    0x04,0x91,0xA2,0xE0,0x20,0x78,0x01,0x46,0x20,0x38,0x10,0x28,0x6F,0xD8,0x2B,0x29,
    0x01,0xD0,0xF0,0x21,0x61,0x70,0x03,0x00,0x04,0xF0,0x7C,0xFC,0x0B,0x07,0x0B,0x12,
    0x17,0x26,0x29,0x51,0x5F,0x70,0x7D,0x86,0x69,0x00,0x6B,0x48,0x07,0x21,0x81,0x73,
    0x01,0xE0,0x69,0x48,0x86,0x73,0xE0,0x78,0x29,0x46,0x00,0xF0,0x51,0xFA,0x47,0xE0,
    0x00,0x21,0x0A,0x20,0xFD,0xF7,0x98,0xFD,0x5F,0xE0,0x3A,0x78,0x2B,0x46,0xB9,0x69,
    0xF8,0x68,0xFD,0xF7,0x9F,0xFC,0x38,0x78,0x7A,0x78,0x40,0x00,0x43,0x19,0x79,0x69,
    0x38,0x69,0xFD,0xF7,0x97,0xFC,0x33,0xE0,0x02,0x20,0xA0,0x70,0x66,0xE0,0xBA,0x6B,
    0xB9,0x6C,0x01,0x92,0x01,0x20,0x02,0x91,0x00,0x95,0x03,0x90,0x38,0x78,0x56,0x4A,
    0x40,0x00,0x43,0x19,0x11,0x46,0x18,0x31,0x51,0x48,0x04,0xF0,0x0F,0xFF,0x52,0x48,
    0x81,0x78,0x00,0x7E,0xFE,0xF7,0x8E,0xFC,0x00,0x90,0x07,0x20,0xFE,0xF7,0xE4,0xFC,
    0x3A,0x78,0xBB,0x6C,0x28,0x46,0x00,0x99,0x03,0xF0,0x32,0xF8,0x38,0x78,0x7A,0x78,
    0x40,0x00,0x40,0x19,0xBB,0x6B,0x00,0x99,0x03,0xF0,0x2A,0xF8,0x08,0xE0,0x00,0x21,
    0x01,0x20,0x00,0xF0,0x11,0xF9,0x09,0x22,0x45,0x49,0x28,0x46,0xFB,0xF7,0xDA,0xFF,
    0x01,0x20,0xA0,0x70,0xFC,0x20,0x60,0x70,0x62,0xE0,0x02,0x20,0xA0,0x70,0x66,0x70,
    0x2B,0x20,0x20,0x70,0x00,0x22,0x21,0x21,0x10,0x46,0x03,0xF0,0x37,0xFF,0xA0,0x78,
    0x02,0x28,0x23,0xD0,0x60,0x78,0xFC,0x28,0x52,0xD0,0x22,0xE0,0x33,0x48,0x00,0x68,
    0xFF,0x30,0x21,0x30,0x00,0x78,0x01,0x21,0x0B,0xE0,0x02,0x20,0xA0,0x70,0x2B,0x20,
    0x20,0x70,0x66,0x70,0x15,0xE0,0x2D,0x48,0x00,0x21,0x00,0x68,0xFF,0x30,0x21,0x30,
    0x00,0x78,0xFE,0xF7,0x4D,0xFE,0xF0,0xE7,0x78,0x20,0x04,0xF0,0x51,0xFE,0x04,0xF0,
    0xA9,0xFD,0x00,0x21,0x01,0x20,0xFE,0xF7,0x2F,0xF9,0xFA,0xE7,0x60,0x78,0xFC,0x28,
    0x27,0xD0,0x00,0x21,0x01,0x20,0xFE,0xF7,0x27,0xF9,0x24,0x48,0x00,0x78,0x11,0x28,
    0x00,0xD1,0x57,0xE7,0x1D,0x48,0x9C,0x22,0x01,0x68,0x1E,0x48,0x0C,0x46,0xFF,0x31,
    0x45,0x31,0xFB,0xF7,0x8F,0xFF,0x5C,0x22,0x1A,0x49,0x1B,0x48,0xFB,0xF7,0x8A,0xFF,
    0x1A,0x48,0x31,0x0A,0x86,0x72,0xC1,0x72,0x04,0x9A,0x01,0x21,0x51,0x71,0x06,0x72,
    0x31,0x0A,0xFF,0x34,0x41,0x72,0x01,0x34,0x20,0x7A,0x02,0xF0,0xB9,0xFE,0x05,0xB0,
    0xF0,0xBD,0x01,0x20,0xFE,0xF7,0x26,0xFE,0x05,0x20,0x04,0xF0,0x19,0xFE,0x0E,0xE0,
    0x04,0x98,0x86,0x70,0x01,0x20,0xFE,0xF7,0x1D,0xFE,0x08,0x48,0x00,0x68,0xFF,0x30,
    0x21,0x30,0x41,0x7F,0x00,0x7F,0x09,0x02,0x08,0x43,0x03,0xF0,0xAD,0xFE,0x00,0x20,
    0xFE,0xF7,0x10,0xFE,0xA3,0xE7,0x00,0x00,0x69,0x07,0x00,0x20,0xB0,0x08,0x00,0x20,
    0xA8,0x06,0x00,0x20,0xD4,0x07,0x00,0x20,0x78,0x07,0x00,0x20,0x3C,0x07,0x00,0x20,
    0x6F,0x07,0x00,0x20,0xFF,0xB5,0x81,0xB0,0x00,0x24,0x33,0xE0,0x20,0x46,0x48,0x43,
    0x01,0x9A,0x40,0x00,0x83,0x18,0x04,0x9A,0x9C,0x46,0x85,0x18,0x02,0x20,0x00,0x22,
    0x18,0x5E,0x9A,0x5E,0x43,0x00,0x93,0x42,0x02,0xDA,0x53,0x00,0xD3,0x18,0x00,0xE0,
    0x53,0x00,0x1B,0x18,0x2B,0x80,0x01,0x23,0x4E,0x1E,0x00,0x96,0x0D,0xE0,0x46,0x00,
    0xB6,0x18,0x02,0x46,0x58,0x00,0x67,0x46,0x86,0x46,0xC7,0x19,0x02,0x20,0x38,0x5E,
    0x37,0x18,0x76,0x46,0xAF,0x53,0x00,0x9E,0x5B,0x1C,0xB3,0x42,0xEF,0xDB,0x56,0x00,
    0x86,0x42,0x02,0xDA,0x46,0x00,0x80,0x19,0x00,0xE0,0x40,0x00,0x80,0x18,0x5A,0x00,
    0xA8,0x52,0x64,0x1C,0x03,0x98,0x84,0x42,0xC8,0xDB,0x00,0x25,0x30,0xE0,0x04,0x98,
    0x6A,0x00,0x14,0x18,0x48,0x00,0x00,0x22,0x20,0x5E,0xA2,0x5E,0x43,0x00,0x93,0x42,
    0x02,0xDA,0x53,0x00,0xD3,0x18,0x00,0xE0,0x53,0x00,0x1B,0x18,0x1B,0x11,0x23,0x80,
    0x03,0x9E,0x0B,0x46,0x76,0x1E,0x4E,0x43,0xB4,0x46,0x0B,0xE0,0x46,0x00,0xB2,0x18,
    0x17,0xB2,0x02,0x46,0x5E,0x18,0x70,0x00,0x20,0x5E,0x3F,0x18,0x3F,0x11,0x5B,0x00,
    0xE7,0x52,0x33,0x46,0x9C,0x45,0xF1,0xDC,0x56,0x00,0x86,0x42,0x02,0xDA,0x46,0x00,
    0x80,0x19,0x00,0xE0,0x40,0x00,0x80,0x18,0x00,0x11,0x5A,0x00,0xA0,0x52,0x6D,0x1C,
    0x8D,0x42,0xCC,0xDB,0x05,0xB0,0xF0,0xBD,0x00,0x28,0x03,0xD0,0x00,0x29,0x01,0xDB,
    0x91,0x42,0x02,0xDD,0xC8,0x01,0x40,0x30,0x70,0x47,0x49,0x00,0x40,0x5A,0x01,0x04,
    0xFA,0xD5,0x40,0x04,0x40,0x0C,0x70,0x47,0xF3,0xB5,0x07,0x46,0x87,0xB0,0x00,0x20,
    0x06,0x90,0x70,0x49,0x05,0x90,0x70,0x48,0xCE,0x69,0x0D,0x6D,0x0C,0x6A,0x04,0x90,
    0x40,0x78,0xC2,0x07,0x00,0x20,0x00,0x2A,0x36,0xD0,0x08,0x46,0x81,0x6C,0x80,0x6B,
    0x00,0x22,0x13,0x46,0x03,0x92,0x68,0x4A,0x02,0x91,0x20,0x3A,0x01,0x90,0x11,0x46,
    0x00,0x95,0x18,0x31,0x63,0x48,0x04,0xF0,0xC1,0xFD,0x00,0x2F,0x4E,0xD0,0x62,0x4F,
    0x02,0x20,0x20,0x3F,0xB9,0x78,0xFE,0xF7,0x3D,0xFB,0x01,0x20,0xFE,0xF7,0x94,0xFB,
    0x04,0x98,0xB9,0x78,0x00,0x7B,0xFE,0xF7,0x35,0xFB,0x01,0x20,0xFE,0xF7,0x8C,0xFB,
    0x58,0x48,0x29,0x46,0x00,0x78,0x42,0x00,0x20,0x46,0xFB,0xF7,0x93,0xFE,0x00,0x27,
    0x55,0x48,0x20,0x38,0x81,0x78,0x04,0x98,0x00,0x7B,0xFE,0xF7,0x23,0xFB,0x01,0x20,
    0xFE,0xF7,0x7A,0xFB,0x00,0x20,0x0C,0xE0,0x50,0x49,0x08,0x81,0xC8,0x80,0x09,0xB0,
    0xF0,0xBD,0x41,0x00,0x62,0x5A,0x6B,0x5A,0xD2,0x18,0x52,0x08,0x40,0x1C,0x62,0x52,
    0xC0,0xB2,0x48,0x49,0x09,0x78,0x81,0x42,0xF3,0xD8,0x7F,0x1C,0xFF,0xB2,0x05,0x2F,
    0xDE,0xD3,0x44,0x49,0x00,0x20,0x09,0x78,0x07,0xE0,0x42,0x00,0xA3,0x5A,0x05,0x9A,
    0x9A,0x18,0x92,0xB2,0x40,0x1C,0xC0,0xB2,0x05,0x92,0x81,0x42,0xF5,0xD8,0x3F,0x4A,
    0x05,0x98,0xD0,0x80,0x49,0x00,0x30,0x46,0xFB,0xF7,0x83,0xFE,0x3A,0x4F,0x02,0x20,
    0x20,0x3F,0xB9,0x78,0xFE,0xF7,0xEE,0xFA,0x01,0x20,0xFE,0xF7,0x45,0xFB,0x04,0x98,
    0xB9,0x78,0x00,0x7B,0xFE,0xF7,0xE6,0xFA,0x01,0x20,0xFE,0xF7,0x3D,0xFB,0x00,0x20,
    0x30,0x4F,0x06,0xE0,0x41,0x00,0x6A,0x5A,0x63,0x5A,0xD2,0x1A,0x40,0x1C,0x6A,0x52,
    0xC0,0xB2,0x39,0x78,0x81,0x42,0xF5,0xD8,0x08,0x98,0xC9,0xB2,0xC0,0x05,0x03,0x0E,
    0x01,0x22,0x28,0x46,0xFD,0xF7,0x42,0xF9,0x26,0x4A,0x00,0x21,0x12,0x78,0x08,0x46,
    0x94,0x46,0x0A,0xE0,0x42,0x00,0xA3,0x5A,0xAA,0x5E,0x9F,0x18,0x06,0x9B,0x51,0x18,
    0xFB,0x18,0x40,0x1C,0x09,0xB2,0xC0,0xB2,0x06,0x93,0x84,0x45,0xF2,0xD8,0x08,0x98,
    0x81,0x42,0x32,0xDA,0x00,0x20,0x86,0x46,0x01,0x46,0x27,0xE0,0x48,0x00,0x2A,0x5E,
    0x00,0x2A,0x02,0xDD,0x32,0x5A,0x52,0x1C,0x03,0xE0,0x00,0x2A,0x02,0xDA,0x32,0x5A,
    0x52,0x1E,0x32,0x52,0x32,0x5E,0x94,0x46,0x00,0x2A,0x00,0xDC,0x52,0x42,0x04,0x9B,
    0x0A,0x27,0x5B,0x7C,0x7B,0x43,0x9A,0x42,0x09,0xDD,0x62,0x46,0x00,0x2A,0x22,0x5A,
    0x01,0xDD,0x52,0x1C,0x00,0xE0,0x52,0x1E,0x22,0x52,0x00,0x22,0x32,0x52,0x22,0x5A,
    0x70,0x46,0x10,0x18,0x80,0xB2,0x49,0x1C,0x86,0x46,0xC9,0xB2,0x05,0x48,0x00,0x78,
    0x88,0x42,0xD3,0xD8,0x05,0x49,0x70,0x46,0xC8,0x80,0x04,0x49,0x06,0x98,0x08,0x81,
    0x65,0xE7,0x00,0x00,0xA8,0x06,0x00,0x20,0x98,0x07,0x00,0x20,0x6E,0x07,0x00,0x20,
    0x06,0x48,0x80,0x69,0x01,0x79,0x04,0x29,0x03,0xD0,0x03,0x29,0x03,0xD0,0x1B,0x30,
    0x70,0x47,0x80,0x1D,0x70,0x47,0x12,0x30,0x70,0x47,0x00,0x00,0x14,0x24,0x00,0x20,
    0xFE,0xB5,0x0D,0x46,0x01,0x20,0x04,0xF0,0x4B,0xFC,0x12,0x4C,0x10,0x49,0xA0,0x6A,
    0x01,0x22,0x89,0x6C,0x6E,0x46,0x07,0xC6,0x0F,0x4A,0x2B,0x46,0x11,0x46,0x08,0x31,
    0x20,0x46,0xFD,0xF7,0x53,0xFD,0x0C,0x48,0x00,0x23,0x81,0x78,0x00,0x7A,0x02,0x22,
    0xFD,0xF7,0xD4,0xFC,0x06,0x46,0x01,0x20,0xFD,0xF7,0x38,0xFE,0x22,0x78,0x60,0x78,
    0x31,0x46,0x42,0x43,0x28,0x46,0xA3,0x6A,0x02,0xF0,0xF2,0xFD,0xFE,0xBD,0x00,0x00,
    0x58,0x06,0x00,0x20,0xA8,0x06,0x00,0x20,0x78,0x07,0x00,0x20,0x10,0xB5,0x04,0x48,
    0x00,0x69,0x80,0x47,0x02,0x49,0x01,0x20,0x08,0x39,0x08,0x71,0x10,0xBD,0x00,0x00,
    0xD8,0x22,0x00,0x20,0x03,0x49,0x02,0x48,0xC8,0x60,0xBF,0xF3,0x4F,0x8F,0xFE,0xE7,
    0x04,0x00,0xFA,0x05,0x00,0xED,0x00,0xE0,0x70,0xB5,0x06,0x46,0x00,0x25,0x18,0x20,
    0x68,0x43,0x84,0x19,0x18,0x34,0x60,0x68,0x00,0x28,0x0D,0xD0,0x10,0x21,0x61,0x5E,
    0xE0,0x68,0xFB,0xF7,0xA6,0xFD,0x00,0x2D,0x06,0xD1,0x10,0x20,0x20,0x5E,0x71,0x5F,
    0x41,0x18,0xE0,0x68,0xFB,0xF7,0x9D,0xFD,0x6D,0x1C,0x05,0x2D,0xE7,0xDB,0x70,0xBD,
    0xF7,0xB5,0x8D,0xB0,0xC8,0x69,0x07,0x90,0x0D,0x6A,0x48,0x6A,0x08,0x90,0x0D,0x98,
    0x15,0x24,0x04,0x57,0x14,0x23,0xC3,0x56,0x22,0x46,0x08,0x98,0x5A,0x43,0x12,0x18,
    0x00,0x20,0x03,0x90,0x04,0x90,0x05,0x90,0xC8,0x6A,0x01,0x26,0x86,0x57,0x09,0x96,
    0x02,0x26,0x86,0x57,0x0A,0x96,0x03,0x26,0x86,0x57,0xB0,0x10,0x0B,0x90,0x00,0x20,
    0x00,0x90,0x0F,0x98,0x01,0x28,0x00,0xD1,0x00,0x90,0x00,0x20,0x01,0x94,0x02,0x93,
    0x6E,0xE0,0x00,0x98,0x86,0x46,0x66,0xE0,0x00,0x20,0x0C,0x90,0xC4,0x07,0x06,0x9B,
    0xE4,0x0F,0xE3,0x18,0x02,0x24,0x04,0x40,0x01,0x9E,0x74,0x44,0xB3,0x42,0x3B,0xD2,
    0x02,0x9E,0xB4,0x42,0x38,0xD2,0x5E,0x43,0x37,0x19,0x08,0x9E,0xBC,0x46,0xF6,0x57,
    0x32,0x36,0x65,0x2E,0x36,0xD2,0x0F,0x9E,0x00,0x2E,0x1E,0xD1,0x40,0x26,0x77,0x5E,
    0x00,0x2F,0x1A,0xDD,0x66,0x46,0x07,0x9F,0x76,0x00,0xBF,0x5F,0xAE,0x5F,0xBF,0x1B,
    0x09,0x9E,0xB7,0x42,0x11,0xDD,0x0D,0x9E,0x5B,0x00,0x76,0x68,0x4F,0x6B,0xF6,0x5E,
    0xFB,0x5E,0xF3,0x1A,0x0A,0x2B,0x08,0xDD,0x0D,0x9B,0x9E,0x68,0x63,0x00,0xF4,0x5E,
    0xCE,0x6C,0xF3,0x5E,0xE3,0x1A,0x0A,0x2B,0x0E,0xDC,0x63,0x46,0x07,0x9C,0x5B,0x00,
    0xE4,0x5E,0xEB,0x5E,0xE3,0x1A,0x09,0x9C,0xA3,0x42,0x02,0xDC,0x0A,0x9C,0xA3,0x42,
    0x02,0xDA,0x05,0x9B,0x5B,0x1C,0x05,0x93,0x40,0x1C,0x04,0x28,0xB6,0xDB,0x0C,0x98,
    0x00,0x28,0x02,0xD0,0x00,0x20,0x10,0x70,0x11,0xE0,0x00,0x20,0x10,0x56,0x7F,0x23,
    0x44,0x1C,0x7F,0x2C,0x00,0xDA,0x23,0x46,0x58,0xB2,0x10,0x70,0x03,0x9B,0x5B,0x1C,
    0x03,0x93,0x0B,0x9B,0x98,0x42,0x02,0xDB,0x04,0x98,0x40,0x1C,0x04,0x90,0x70,0x46,
    0x80,0x1C,0x86,0x46,0x52,0x1C,0x02,0x98,0x86,0x45,0x95,0xDB,0x06,0x98,0x80,0x1C,
    0x06,0x90,0x01,0x9B,0x98,0x42,0x8C,0xDB,0x04,0x9A,0x03,0x99,0x00,0x20,0x91,0x42,
    0x05,0xD1,0x00,0x29,0x03,0xDD,0x05,0x99,0x02,0x29,0x00,0xDD,0x01,0x20,0x10,0xB0,
    0xF0,0xBD,0x78,0xB5,0x06,0x46,0x00,0x25,0x18,0x20,0x68,0x43,0x84,0x19,0x18,0x34,
    0x62,0x68,0x00,0x2A,0x07,0xD0,0x10,0x23,0xE3,0x5E,0x00,0x93,0xE3,0x68,0xA1,0x68,
    0x20,0x68,0x04,0xF0,0xE0,0xF9,0x6D,0x1C,0x05,0x2D,0xED,0xDB,0x78,0xBD,0x00,0x00,
    0xFE,0xB5,0x6E,0x4F,0xF8,0x79,0x6E,0x4E,0xC1,0x07,0x34,0x46,0x20,0x34,0xE0,0x7A,
    0x00,0x29,0x34,0xD0,0x7D,0x88,0xF9,0x79,0x09,0x06,0x10,0xD5,0x10,0x21,0xF9,0x71,
    0x00,0x21,0x32,0x1F,0x11,0x80,0x00,0x28,0x0E,0xD0,0x70,0x69,0x80,0x47,0xB1,0x69,
    0x28,0x0A,0x88,0x47,0xB1,0x69,0xE8,0xB2,0x88,0x47,0x35,0x85,0x04,0xE0,0x60,0x48,
    0x00,0x1F,0x01,0x88,0x49,0x1C,0x01,0x80,0x5E,0x49,0xA0,0x20,0x88,0x80,0x5C,0x48,
    0xFF,0x22,0x00,0x1F,0x01,0x88,0xF5,0x32,0x91,0x42,0x0F,0xD9,0x10,0x21,0xF9,0x71,
    0x00,0x21,0x01,0x80,0xE0,0x7A,0x00,0x28,0x08,0xD0,0x70,0x69,0x80,0x47,0xB1,0x69,
    0x28,0x0A,0x88,0x47,0xB1,0x69,0xE8,0xB2,0x88,0x47,0x35,0x85,0xFE,0xBD,0xB9,0x79,
    0xCF,0x22,0x11,0x40,0x01,0x29,0x45,0xD0,0x05,0x29,0x15,0xD0,0x09,0x29,0x01,0xD0,
    0x00,0x20,0x3D,0xE0,0x00,0x25,0xA5,0x71,0xE5,0x71,0x39,0x78,0x09,0x06,0x08,0xD4,
    0x00,0x28,0x06,0xD0,0x78,0x88,0x31,0x69,0xC0,0x05,0x00,0x0E,0x88,0x47,0x00,0x28,
    0x07,0xD0,0x78,0x88,0xC0,0x07,0x06,0xD0,0x30,0x8D,0xC0,0xB2,0x55,0x28,0x0F,0xD0,
    0x11,0xE0,0xBD,0x71,0xFE,0xBD,0x35,0x84,0xE0,0x7A,0x00,0x28,0x01,0xD0,0x70,0x69,
    0x80,0x47,0xA0,0x7A,0x00,0x28,0x01,0xD0,0x70,0x68,0x80,0x47,0x10,0x20,0x17,0xE0,
    0xE0,0x79,0x40,0x1C,0xE0,0x71,0xA0,0x7A,0x00,0x28,0x08,0xD0,0x30,0x8C,0x71,0x8C,
    0x88,0x42,0x04,0xD3,0xB1,0x8C,0x88,0x42,0x01,0xD2,0xF0,0x68,0x03,0xE0,0xE0,0x7A,
    0x00,0x28,0x02,0xD0,0xF0,0x69,0x80,0x47,0x00,0xE0,0xA5,0x20,0x78,0x80,0x14,0x20,
    0xB8,0x71,0xFE,0xBD,0x29,0x49,0x49,0x88,0x29,0x4A,0xCD,0xB2,0x2A,0x21,0x89,0x5C,
    0xA7,0x79,0x8E,0x46,0x51,0x8C,0x01,0x91,0x91,0x8C,0x00,0x91,0x11,0x8C,0x93,0x69,
    0x92,0x68,0xBC,0x46,0x02,0x2F,0x2C,0xD2,0x67,0x46,0x00,0x2F,0x0B,0xD1,0x67,0x7B,
    0xAF,0x42,0x02,0xD1,0x00,0x27,0xE7,0x71,0x04,0xE0,0x37,0x8D,0x3F,0x02,0x37,0x85,
    0x37,0x8D,0x2F,0x43,0x37,0x85,0x09,0x06,0x09,0x0C,0x29,0x43,0x77,0x46,0x31,0x84,
    0x00,0x2F,0x0E,0xD0,0x67,0x46,0x00,0x2F,0x0B,0xD0,0x01,0x9F,0xB9,0x42,0x08,0xD3,
    0x00,0x9F,0xB9,0x42,0x05,0xD2,0x08,0x0A,0x90,0x47,0xB1,0x68,0x28,0x46,0x88,0x47,
    0x03,0xE0,0x00,0x28,0x01,0xD0,0x28,0x46,0x98,0x47,0xA0,0x79,0x40,0x1C,0xA0,0x71,
    0x0F,0xE0,0x74,0x46,0x00,0x2C,0x08,0xD0,0x01,0x9C,0xA1,0x42,0x05,0xD3,0x00,0x9C,
    0xA1,0x42,0x02,0xD2,0x28,0x46,0x90,0x47,0x03,0xE0,0x00,0x28,0x01,0xD0,0x28,0x46,
    0x98,0x47,0x02,0x49,0x10,0x20,0x88,0x71,0xFE,0xBD,0x00,0x00,0x00,0x20,0x00,0x40,
    0x48,0x23,0x00,0x20,0x00,0x02,0x00,0x40,0xF0,0xB5,0x17,0x48,0x89,0xB0,0x00,0x68,
    0x6C,0x46,0xFF,0x30,0x01,0x30,0x41,0x7D,0x03,0x7E,0x42,0x7C,0x0E,0xC4,0x83,0x7C,
    0xC2,0x7C,0x01,0x7D,0x00,0x7C,0xFD,0xF7,0xE3,0xF9,0x10,0x48,0x30,0x22,0x86,0x46,
    0x0F,0x48,0x11,0x49,0x84,0x46,0x0F,0x48,0x07,0x90,0x0B,0x48,0x01,0x27,0x00,0x68,
    0x0E,0x4D,0x43,0x7E,0x00,0x7E,0x1B,0x02,0x03,0x43,0x04,0x93,0x05,0x92,0x0C,0x4E,
    0x0C,0x4C,0x06,0x97,0x68,0x46,0x72,0xC0,0x63,0x46,0x72,0x46,0x00,0x20,0x07,0x99,
    0x04,0xF0,0xD2,0xF9,0x09,0xB0,0xF0,0xBD,0xB0,0x08,0x00,0x20,0x1D,0x75,0x00,0x00,
    0x91,0x9B,0x00,0x00,0xD9,0x9B,0x00,0x00,0xE9,0x68,0x00,0x00,0x45,0x9B,0x00,0x00,
    0x55,0x9B,0x00,0x00,0xFD,0x68,0x00,0x00,0x70,0xB5,0x00,0x24,0x18,0x4D,0x19,0x4E,
    0x08,0xE0,0x00,0x19,0x20,0x30,0x80,0x7C,0xFC,0xF7,0x80,0xFF,0x69,0x69,0x08,0x55,
    0x64,0x1C,0xE4,0xB2,0x30,0x68,0x30,0x21,0x09,0x5C,0xA1,0x42,0xF1,0xD8,0x00,0x24,
    0x08,0xE0,0x00,0x19,0x60,0x30,0x80,0x79,0xFC,0xF7,0x70,0xFF,0xA9,0x69,0x08,0x55,
    0x64,0x1C,0xE4,0xB2,0x30,0x68,0x31,0x21,0x09,0x5C,0xA1,0x42,0xF1,0xD8,0x01,0x46,
    0x20,0x31,0x4A,0x7C,0x2A,0x70,0x09,0x7C,0x69,0x70,0xA9,0x69,0x69,0x60,0x69,0x69,
    0xA9,0x60,0x01,0x46,0x66,0x31,0x32,0x30,0xE9,0x60,0x28,0x61,0x70,0xBD,0x00,0x00,
    0xA8,0x06,0x00,0x20,0xB0,0x08,0x00,0x20,0x7C,0xB5,0x29,0x4E,0x29,0x4C,0x20,0x20,
    0x70,0x70,0x29,0x4D,0x21,0x46,0xFF,0x31,0x9C,0x22,0x28,0x48,0x45,0x31,0x2C,0x60,
    0xFB,0xF7,0x48,0xFB,0x5C,0x22,0x25,0x49,0x25,0x48,0xFB,0xF7,0x43,0xFB,0x20,0x46,
    0x10,0x30,0xFB,0xF7,0x71,0xFB,0xC0,0x07,0xC0,0x0F,0xFE,0xF7,0x43,0xFA,0x28,0x68,
    0x01,0x22,0xFF,0x30,0x21,0x30,0x41,0x78,0x00,0x78,0xFD,0xF7,0xEB,0xF9,0xFF,0xF7,
    0x63,0xFF,0xFB,0xF7,0x03,0xFD,0x02,0xF0,0x2F,0xF9,0x04,0xF0,0x9B,0xFC,0x04,0xF0,
    0x19,0xFB,0xFF,0xF7,0x99,0xFF,0x28,0x68,0xFF,0x30,0x01,0x30,0x41,0x7B,0x00,0x7B,
    0x09,0x02,0x01,0x43,0x00,0x20,0xFD,0xF7,0xA7,0xFC,0x12,0x48,0x10,0x49,0xC0,0x69,
    0x34,0x31,0x00,0x91,0x01,0x90,0x0F,0x4B,0x0D,0x4A,0x2C,0x39,0x0E,0x48,0xFD,0xF7,
    0x27,0xFD,0x28,0x68,0xFF,0x30,0x21,0x30,0xC0,0x7F,0x00,0x28,0x30,0x7F,0x01,0xD0,
    0x0A,0x49,0x00,0xE0,0x00,0x21,0x04,0xF0,0x29,0xFA,0xFB,0xF7,0xF1,0xFB,0x7C,0xBD,
    0x3C,0x07,0x00,0x20,0x00,0x8C,0x00,0x00,0xB0,0x08,0x00,0x20,0xD4,0x07,0x00,0x20,
    0x78,0x07,0x00,0x20,0xA8,0x06,0x00,0x20,0x5C,0x06,0x00,0x20,0x59,0x77,0x00,0x00,
    0xFF,0xB5,0x81,0xB0,0x06,0x46,0x0F,0x46,0x1D,0x46,0x00,0x24,0x08,0xE0,0x0A,0x9B,
    0x00,0x93,0x23,0x46,0x39,0x46,0x30,0x46,0x03,0x9A,0xFF,0xF7,0x80,0xF8,0x64,0x1C,
    0xAC,0x42,0xF4,0xDB,0x05,0xB0,0xF0,0xBD,0xFF,0xB5,0x83,0xB0,0x69,0x46,0x88,0x89,
    0x09,0x8A,0x8E,0x46,0x88,0x42,0x02,0xD2,0x02,0x46,0x0B,0x46,0x01,0xE0,0x0A,0x46,
    0x03,0x46,0x6C,0x46,0xA1,0x8A,0x24,0x8B,0xA4,0x46,0xA1,0x42,0x02,0xD2,0x0C,0x46,
    0x65,0x46,0x00,0xE0,0x0D,0x46,0xA3,0x42,0x42,0xD3,0x95,0x42,0x40,0xD3,0x6B,0x46,
    0xDA,0x89,0x5B,0x8A,0x00,0x93,0x9A,0x42,0x02,0xD2,0x17,0x46,0x1E,0x46,0x01,0xE0,
    0x1F,0x46,0x16,0x46,0x6C,0x46,0xE3,0x8A,0x64,0x8B,0x01,0x94,0xA3,0x42,0x02,0xD2,
    0x1C,0x46,0x01,0x9D,0x00,0xE0,0x1D,0x46,0xA6,0x42,0x29,0xD3,0xBD,0x42,0x27,0xD3,
    0x01,0x9C,0xD6,0x1A,0xE7,0x1A,0x64,0x46,0x64,0x1A,0x45,0x1A,0x66,0x43,0x7D,0x43,
    0x02,0x94,0xAD,0x1B,0x74,0x46,0x66,0x1A,0x00,0x9C,0x7E,0x43,0xE7,0x1A,0x02,0x9C,
    0x67,0x43,0xF4,0x1B,0x65,0x40,0x00,0x2D,0x12,0xDC,0x0C,0x1A,0x00,0x99,0x9D,0x1A,
    0x73,0x46,0x89,0x1A,0x1B,0x1A,0x4C,0x43,0x5D,0x43,0x64,0x1B,0x65,0x46,0x28,0x1A,
    0x48,0x43,0x01,0x99,0x89,0x1A,0x59,0x43,0x40,0x1A,0x44,0x40,0x00,0x2C,0x02,0xDD,
    0x00,0x20,0x07,0xB0,0xF0,0xBD,0x01,0x20,0xFB,0xE7,0x00,0x00,0xF8,0xB5,0x3C,0x4C,
    0xA0,0x7C,0x02,0xF0,0xB5,0xF9,0x00,0x21,0x01,0x20,0xFF,0xF7,0xA5,0xFB,0x02,0x20,
    0xFB,0xF7,0x4C,0xFE,0x00,0x26,0x37,0x4F,0x5C,0xE0,0x21,0x7C,0x00,0x20,0xFF,0xF7,
    0x9B,0xFB,0x35,0x4A,0x10,0x89,0xD1,0x88,0x40,0x1A,0x00,0xB2,0x00,0x28,0x01,0xDD,
    0x01,0x46,0x00,0xE0,0x41,0x42,0xD1,0x70,0x79,0x78,0x00,0x29,0x02,0xD0,0x02,0xF0,
    0x17,0xF9,0x43,0xE0,0x00,0x25,0x0A,0xE0,0x21,0x7C,0x00,0x20,0xFF,0xF7,0x84,0xFB,
    0x29,0x48,0x01,0x89,0xC0,0x88,0x08,0x1A,0x6D,0x1C,0x00,0xB2,0xED,0xB2,0x00,0x28,
    0x00,0xDC,0x40,0x42,0xE1,0x7B,0x88,0x42,0x02,0xDB,0xA0,0x7B,0xA8,0x42,0xEB,0xD8,
    0xA0,0x7B,0xA8,0x42,0x28,0xD9,0x60,0x7B,0x00,0x28,0x10,0xD0,0x01,0x20,0x04,0xF0,
    0x61,0xF8,0x01,0x22,0x22,0x21,0x0A,0x20,0x03,0xF0,0xA0,0xF9,0x05,0x46,0x00,0x20,
    0x04,0xF0,0x58,0xF8,0xA8,0x07,0x09,0xD5,0x01,0x20,0x00,0x90,0x1F,0xE0,0x01,0x22,
    0x21,0x21,0x0A,0x20,0x03,0xF0,0x92,0xF9,0x05,0x46,0xF3,0xE7,0x61,0x7A,0x30,0x46,
    0x22,0x7A,0x76,0x1C,0x09,0x02,0x11,0x43,0xB6,0xB2,0x88,0x42,0x06,0xD3,0xA0,0x7A,
    0x00,0x28,0x01,0xD0,0x01,0x20,0x78,0x71,0x00,0x20,0xE6,0xE7,0x00,0x21,0x01,0x20,
    0xFD,0xF7,0x9A,0xFB,0x07,0x48,0x20,0x38,0x80,0x7F,0x00,0x28,0x9D,0xD0,0x07,0x48,
    0x00,0x68,0xFF,0x30,0x01,0x30,0x00,0x7A,0x02,0xF0,0x42,0xF9,0x00,0x98,0xF8,0xBD,
    0x98,0x07,0x00,0x20,0x5C,0x07,0x00,0x20,0x6E,0x07,0x00,0x20,0xB0,0x08,0x00,0x20,
    0x12,0x48,0x11,0x49,0x01,0x60,0x12,0x49,0x41,0x60,0x12,0x49,0x81,0x60,0x12,0x49,
    0xC1,0x60,0x12,0x49,0x01,0x61,0x12,0x49,0x41,0x61,0x12,0x49,0x81,0x61,0xFF,0xF7,
    0x93,0xFE,0x11,0x4C,0x20,0x78,0x10,0x28,0x04,0xD0,0x11,0x28,0xFA,0xD1,0xFF,0xF7,
    0x77,0xF9,0xF7,0xE7,0x00,0xF0,0xFC,0xFC,0x00,0xF0,0x74,0xFC,0x00,0xF0,0x84,0xFB,
    0x00,0xF0,0x1A,0xFD,0xEE,0xE7,0x00,0x00,0xE5,0x4C,0x00,0x00,0x0C,0x00,0x00,0x20,
    0x81,0x7E,0x00,0x00,0xCD,0x4C,0x00,0x00,0xD5,0x1E,0x00,0x00,0xDD,0x97,0x00,0x00,
    0x89,0x9C,0x00,0x00,0x71,0x93,0x00,0x00,0x3C,0x07,0x00,0x20,0xFF,0xB5,0x87,0xB0,
    0x0A,0x9A,0x11,0x98,0x12,0x99,0x50,0x43,0x00,0x28,0x6D,0xD0,0x10,0x46,0x11,0x9A,
    0x90,0x42,0x00,0xDC,0x10,0x46,0xC0,0xB2,0x03,0x90,0x42,0x20,0x40,0x5A,0x20,0x31,
    0x04,0x90,0x48,0x7E,0x00,0x26,0x02,0x90,0x5B,0xE0,0x00,0x25,0x55,0xE0,0x2F,0x48,
    0x05,0x90,0x11,0x98,0x86,0x42,0x48,0xDA,0x0A,0x98,0x85,0x42,0x45,0xDA,0x10,0x98,
    0x54,0x21,0x80,0x5D,0x48,0x43,0x08,0x99,0x44,0x18,0x09,0x98,0x29,0x01,0x08,0x18,
    0x80,0x68,0x01,0x90,0x68,0x46,0xC0,0x88,0x00,0x90,0x68,0x46,0x80,0x88,0x27,0x46,
    0x01,0x90,0x40,0x37,0x79,0x88,0x38,0x88,0x00,0x9B,0x01,0x9A,0x04,0xF0,0xE4,0xFA,
    0x05,0x90,0x63,0x8B,0x22,0x8B,0x79,0x88,0x38,0x88,0x04,0xF0,0xDD,0xFA,0x07,0x46,
    0x61,0x8B,0x20,0x8B,0x00,0x9B,0x01,0x9A,0x04,0xF0,0xD6,0xFA,0x01,0x46,0x04,0x9A,
    0x05,0x98,0x90,0x42,0x19,0xDB,0x91,0x42,0x17,0xDB,0x60,0x78,0x01,0x22,0x02,0x9B,
    0xC0,0x09,0x06,0xD1,0x20,0x78,0x00,0x07,0x00,0x0F,0x58,0x43,0x32,0x28,0x00,0xDB,
    0x00,0x22,0x01,0x93,0x00,0x92,0x38,0x46,0x04,0x9B,0x05,0x9A,0x00,0xF0,0x18,0xF8,
    0x00,0x28,0x02,0xD1,0x09,0x48,0x40,0x1E,0x05,0x90,0x03,0x99,0x05,0x98,0x71,0x43,
    0x49,0x19,0x4A,0x00,0x07,0x99,0x6D,0x1C,0x88,0x52,0x03,0x98,0x85,0x42,0xA6,0xDB,
    0x76,0x1C,0x03,0x98,0x86,0x42,0xA0,0xDB,0x0B,0xB0,0xF0,0xBD,0xFF,0x7F,0x00,0x00,
    0xF8,0xB5,0x04,0x00,0x07,0x9F,0x06,0x98,0x15,0x46,0x1E,0x46,0x01,0xD0,0x00,0x28,
    0x04,0xD0,0x01,0x20,0x9A,0x42,0x00,0xDB,0x00,0x20,0xF8,0xBD,0x28,0x11,0xA0,0x42,
    0x12,0xDC,0x20,0x46,0x49,0x43,0x60,0x43,0x09,0x1A,0x10,0x46,0x68,0x43,0x08,0x1A,
    0x21,0x46,0xC0,0x01,0x69,0x43,0x03,0xF0,0x82,0xFD,0x80,0x38,0x00,0x28,0x03,0xDD,
    0x80,0x28,0x02,0xDB,0x80,0x20,0x00,0xE0,0x00,0x20,0x31,0x19,0x80,0x11,0x41,0x43,
    0x88,0x19,0x78,0x43,0xC0,0x10,0x85,0x42,0xDE,0xDC,0x01,0x20,0xF8,0xBD,0x00,0x00,
    0xF7,0xB5,0x8A,0xB0,0x0A,0x98,0x15,0x46,0x40,0x6F,0x08,0x90,0x0A,0x98,0xFF,0x22,
    0x80,0x6F,0x00,0x90,0x0C,0x20,0x01,0x90,0x00,0x98,0x0A,0x21,0x80,0x78,0x07,0x90,
    0x03,0xA8,0xFB,0xF7,0x27,0xF9,0x00,0x24,0x20,0x46,0x09,0xE0,0x54,0x21,0x08,0x9A,
    0x41,0x43,0x51,0x5C,0x09,0x07,0x02,0xD0,0x03,0xA9,0x08,0x55,0x64,0x1C,0x40,0x1C,
    0x07,0x99,0x88,0x42,0xF2,0xDB,0x2F,0x46,0xA5,0x42,0x00,0xDC,0x27,0x46,0x78,0x00,
    0x78,0x43,0x01,0x99,0x02,0x90,0x46,0x18,0x00,0xF0,0x80,0xFA,0x06,0x90,0x30,0x46,
    0x04,0xF0,0xC2,0xF9,0x31,0x46,0x06,0x98,0xFB,0xF7,0x0B,0xF9,0x06,0x99,0x02,0x98,
    0xFF,0x22,0x46,0x18,0x30,0x46,0x01,0x99,0xFB,0xF7,0xFC,0xF8,0x00,0x9B,0x03,0xA9,
    0x01,0x94,0x02,0x93,0x00,0x91,0x2B,0x46,0x0B,0x9A,0x08,0x99,0x06,0x98,0xFF,0xF7,
    0x0D,0xFF,0x20,0x46,0x68,0x43,0x01,0x28,0x0E,0xD0,0x00,0x28,0x09,0xD0,0x00,0x23,
    0xDB,0x43,0x01,0x93,0x00,0x95,0x23,0x46,0x3A,0x46,0x31,0x46,0x06,0x98,0x00,0xF0,
    0x25,0xF8,0x00,0x20,0x03,0xAA,0x0D,0xE0,0x06,0x98,0x0F,0x49,0x00,0x88,0x88,0x42,
    0xF7,0xD2,0x00,0x20,0x30,0x70,0xF4,0xE7,0x31,0x5C,0xFF,0x29,0x01,0xD0,0x51,0x5C,
    0x31,0x54,0x40,0x1C,0xA8,0x42,0xF7,0xDB,0x33,0x46,0x2A,0x46,0x0B,0x99,0x0A,0x98,
    0x00,0xF0,0x1C,0xF9,0x06,0x98,0x04,0xF0,0x9F,0xF9,0x07,0x99,0x08,0x98,0x04,0xF0,
    0x30,0xF9,0x07,0x98,0x0D,0xB0,0xF0,0xBD,0xFE,0x7F,0x00,0x00,0xFF,0xB5,0x81,0xB0,
    0x04,0x46,0x15,0x46,0x00,0xF0,0x2A,0xFA,0x06,0x46,0xB4,0x20,0x04,0xF0,0x6C,0xF9,
    0x00,0x20,0x2A,0x46,0x6A,0x43,0x0C,0xE0,0x41,0x00,0x67,0x5A,0x17,0x4B,0x9F,0x42,
    0x01,0xD3,0x5B,0x1C,0x63,0x52,0x15,0x4B,0x67,0x5A,0x5B,0x1C,0xDB,0x1B,0x63,0x52,
    0x40,0x1C,0x82,0x42,0xF0,0xD8,0x2A,0x46,0x21,0x46,0x30,0x46,0x02,0xF0,0xBC,0xFB,
    0xFF,0x22,0x0A,0x99,0x02,0x98,0xFB,0xF7,0x95,0xF8,0x00,0x23,0x0D,0xE0,0xF0,0x5C,
    0x04,0x99,0x88,0x42,0x08,0xD2,0xF1,0x56,0x69,0x43,0xC9,0x18,0x49,0x00,0x61,0x5A,
    0x00,0x29,0x01,0xD0,0x02,0x99,0xC8,0x54,0x5B,0x1C,0x0A,0x98,0x83,0x42,0xEE,0xD3,
    0x30,0x46,0x04,0xF0,0x59,0xF9,0x05,0xB0,0xF0,0xBD,0x00,0x00,0xFE,0x7F,0x00,0x00,
    0xF7,0xB5,0x02,0x46,0x84,0xB0,0x40,0x32,0x00,0x92,0x82,0x69,0x01,0x92,0x48,0x30,
    0x04,0x23,0x00,0x22,0xC3,0x5E,0x82,0x5E,0x5B,0x10,0xD4,0x18,0x06,0x23,0x02,0x22,
    0xC3,0x5E,0x82,0x5E,0x58,0x10,0x15,0x18,0x68,0x46,0x80,0x88,0x06,0x19,0x68,0x46,
    0xC0,0x88,0x47,0x19,0x48,0x1E,0x86,0x42,0x03,0xD2,0x06,0x98,0x40,0x1E,0x87,0x42,
    0x3A,0xD3,0x70,0x00,0x40,0x1A,0x42,0x1C,0x00,0x2A,0x01,0xDD,0x40,0x1C,0x00,0xE0,
    0xC0,0x43,0x06,0x9A,0x7B,0x00,0x9A,0x1A,0x53,0x1C,0x00,0x2B,0x01,0xDD,0x52,0x1C,
    0x00,0xE0,0xD2,0x43,0x01,0x92,0x00,0x2C,0x2C,0xD0,0x40,0x1A,0x01,0x03,0x01,0x20,
    0x00,0x03,0x08,0x18,0x21,0x1E,0x00,0xDC,0x61,0x42,0x03,0xF0,0x70,0xFC,0x02,0x90,
    0x00,0x2D,0x21,0xD0,0x06,0x99,0x01,0x98,0x40,0x1A,0x01,0x03,0x01,0x20,0x00,0x03,
    0x08,0x18,0x29,0x1E,0x00,0xDC,0x69,0x42,0x03,0xF0,0x61,0xFC,0x02,0x99,0x81,0x42,
    0x00,0xDC,0x01,0x46,0x01,0x22,0x4C,0x43,0x12,0x03,0xA0,0x18,0x4D,0x43,0x40,0x13,
    0xA9,0x18,0x49,0x13,0x36,0x1A,0x7F,0x1A,0x00,0x98,0x06,0x80,0x00,0x98,0x47,0x80,
    0x07,0xB0,0xF0,0xBD,0x00,0x20,0xDA,0xE7,0x00,0x20,0xE7,0xE7,0xF8,0xB5,0x8C,0x46,
    0x81,0x69,0x00,0x91,0x6B,0x46,0x81,0x8C,0x1A,0x88,0x5B,0x88,0x8A,0x1A,0xC1,0x8C,
    0x64,0x46,0xC9,0x1A,0x06,0x23,0xC3,0x5E,0x20,0x34,0x9D,0x18,0x08,0x22,0x82,0x5E,
    0x56,0x18,0x29,0x46,0x32,0x46,0x69,0x43,0x72,0x43,0x89,0x18,0x42,0x78,0x00,0x92,
    0x47,0x79,0xD2,0x09,0xBE,0x46,0x43,0x89,0x7F,0x43,0x8F,0x42,0x24,0xDD,0x61,0x46,
    0x0F,0x7A,0x79,0x07,0x01,0xD5,0x00,0x2A,0x03,0xD1,0x79,0x07,0xC9,0x0F,0x11,0x43,
    0x06,0xD1,0x64,0x7E,0x1C,0x49,0xE3,0x18,0x8B,0x42,0x00,0xDC,0x19,0x46,0x0B,0x46,
    0x00,0x2A,0x0E,0xD0,0x79,0x07,0x09,0xD4,0x61,0x46,0xC9,0x7E,0x0A,0x24,0x61,0x43,
    0x99,0x42,0x03,0xDA,0x01,0x22,0x00,0x25,0x2E,0x46,0x2B,0x46,0x00,0x21,0x01,0x73,
    0x18,0xE0,0x79,0x07,0xF6,0xD4,0xEF,0xE7,0xBF,0x00,0x8F,0x42,0x01,0xDA,0x21,0x7B,
    0x01,0xE0,0x01,0x7B,0x49,0x1C,0x01,0x73,0x27,0x7B,0xC9,0xB2,0xB9,0x42,0x02,0xD0,
    0x27,0x7E,0xBE,0x45,0x06,0xD1,0x00,0x22,0x21,0x7E,0x13,0x46,0x15,0x46,0x16,0x46,
    0x41,0x71,0xE3,0xE7,0x00,0x99,0x49,0x06,0x49,0x0E,0xD2,0x01,0x11,0x43,0x41,0x70,
    0x43,0x81,0xC5,0x80,0x06,0x81,0xF8,0xBD,0xFF,0xFF,0x00,0x00,0xFF,0xB5,0x84,0xB0,
    0x04,0x98,0x44,0x6F,0x80,0x6F,0x00,0x90,0x80,0x78,0x01,0x90,0x00,0x20,0x84,0x46,
    0x01,0x46,0x02,0x90,0x3A,0xE0,0x07,0x98,0x40,0x5C,0xFF,0x28,0x3B,0xD0,0x07,0x46,
    0x54,0x22,0x50,0x43,0x86,0x46,0x00,0x19,0x82,0x8A,0x0D,0x01,0x53,0x00,0xD3,0x18,
    0x05,0x9A,0xAA,0x18,0x95,0x88,0x5B,0x19,0x9D,0x08,0x03,0x95,0x45,0x6A,0x85,0x62,
    0x85,0x69,0x45,0x62,0x85,0x8A,0x85,0x70,0x13,0x46,0x68,0xCB,0xD2,0x68,0x86,0x61,
    0x45,0x61,0x03,0x61,0xC2,0x61,0x03,0x9D,0x85,0x82,0x70,0x46,0x20,0x5C,0x02,0x07,
    0x12,0x0F,0x70,0x46,0x22,0x54,0x0A,0x2A,0x07,0xD2,0x04,0x20,0xC2,0x41,0x80,0x06,
    0x10,0x18,0x1C,0x22,0xD0,0x41,0x72,0x46,0xA0,0x54,0x01,0x20,0xB8,0x40,0x62,0x46,
    0x10,0x43,0x84,0x46,0x02,0x98,0x40,0x1C,0x02,0x90,0x49,0x1C,0x06,0x98,0x81,0x42,
    0xC1,0xD3,0x00,0x20,0x6B,0xE0,0x01,0x98,0xC2,0xB2,0x00,0x20,0x06,0xE0,0x54,0x23,
    0x43,0x43,0xE3,0x5C,0x1B,0x07,0x03,0xD0,0x40,0x1C,0xC0,0xB2,0x90,0x42,0xF6,0xD3,
    0xFF,0x23,0x90,0x42,0x00,0xD2,0x03,0x46,0x9E,0x46,0xFF,0x2B,0xE5,0xD0,0x18,0x46,
    0x54,0x22,0x50,0x43,0x03,0x90,0x00,0x19,0x42,0x78,0x80,0x23,0x1A,0x43,0x42,0x70,
    0x00,0x9A,0x20,0x32,0xD3,0x7D,0x43,0x71,0x53,0x78,0x92,0x78,0x9A,0x18,0x52,0x08,
    0x02,0x71,0x05,0x9A,0x0B,0x01,0x9A,0x18,0x13,0x46,0xE8,0xCB,0x10,0x30,0xE8,0xC0,
    0x20,0x38,0x45,0x6A,0x85,0x62,0x95,0x68,0x45,0x62,0x95,0x88,0x85,0x70,0x95,0x68,
    0x05,0x62,0xD3,0x68,0x92,0x68,0x43,0x64,0x02,0x64,0x03,0x9A,0xA2,0x5C,0x13,0x09,
    0x1B,0x01,0x03,0x9A,0x5B,0x1C,0xA3,0x54,0x42,0x78,0x73,0x46,0xD2,0x09,0xD2,0x01,
    0x5B,0x06,0x5B,0x0E,0x1A,0x43,0x42,0x70,0x72,0x46,0x01,0x20,0x90,0x40,0x62,0x46,
    0x10,0x43,0x84,0x46,0xA9,0xE7,0x01,0x21,0x81,0x40,0x62,0x46,0x11,0x42,0x15,0xD1,
    0x54,0x21,0x41,0x43,0x62,0x5C,0x13,0x07,0x10,0xD0,0x13,0x07,0x12,0x09,0x52,0x1C,
    0x1B,0x0F,0x12,0x01,0x13,0x43,0x63,0x54,0x09,0x19,0x4A,0x78,0xD2,0x09,0x05,0xD1,
    0x4B,0x6A,0x8B,0x62,0x8B,0x69,0x4B,0x62,0x0A,0x6C,0x8A,0x61,0x40,0x1C,0x01,0x99,
    0x88,0x42,0xE0,0xDB,0x00,0x25,0x14,0xE0,0x28,0x46,0x54,0x21,0x48,0x43,0x21,0x5C,
    0x09,0x07,0x09,0x0F,0x01,0x29,0x0B,0xD9,0x04,0x99,0x89,0x6F,0x49,0x7A,0x89,0x07,
    0x02,0xD5,0x02,0x99,0x01,0x29,0x09,0xD0,0x00,0x19,0x00,0x99,0xFF,0xF7,0xC6,0xFE,
    0x6D,0x1C,0x01,0x98,0x85,0x42,0xE7,0xDB,0x08,0xB0,0xF0,0xBD,0x00,0x19,0x41,0x78,
    0x49,0x06,0x49,0x0E,0x41,0x70,0xF3,0xE7,0xFF,0xB5,0x83,0xB0,0x0F,0x98,0x00,0x24,
    0x40,0x00,0x00,0x90,0x34,0xE0,0x0D,0x98,0x61,0x00,0x40,0x5E,0x28,0x28,0x2E,0xDB,
    0x0E,0x98,0x03,0x99,0x60,0x43,0x40,0x00,0x43,0x18,0x04,0x99,0x01,0x93,0x45,0x18,
    0x00,0x20,0x01,0x46,0x02,0x46,0x0F,0xE0,0x0C,0x9E,0x57,0x00,0xF6,0x5F,0x28,0x2E,
    0x06,0xDA,0x00,0x26,0x00,0x27,0xAE,0x5F,0xDF,0x5F,0xF6,0x1B,0x30,0x18,0x49,0x1C,
    0x00,0x9E,0xF3,0x18,0x75,0x19,0x52,0x1C,0x06,0x9E,0xB2,0x42,0xEC,0xDB,0x00,0x29,
    0x0D,0xDD,0x03,0xF0,0xD4,0xFA,0x00,0x22,0x01,0x99,0x05,0xE0,0x0B,0x88,0x1B,0x18,
    0x0B,0x80,0x00,0x9B,0x59,0x18,0x52,0x1C,0x06,0x9B,0x9A,0x42,0xF6,0xDB,0x64,0x1C,
    0x05,0x98,0x84,0x42,0xC7,0xDB,0x07,0xB0,0xF0,0xBD,0x00,0x00,0x09,0x48,0x01,0x21,
    0x00,0x68,0xC1,0x70,0x82,0x78,0x91,0x00,0x09,0x18,0x09,0x1D,0x00,0x2A,0x04,0xD0,
    0x0A,0x1F,0x13,0x88,0x52,0x88,0x9A,0x18,0x0A,0x80,0x09,0x88,0x40,0x30,0x08,0x18,
    0x70,0x47,0x00,0x00,0x30,0x24,0x00,0x20,0xF8,0xB5,0x74,0x4E,0x24,0x20,0x70,0x70,
    0x03,0xF0,0xEE,0xFC,0x34,0x46,0x20,0x34,0x20,0x7B,0x00,0x27,0x40,0x06,0x00,0x28,
    0x02,0xD1,0x0F,0xE0,0x00,0xF0,0xB8,0xFA,0x03,0xF0,0xBE,0xFE,0x00,0x28,0xF9,0xD0,
    0x20,0x7B,0xC1,0x09,0x40,0x06,0x40,0x0E,0xFC,0xF7,0xB6,0xFB,0x27,0x73,0x01,0x20,
    0x60,0x71,0xF8,0xBD,0x66,0x4D,0x31,0x7F,0x28,0x68,0xFF,0x30,0x01,0x30,0x00,0x7A,
    0x88,0x42,0x12,0xD0,0x03,0xF0,0x84,0xFE,0x00,0x28,0x0E,0xD0,0x28,0x68,0xFF,0x30,
    0x01,0x30,0x41,0x79,0x02,0x79,0x09,0x02,0x11,0x43,0x0A,0x39,0x31,0x72,0x09,0x0A,
    0x71,0x72,0x00,0x7A,0x01,0xF0,0x5C,0xFD,0x1E,0xE0,0x00,0x21,0x02,0x20,0xFC,0xF7,
    0xA3,0xFF,0x31,0x1D,0xFA,0xF7,0x52,0xFE,0x70,0x7E,0x31,0x7E,0x00,0x02,0x08,0x43,
    0x28,0x68,0x16,0xD0,0xFF,0x30,0x01,0x30,0x00,0x7A,0x01,0xF0,0x49,0xFD,0x01,0x22,
    0x21,0x21,0x08,0x20,0x02,0xF0,0x72,0xFD,0x70,0x7E,0x31,0x7E,0x00,0x02,0x08,0x43,
    0x40,0x1E,0x30,0x76,0x00,0x0A,0x70,0x76,0x00,0x21,0x01,0x20,0xFC,0xF7,0x84,0xFF,
    0xF8,0xBD,0xFF,0x30,0x21,0x30,0xC0,0x7F,0x00,0x28,0x10,0xD0,0x00,0x21,0x0A,0x20,
    0xFC,0xF7,0x7A,0xFF,0x32,0x7D,0xC0,0xB2,0x11,0x07,0x09,0x0F,0x50,0x23,0x81,0x42,
    0x09,0xD0,0x12,0x09,0x07,0xD0,0x52,0x1E,0x10,0x01,0x01,0x43,0x31,0x75,0xB0,0x7F,
    0x00,0x28,0x03,0xD0,0x12,0xE0,0x18,0x43,0x30,0x75,0xF8,0xE7,0x60,0x78,0x00,0x28,
    0x0C,0xD0,0x28,0x68,0xFF,0x30,0x03,0x30,0x41,0x79,0x02,0x79,0x08,0x02,0x10,0x43,
    0x30,0x72,0x00,0x0A,0x70,0x72,0x37,0x76,0x38,0x0A,0x70,0x76,0x70,0x7A,0x31,0x7A,
    0x00,0x02,0x08,0x43,0x05,0xD1,0x28,0x68,0xFF,0x30,0x01,0x30,0x00,0x7A,0x01,0xF0,
    0xFF,0xFC,0xB0,0x7F,0x00,0x28,0x2C,0xD1,0x70,0x7A,0x32,0x7A,0x01,0x02,0x28,0x68,
    0x11,0x43,0xFF,0x30,0x03,0x30,0x42,0x79,0x00,0x79,0x12,0x02,0x02,0x43,0x91,0x42,
    0x1F,0xD3,0xFF,0xF7,0x33,0xFB,0x00,0x28,0x02,0xD0,0x37,0x72,0x38,0x0A,0x16,0xE0,
    0x70,0x7A,0x31,0x7A,0x00,0x02,0x08,0x43,0x01,0x21,0xC9,0x03,0x88,0x42,0x2E,0xD2,
    0x28,0x68,0x01,0x46,0xFF,0x30,0x03,0x30,0x42,0x79,0xFF,0x31,0x03,0x79,0x01,0x31,
    0x10,0x02,0x89,0x7A,0x18,0x43,0x40,0x1A,0x40,0x1E,0x30,0x72,0x00,0x0A,0x70,0x72,
    0x1D,0xE0,0x70,0x7A,0x32,0x7A,0x01,0x02,0x28,0x68,0x11,0x43,0xFF,0x30,0x01,0x30,
    0x42,0x79,0x03,0x79,0x12,0x02,0x1A,0x43,0x91,0x42,0x02,0xD1,0x40,0x7A,0x01,0xF0,
    0xBF,0xFC,0x28,0x68,0xFF,0x30,0x21,0x30,0xC0,0x7F,0x00,0x28,0x02,0xD0,0x08,0x20,
    0xFB,0xF7,0x54,0xF9,0x01,0x22,0x21,0x21,0x08,0x20,0x02,0xF0,0xDF,0xFC,0x00,0x21,
    0x01,0x20,0xFC,0xF7,0xF9,0xFE,0x03,0xF0,0x5F,0xFF,0xF8,0xBD,0x3C,0x07,0x00,0x20,
    0xB0,0x08,0x00,0x20,0xF0,0xB5,0x9B,0xB0,0x00,0x26,0x68,0x46,0x06,0x70,0xFA,0xF7,
    0xD5,0xFD,0x03,0xF0,0x49,0xFF,0x39,0x4D,0x23,0x21,0x2F,0x46,0x20,0x3F,0xEE,0x70,
    0x79,0x70,0x38,0x1D,0xFA,0xF7,0x88,0xFD,0x35,0x4A,0x36,0x4B,0x11,0x68,0x88,0x42,
    0x04,0xD9,0x41,0x1A,0xC9,0x02,0x01,0x24,0xE4,0x03,0x03,0xE0,0x41,0x1A,0xC9,0x02,
    0x0F,0x24,0xE4,0x02,0x09,0x19,0x09,0x0C,0x59,0x82,0x10,0x60,0x68,0x46,0xFA,0xF7,
    0x15,0xFE,0x2B,0x48,0xEF,0x22,0x24,0x30,0x01,0x7F,0x11,0x40,0x01,0x77,0x20,0x38,
    0x00,0x6B,0x01,0xA9,0x02,0xF0,0xF6,0xF9,0x04,0x00,0x00,0xD5,0x00,0x24,0x26,0x48,
    0xEC,0x70,0x00,0x68,0xE0,0x30,0x80,0x7A,0x00,0x28,0x03,0xD0,0xE1,0xB2,0x01,0xA8,
    0xFB,0xF7,0x5E,0xFF,0x20,0x48,0x00,0x68,0xFF,0x30,0x21,0x30,0x81,0x7F,0x02,0x29,
    0x0C,0xD1,0x79,0x7C,0x00,0x29,0x08,0xD1,0xA9,0x78,0x00,0x29,0x05,0xD1,0x41,0x7F,
    0x02,0x7F,0x08,0x02,0x10,0x43,0x02,0xF0,0x5F,0xFC,0xFE,0x70,0x38,0x7C,0x00,0x28,
    0x06,0xD1,0x38,0x7D,0xE1,0xB2,0x02,0x07,0x12,0x0F,0x01,0xA8,0x03,0xF0,0xB8,0xFC,
    0xE1,0xB2,0x01,0xA8,0xFE,0xF7,0xE4,0xFA,0x68,0x46,0x00,0x78,0x00,0x28,0x05,0xD1,
    0xB8,0x7E,0x00,0x28,0x02,0xD1,0x38,0x7C,0x00,0x28,0x02,0xD0,0x3E,0x72,0x30,0x0A,
    0x09,0xE0,0x78,0x7A,0x39,0x7A,0x00,0x02,0x08,0x43,0x08,0x49,0x88,0x42,0x03,0xD2,
    0x40,0x1C,0x38,0x72,0x00,0x0A,0x78,0x72,0x1B,0xB0,0xF0,0xBD,0x5C,0x07,0x00,0x20,
    0xB4,0x08,0x00,0x20,0xC8,0x21,0x00,0x20,0xB0,0x08,0x00,0x20,0xFF,0x7F,0x00,0x00,
    0x70,0xB5,0x0F,0x4D,0x21,0x20,0x68,0x70,0x0E,0x48,0x2C,0x46,0x80,0x78,0x20,0x34,
    0x20,0x71,0x60,0x79,0x00,0x28,0x0F,0xD0,0x03,0xF0,0x54,0xF9,0x00,0x20,0x60,0x71,
    0x01,0x20,0x01,0xF0,0x5B,0xFD,0x00,0x21,0x02,0x20,0xFC,0xF7,0x55,0xFE,0x29,0x1D,
    0xFA,0xF7,0x04,0xFD,0x01,0xF0,0x28,0xFD,0x00,0x20,0x01,0xF0,0x4F,0xFD,0x70,0xBD,
    0x3C,0x07,0x00,0x20,0x78,0x07,0x00,0x20,0x10,0xB5,0x24,0x4C,0x26,0x20,0x60,0x70,
    0x20,0x7C,0x00,0x28,0x12,0xD0,0x1D,0x21,0x21,0x48,0xFA,0xF7,0xDA,0xFC,0x03,0xF0,
    0x2B,0xFD,0x00,0x28,0x01,0xD1,0x00,0xF0,0x1F,0xF9,0x01,0xF0,0x69,0xFB,0x00,0x28,
    0x19,0xD0,0x1A,0x48,0xFF,0x21,0x20,0x30,0x01,0x72,0x14,0xE0,0x19,0x48,0x00,0x68,
    0xFF,0x30,0x21,0x30,0xC0,0x7F,0x00,0x28,0x0D,0xD1,0x03,0xF0,0x15,0xFD,0x00,0x28,
    0x09,0xD1,0x00,0xF0,0x09,0xF9,0x01,0xF0,0xBF,0xFC,0x00,0x28,0x03,0xD0,0x01,0xF0,
    0x4F,0xFB,0x01,0xF0,0xAF,0xFC,0x03,0xF0,0x15,0xFA,0x01,0xF0,0xED,0xFC,0x0B,0x48,
    0x0C,0x30,0xFA,0xF7,0xB9,0xFC,0x00,0x68,0x0B,0x49,0x88,0x42,0x02,0xD0,0x02,0x20,
    0x03,0xF0,0xFC,0xFB,0xE0,0x7A,0xA1,0x7A,0x00,0x02,0x08,0x43,0xFF,0x28,0x03,0xD2,
    0x40,0x1C,0xA0,0x72,0x00,0x0A,0xE0,0x72,0x10,0xBD,0x00,0x00,0x3C,0x07,0x00,0x20,
    0x50,0x05,0x00,0x20,0xB0,0x08,0x00,0x20,0x5A,0xA5,0xAC,0xCA,0x10,0xB5,0x03,0x4B,
    0x0A,0x22,0x03,0x21,0x03,0xF0,0xA8,0xFD,0x00,0x20,0x10,0xBD,0x69,0x62,0x00,0x00,
    0x10,0xB5,0x03,0x4B,0x1E,0x22,0x02,0x21,0x03,0xF0,0x9E,0xFD,0x00,0x20,0x10,0xBD,
    0x65,0x63,0x00,0x00,0x70,0xB5,0x04,0x46,0x01,0x21,0x60,0x30,0x81,0x74,0x41,0x75,
    0x0C,0x4B,0x14,0x22,0x20,0x46,0x03,0xF0,0x8F,0xFD,0x25,0x46,0x80,0x35,0x68,0x68,
    0x00,0x28,0x01,0xD0,0x00,0x20,0x70,0xBD,0xFF,0xF7,0xD8,0xFD,0x20,0x34,0x68,0x60,
    0x20,0x7D,0x61,0x7D,0x40,0x18,0x44,0x00,0x20,0x46,0x03,0xF0,0x15,0xFD,0x20,0x46,
    0x70,0xBD,0x00,0x00,0xD5,0x62,0x00,0x00,0x70,0xB5,0x04,0x46,0x01,0x21,0x60,0x30,
    0x41,0x75,0x0C,0x4B,0x1E,0x22,0x20,0x46,0x03,0xF0,0x6E,0xFD,0x25,0x46,0x80,0x35,
    0x68,0x68,0x00,0x28,0x01,0xD0,0x00,0x20,0x70,0xBD,0xFF,0xF7,0xB7,0xFD,0x20,0x34,
    0x68,0x60,0x20,0x7D,0x61,0x7D,0x40,0x18,0x44,0x00,0x20,0x46,0x03,0xF0,0xF4,0xFC,
    0x20,0x46,0x70,0xBD,0xE7,0x63,0x00,0x00,0x10,0xB5,0x03,0x4B,0x0B,0x22,0x02,0x21,
    0x03,0xF0,0x52,0xFD,0x00,0x20,0x10,0xBD,0xD5,0x65,0x00,0x00,0xF7,0xB5,0x86,0xB0,
    0x88,0x6F,0x03,0x90,0x0C,0x46,0x04,0x92,0x89,0x6E,0x00,0x20,0xC0,0x43,0x00,0x29,
    0x70,0xD0,0x03,0x99,0x40,0x31,0x89,0x7B,0x00,0x29,0x6B,0xD0,0x0A,0x29,0x69,0xD2,
    0x00,0x20,0x69,0x46,0x48,0x80,0xA0,0x6E,0x01,0x90,0xFF,0xF7,0x87,0xFD,0x02,0x90,
    0xA0,0x6F,0x80,0x78,0xC0,0x00,0x03,0xF0,0xC7,0xFC,0xA0,0x6F,0x80,0x78,0xC1,0x00,
    0x02,0x98,0xFA,0xF7,0x0E,0xFC,0x00,0x26,0x35,0x46,0x3F,0xE0,0x28,0x46,0x54,0x21,
    0x62,0x6F,0x48,0x43,0x11,0x5C,0x0B,0x07,0x37,0xD0,0x09,0x09,0x35,0xD1,0x02,0x99,
    0x03,0x46,0xF7,0x00,0x12,0x33,0xC9,0x5D,0xD2,0x5C,0x49,0x08,0xD2,0x07,0x49,0x00,
    0xD2,0x0F,0x11,0x43,0x02,0x9A,0x5B,0x1C,0xD1,0x55,0x62,0x6F,0xC9,0x07,0xD2,0x5C,
    0xC9,0x0F,0x52,0x00,0x11,0x43,0x02,0x9A,0x1C,0x30,0xD1,0x55,0x59,0x1C,0x62,0x6F,
    0x7B,0x1C,0x51,0x5A,0x02,0x9A,0x3F,0x1D,0xD1,0x54,0x62,0x6F,0x02,0x99,0x10,0x18,
    0xC9,0x19,0x02,0x88,0x0A,0x80,0x40,0x88,0x48,0x80,0x02,0x98,0xC0,0x19,0x03,0xF0,
    0xAD,0xFD,0x01,0x46,0x68,0x46,0x40,0x88,0x81,0x42,0x03,0xDD,0x02,0x98,0xC0,0x19,
    0x03,0xF0,0xA4,0xFD,0x69,0x46,0x48,0x80,0x76,0x1C,0x6D,0x1C,0xA0,0x6F,0x80,0x78,
    0xA8,0x42,0xBB,0xDC,0x68,0x46,0x06,0x80,0xA1,0x6F,0x6A,0x46,0x04,0x9B,0x06,0x98,
    0xFB,0xF7,0xCA,0xFA,0x04,0x46,0x02,0x98,0x03,0xF0,0x8E,0xFC,0x03,0x98,0x20,0x30,
    0x84,0x73,0x30,0x46,0x09,0xB0,0xF0,0xBD,0x70,0xB5,0x0B,0x4C,0x1D,0x20,0xA5,0x79,
    0x0A,0x49,0x68,0x43,0x41,0x18,0x1D,0x22,0x09,0x48,0xFA,0xF7,0x83,0xFB,0x20,0x7A,
    0xFF,0x28,0x00,0xD0,0x25,0x72,0x6D,0x1C,0x08,0x2D,0x02,0xD3,0x00,0x20,0xA0,0x71,
    0x70,0xBD,0xA5,0x71,0x70,0xBD,0x00,0x00,0x5C,0x07,0x00,0x20,0x6D,0x05,0x00,0x20,
    0x50,0x05,0x00,0x20,0xF7,0xB5,0x8C,0xB0,0x88,0x6F,0x01,0x90,0xC0,0x78,0x00,0x07,
    0x00,0x0F,0x01,0x28,0x52,0xD0,0x01,0x98,0x44,0x30,0x02,0x90,0x40,0x79,0xFF,0x28,
    0x4C,0xD0,0x0C,0x98,0x0C,0x99,0x00,0x68,0x86,0x46,0x02,0x98,0x00,0x6A,0x84,0x46,
    0x02,0x98,0xC0,0x69,0x04,0x90,0x00,0x20,0x05,0x90,0x00,0x90,0x06,0x90,0x15,0x20,
    0x08,0x56,0x03,0x90,0x00,0x28,0x51,0xD0,0x14,0x20,0x08,0x56,0x08,0x90,0x39,0x4A,
    0x08,0x99,0x53,0x42,0x00,0x29,0x39,0xD0,0x01,0x98,0x80,0x7C,0x07,0x90,0x74,0x46,
    0x00,0x20,0x20,0x5E,0x64,0x46,0x00,0x26,0x09,0x90,0xA6,0x5F,0x0A,0x96,0x80,0x1B,
    0x04,0x9E,0x00,0x27,0xF7,0x5F,0x0A,0x9E,0x07,0x9C,0x01,0x25,0xBE,0x1B,0xA6,0x42,
    0x00,0xDC,0x00,0x25,0x3E,0x46,0x09,0x9F,0x01,0x24,0xF7,0x1B,0x07,0x9E,0xB7,0x42,
    0x00,0xDC,0x00,0x24,0x2C,0x19,0x01,0x2C,0x00,0xD0,0x00,0x24,0x06,0x9D,0x64,0x19,
    0x06,0x94,0x04,0x9C,0xA4,0x1C,0x04,0x94,0x74,0x46,0xA4,0x1C,0xA6,0x46,0x64,0x46,
    0xA4,0x1C,0xA4,0x46,0x90,0x42,0x04,0xDD,0x02,0x46,0x05,0xE0,0x00,0x20,0x0F,0xB0,
    0xF0,0xBD,0x98,0x42,0x00,0xDA,0x03,0x46,0x49,0x1E,0xC8,0xD1,0xD0,0x1A,0x05,0x99,
    0x40,0x1C,0x09,0x18,0x05,0x91,0x00,0x99,0x88,0x42,0x00,0xDD,0x00,0x90,0x03,0x98,
    0x40,0x1E,0x03,0x90,0xB3,0xD1,0x06,0x98,0x00,0x28,0x07,0xD1,0x02,0x98,0x80,0x7A,
    0x0A,0x28,0x03,0xD2,0x02,0x99,0x40,0x1C,0x88,0x72,0x02,0xE0,0x02,0x98,0x00,0x21,
    0x81,0x72,0x0C,0x98,0x15,0x21,0x41,0x56,0x05,0x98,0x02,0xF0,0x40,0xFF,0x00,0x99,
    0xFF,0x22,0xFF,0x29,0x00,0xDA,0x0A,0x46,0x01,0x99,0x40,0x31,0x0A,0x73,0xC8,0x72,
    0x01,0x99,0x20,0x31,0x8A,0x7E,0xD3,0x00,0x9A,0x1A,0x10,0x18,0xC0,0x10,0x88,0x76,
    0xC4,0xE7,0x00,0x00,0xF0,0xD8,0xFF,0xFF,0xF8,0xB5,0x86,0x46,0x88,0x6F,0xC1,0x78,
    0x09,0x09,0x09,0xD0,0x01,0x46,0x20,0x31,0x00,0x91,0x89,0x7B,0x00,0x29,0x03,0xD0,
    0x00,0x7D,0x4B,0x1E,0x84,0x46,0x1F,0xE0,0x00,0x20,0xF8,0xBD,0x0C,0x01,0x10,0x5D,
    0x76,0x46,0x76,0x68,0x40,0x00,0xA4,0x18,0x30,0x5E,0x65,0x78,0x66,0x46,0x60,0x45,
    0x05,0xDD,0x70,0x46,0x80,0x68,0x6D,0x00,0x45,0x5F,0xB5,0x42,0x0C,0xDC,0x99,0x42,
    0x09,0xDA,0x18,0x01,0x85,0x18,0x6F,0x68,0x2E,0x68,0xA8,0x68,0xED,0x68,0x67,0x60,
    0x26,0x60,0xE5,0x60,0xA0,0x60,0x5B,0x1E,0x49,0x1E,0xDF,0xD5,0x00,0x98,0x5B,0x1C,
    0x83,0x73,0xD9,0xE7,0xF0,0xB5,0x04,0x46,0x88,0x6F,0x0D,0x46,0xC1,0x78,0x02,0x46,
    0x0B,0x07,0x44,0x32,0x1B,0x0F,0x87,0xB0,0x01,0x2B,0x39,0xD0,0x52,0x79,0xFF,0x2A,
    0x36,0xD0,0x14,0x26,0x15,0x22,0xA6,0x57,0xA2,0x56,0x04,0x92,0x02,0x6E,0x05,0x92,
    0x07,0x6D,0x72,0x00,0xD2,0x19,0x06,0x92,0x09,0x09,0x0E,0xD0,0x80,0x30,0x01,0x69,
    0x33,0x46,0x3A,0x46,0xA0,0x68,0x01,0xF0,0xB5,0xFC,0xA8,0x6F,0x15,0x23,0x81,0x6F,
    0xE3,0x56,0x60,0x68,0x06,0x9A,0x01,0xF0,0xAD,0xFC,0x06,0x98,0x01,0x22,0x02,0x92,
    0x00,0x90,0x01,0x97,0x03,0x96,0x20,0x68,0x32,0x46,0x04,0x9B,0x05,0x99,0xFF,0xF7,
    0xBB,0xFB,0x01,0x23,0x06,0x99,0x00,0x97,0x03,0x93,0x01,0x91,0x02,0x96,0x33,0x46,
    0x20,0x68,0x04,0x9A,0x05,0x99,0xFF,0xF7,0xAF,0xFB,0x00,0x20,0x07,0xB0,0xF0,0xBD,
    0x01,0x20,0xFB,0xE7,0x70,0xB5,0x89,0x6F,0x3F,0x22,0x52,0x5C,0x05,0x2A,0x38,0xD9,
    0xCA,0x78,0x12,0x09,0x35,0xD0,0x00,0x23,0x15,0x25,0x1A,0x46,0x45,0x57,0x06,0xE0,
    0x44,0x68,0x56,0x00,0xA4,0x5F,0x9C,0x42,0x00,0xDD,0x23,0x46,0x52,0x1C,0x95,0x42,
    0xF6,0xDC,0x64,0x2B,0x23,0xDD,0x00,0x23,0x1D,0xE0,0x14,0x22,0x82,0x56,0x04,0x68,
    0x5A,0x43,0x52,0x00,0xA2,0x18,0x44,0x68,0x5D,0x00,0x64,0x5F,0x00,0x2C,0x00,0xDC,
    0x64,0x42,0x80,0x25,0x80,0x2C,0x00,0xDA,0x25,0x46,0x00,0x24,0x06,0xE0,0x00,0x26,
    0x96,0x5F,0x6E,0x43,0xF6,0x11,0x16,0x80,0x92,0x1C,0x64,0x1C,0x14,0x26,0x86,0x57,
    0xA6,0x42,0xF4,0xDC,0x5B,0x1C,0x15,0x22,0x82,0x56,0x9A,0x42,0xDD,0xDC,0xFA,0xF7,
    0x27,0xFD,0x00,0x20,0x70,0xBD,0xF0,0xB5,0x85,0xB0,0x03,0x91,0x8E,0x6F,0x05,0x46,
    0xF1,0x78,0x08,0x07,0x00,0x0F,0x01,0x28,0x41,0xD0,0x34,0x46,0x44,0x34,0x60,0x79,
    0xFF,0x28,0x3C,0xD0,0x33,0x7C,0x08,0x22,0x01,0x20,0xD2,0x1A,0x01,0x2A,0x03,0xDD,
    0x07,0x20,0x07,0x2A,0x00,0xDA,0x10,0x46,0x02,0x90,0x15,0x20,0x28,0x56,0x00,0x27,
    0x84,0x46,0x14,0x20,0x28,0x56,0x04,0x97,0x86,0x46,0x08,0x09,0x41,0xD0,0x60,0x46,
    0x37,0x6D,0x40,0x00,0xC0,0x19,0x04,0x90,0x00,0x20,0x07,0xE0,0x41,0x00,0x6A,0x68,
    0x63,0x6B,0x52,0x5A,0x5B,0x5A,0xD2,0x1A,0x7A,0x52,0x40,0x1C,0x60,0x45,0xF5,0xDB,
    0x00,0x20,0x08,0xE0,0x41,0x00,0xAA,0x68,0xE3,0x6C,0x52,0x5A,0x5B,0x5A,0xD2,0x1A,
    0x04,0x9B,0x40,0x1C,0x5A,0x52,0x70,0x45,0xF4,0xDB,0x3A,0x46,0x31,0x46,0x28,0x46,
    0x04,0x9B,0xFA,0xF7,0xC1,0xFF,0x20,0x36,0xF0,0x7F,0x05,0x28,0x02,0xD8,0x00,0x20,
    0x05,0xB0,0xF0,0xBD,0x00,0x23,0x02,0x9A,0x01,0x93,0x00,0x92,0x26,0x46,0x40,0x36,
    0xF3,0x5E,0x62,0x6B,0xA1,0x6B,0x68,0x68,0xFE,0xF7,0xCA,0xFE,0x00,0x23,0x02,0x9A,
    0x01,0x93,0x00,0x92,0x18,0x23,0xF3,0x5E,0xE2,0x6C,0x21,0x6D,0xA8,0x68,0xFE,0xF7,
    0xBF,0xFE,0x03,0x98,0x04,0x99,0x80,0x6F,0x3B,0x46,0x02,0x7D,0x01,0x92,0x00,0x91,
    0x28,0x46,0xE2,0x69,0x21,0x6A,0x03,0xF0,0xC9,0xF9,0xD8,0xE7,0xF7,0xB5,0x8A,0xB0,
    0x88,0x6F,0x08,0x90,0xC0,0x78,0x00,0x09,0x77,0xD0,0x08,0x98,0x00,0x24,0x00,0x7D,
    0x05,0x90,0x64,0x20,0x00,0x94,0x04,0x90,0x0A,0x99,0x01,0x94,0x02,0x94,0x03,0x94,
    0x14,0x22,0x8A,0x56,0x0A,0x98,0x94,0x46,0x80,0x68,0x6B,0x46,0x01,0xAD,0x02,0x22,
    0x09,0xE0,0x01,0x2A,0x07,0xD1,0x0A,0x99,0x0A,0x98,0x15,0x26,0x8E,0x57,0x40,0x68,
    0x02,0xAB,0x03,0xAD,0xB4,0x46,0x04,0x9E,0x61,0x46,0x76,0x42,0xB6,0x46,0x10,0xE0,
    0x00,0x26,0x86,0x5F,0x05,0x9F,0xBE,0x42,0x06,0xDD,0x2F,0x68,0xBF,0x19,0x2F,0x60,
    0x1F,0x68,0x7F,0x1C,0x1F,0x60,0x02,0xE0,0x76,0x45,0x00,0xDA,0x64,0x1C,0x49,0x1E,
    0x80,0x1C,0x00,0x29,0xEC,0xD1,0x52,0x1E,0xDB,0xD1,0x04,0x99,0x01,0x98,0x02,0xF0,
    0xB6,0xFD,0x01,0x90,0x04,0x99,0x03,0x98,0x02,0xF0,0xB1,0xFD,0x00,0x99,0x03,0x90,
    0x01,0x29,0x02,0xDB,0x02,0x99,0x01,0x29,0x06,0xDA,0x08,0x99,0x20,0x31,0xCA,0x7C,
    0x00,0x2A,0x07,0xD0,0x52,0x1E,0x04,0xE0,0x02,0x2C,0x03,0xDC,0x08,0x99,0x0A,0x22,
    0x20,0x31,0xCA,0x74,0x01,0x99,0x88,0x42,0x00,0xDC,0x08,0x46,0x08,0x9D,0x20,0x35,
    0x68,0x74,0x04,0x2C,0x1B,0xDC,0xE8,0x7C,0x00,0x28,0x18,0xD0,0x08,0x99,0x0A,0x98,
    0x01,0xF0,0x12,0xFD,0x00,0x21,0x02,0x2C,0x00,0xDD,0x01,0x21,0x00,0x22,0x10,0x46,
    0x00,0x29,0x05,0xDD,0x29,0x7D,0xFF,0x20,0x4B,0x1C,0xFF,0x2B,0x00,0xD2,0x48,0x1C,
    0x28,0x75,0x08,0x98,0x40,0x30,0x02,0x73,0x00,0x20,0x0D,0xB0,0xF0,0xBD,0x00,0x20,
    0x68,0x74,0xE7,0xE7,0xFE,0xB5,0x8E,0x6F,0x04,0x46,0xF0,0x78,0x00,0x21,0x00,0x09,
    0x00,0x28,0x04,0xD0,0x35,0x46,0x20,0x35,0x28,0x7D,0x01,0x28,0x02,0xD9,0x20,0x36,
    0x31,0x74,0x4C,0xE0,0x27,0x4A,0x90,0x68,0xD2,0x68,0x01,0x92,0x00,0x90,0xB0,0x7B,
    0x6A,0x46,0x40,0x42,0x10,0x70,0xF0,0x7B,0x01,0x28,0x07,0xD1,0xB0,0x20,0x50,0x70,
    0x1E,0x20,0x13,0x46,0x90,0x70,0xCE,0x22,0xDA,0x70,0x18,0x71,0x02,0x91,0x02,0xAA,
    0x69,0x46,0x20,0x46,0xFA,0xF7,0xA4,0xFB,0x02,0x99,0x03,0x46,0x81,0x42,0x00,0xDD,
    0x00,0x23,0x30,0x7D,0x00,0x21,0x15,0x26,0xA6,0x57,0x0A,0x46,0xB4,0x46,0x07,0xE0,
    0x66,0x68,0x57,0x00,0xF6,0x5F,0x86,0x42,0x01,0xDD,0x01,0x26,0x31,0x43,0x52,0x1C,
    0x94,0x45,0xF5,0xDC,0x00,0x22,0x14,0x26,0xA6,0x57,0xB4,0x46,0x07,0xE0,0xA6,0x68,
    0x57,0x00,0xF6,0x5F,0x86,0x42,0x01,0xDD,0x02,0x26,0x31,0x43,0x52,0x1C,0x94,0x45,
    0xF5,0xDC,0x03,0x2B,0x04,0xDD,0x28,0x7C,0x0A,0x28,0x08,0xD2,0x40,0x1C,0x05,0xE0,
    0x03,0x29,0x04,0xD0,0x28,0x7C,0x00,0x28,0x01,0xD0,0x40,0x1E,0x28,0x74,0x01,0x20,
    0xFE,0xBD,0x00,0x00,0xD0,0x89,0x00,0x00,0xF7,0xB5,0x88,0x6F,0xA2,0xB0,0x20,0x30,
    0x1A,0x90,0x00,0x7C,0x00,0x28,0x05,0xD0,0x1A,0x98,0x80,0x7B,0x18,0x90,0x01,0x28,
    0x02,0xDC,0x00,0x20,0x25,0xB0,0xF0,0xBD,0x22,0x9A,0x14,0x20,0x10,0x56,0x1C,0x90,
    0x19,0x90,0x88,0x6E,0x1B,0x90,0x18,0x21,0x12,0xA8,0xFA,0xF7,0xCA,0xF8,0x14,0x22,
    0x6A,0x49,0x1D,0xA8,0xFA,0xF7,0x9E,0xF8,0x22,0x99,0x15,0x20,0x08,0x56,0x00,0x24,
    0x40,0x1E,0x86,0x46,0x38,0xE0,0x19,0x98,0x00,0x23,0x40,0x1E,0x84,0x46,0x30,0xE0,
    0x19,0x98,0x1B,0x99,0x60,0x43,0xC9,0x18,0x40,0x5C,0x1F,0x28,0x28,0xD0,0x12,0xAF,
    0x39,0x5C,0x00,0x29,0x01,0xD1,0x41,0x1C,0x39,0x54,0x00,0x22,0x91,0x00,0x1D,0xAE,
    0x75,0x58,0x89,0x19,0x19,0x9E,0x2D,0x19,0x49,0x68,0x75,0x43,0x1B,0x9E,0xC9,0x18,
    0x71,0x18,0x69,0x5C,0x1F,0x29,0x10,0xD0,0x81,0x42,0x0E,0xD0,0x7D,0x5C,0x3E,0x5C,
    0xB5,0x42,0x0A,0xD0,0x00,0x2D,0x18,0xD0,0x00,0x21,0x7E,0x5C,0xAE,0x42,0x01,0xD1,
    0x3E,0x5C,0x7E,0x54,0x49,0x1C,0x17,0x29,0xF7,0xDB,0x52,0x1C,0x04,0x2A,0xDD,0xDB,
    0x5B,0x1C,0x63,0x45,0xCC,0xDB,0x64,0x1C,0xA6,0x45,0xC4,0xDC,0x18,0x21,0x68,0x46,
    0xFA,0xF7,0x7F,0xF8,0x00,0x25,0x24,0x9C,0x3B,0xE0,0x7E,0x54,0xED,0xE7,0x28,0x01,
    0x21,0x5C,0x1C,0x9A,0x03,0x19,0x58,0x78,0x51,0x43,0x08,0x18,0x41,0x00,0x22,0x98,
    0x00,0x68,0x40,0x5E,0x19,0x90,0x98,0x78,0x40,0x08,0x04,0x28,0x02,0xD3,0x19,0x98,
    0x96,0x28,0x02,0xDA,0xFF,0x20,0x69,0x46,0x48,0x55,0x00,0x20,0x0C,0x33,0x9E,0x78,
    0x01,0x46,0x1A,0x78,0xB4,0x46,0x06,0xE0,0x22,0x9E,0x57,0x00,0x76,0x68,0x49,0x1C,
    0xF6,0x5F,0x30,0x18,0x52,0x1C,0x94,0x45,0xF6,0xDA,0x5A,0x78,0xDB,0x78,0x06,0xE0,
    0x22,0x9E,0x57,0x00,0xB6,0x68,0x49,0x1C,0xF6,0x5F,0x30,0x18,0x52,0x1C,0x93,0x42,
    0xF6,0xDA,0x02,0xF0,0x74,0xFC,0x19,0x99,0x6A,0x00,0x40,0x18,0x06,0xA9,0x88,0x52,
    0x6D,0x1C,0x18,0x98,0x85,0x42,0xC2,0xDB,0x00,0x21,0x2A,0xE0,0x6E,0x46,0x70,0x5C,
    0x00,0x28,0x25,0xD1,0x00,0x22,0x16,0x23,0x0D,0x01,0x2D,0x19,0x10,0x46,0x12,0xAF,
    0xAC,0x46,0x17,0xE0,0x6D,0x46,0x2D,0x5C,0x00,0x2D,0x12,0xD1,0x06,0x01,0x65,0x46,
    0x36,0x19,0xED,0x78,0xF6,0x78,0x7D,0x5D,0xBE,0x5D,0xB5,0x42,0x09,0xD1,0xFF,0x25,
    0x6E,0x46,0x35,0x54,0x46,0x00,0x06,0xAD,0xAD,0x5B,0x95,0x42,0x01,0xDD,0x2A,0x46,
    0x03,0x46,0x40,0x1C,0x18,0x9D,0xA8,0x42,0xE4,0xDB,0x01,0x22,0x68,0x46,0xC2,0x54,
    0x49,0x1C,0x18,0x98,0x81,0x42,0xD1,0xDB,0x41,0x1E,0x10,0xE0,0x6A,0x46,0x12,0x5C,
    0x01,0x2A,0x0C,0xD0,0x88,0x42,0x09,0xDA,0x0B,0x01,0x1B,0x19,0x1D,0x46,0xE0,0xCD,
    0x02,0x01,0x12,0x19,0xDB,0x68,0xE0,0xC2,0x0C,0x3A,0xD3,0x60,0x49,0x1E,0x40,0x1E,
    0xEC,0xD5,0x1A,0x98,0x49,0x1C,0x81,0x73,0x1B,0xE7,0x00,0x00,0x04,0x8A,0x00,0x00,
    0xFF,0xB5,0x0D,0x6B,0x00,0x21,0x81,0xB0,0x07,0x46,0x1E,0x46,0x0C,0x46,0xE0,0x00,
    0x40,0x19,0x82,0x8A,0x92,0x07,0x92,0x0F,0xB2,0x42,0x05,0xD1,0x83,0x69,0x29,0x46,
    0x38,0x46,0x03,0x9A,0x98,0x47,0x01,0x46,0x64,0x1C,0x0A,0x2C,0xEF,0xDB,0x08,0x46,
    0x05,0xB0,0xF0,0xBD,0x02,0x48,0x40,0x69,0x00,0x28,0x00,0xD0,0x00,0x47,0x70,0x47,
    0x74,0x01,0x00,0x20,0x03,0x48,0x00,0x6A,0x00,0x28,0x00,0xD0,0x00,0x47,0x01,0x20,
    0x70,0x47,0x00,0x00,0x74,0x01,0x00,0x20,0x02,0x48,0xC0,0x69,0x00,0x28,0x00,0xD0,
    0x00,0x47,0x70,0x47,0x74,0x01,0x00,0x20,0x03,0x49,0x49,0x68,0x00,0x29,0x00,0xD0,
    0x08,0x47,0x00,0x20,0x70,0x47,0x00,0x00,0x74,0x01,0x00,0x20,0x02,0x48,0x80,0x68,
    0x00,0x28,0x00,0xD0,0x00,0x47,0x70,0x47,0x74,0x01,0x00,0x20,0xF0,0xB5,0xE5,0x48,
    0x87,0xB0,0xC0,0x78,0xE5,0x4C,0x00,0x07,0x00,0x0F,0x03,0x90,0xE2,0x48,0x01,0x68,
    0xCA,0x7F,0x88,0x7F,0x16,0x02,0x06,0x43,0x08,0x46,0x49,0x7F,0x00,0x7F,0x0D,0x02,
    0x05,0x43,0x20,0x46,0xFE,0x30,0x02,0x7F,0x01,0x21,0x00,0x2A,0x39,0xD0,0x08,0x21,
    0xE4,0x1E,0x21,0x70,0x00,0x27,0x67,0x70,0x06,0x20,0xA0,0x70,0x39,0x46,0x02,0x20,
    0xFC,0xF7,0xEA,0xF8,0x80,0x03,0x00,0x0C,0x20,0x77,0x00,0x0A,0x60,0x77,0xA7,0x77,
    0xD1,0x48,0x02,0x68,0x10,0x46,0xE0,0x30,0xC1,0x7E,0x00,0x91,0x00,0x7F,0x01,0x90,
    0x81,0x42,0x70,0xD1,0xCB,0x48,0xC7,0x79,0x40,0x79,0x39,0x09,0x09,0x02,0x01,0x43,
    0x70,0x08,0x81,0x42,0x68,0xD9,0xFF,0x32,0x01,0x32,0x11,0x78,0x64,0x20,0x40,0x1A,
    0x68,0x43,0x64,0x21,0x02,0xF0,0x93,0xFB,0xC2,0x4A,0x39,0x07,0x12,0x79,0x09,0x0D,
    0x11,0x43,0x88,0x42,0x58,0xDA,0x01,0x98,0x02,0xF0,0x26,0xFD,0x00,0x28,0x7D,0xD0,
    0x23,0xE1,0xBE,0x4F,0x20,0x22,0xFF,0x1E,0x3A,0x70,0x00,0x20,0x78,0x70,0xB9,0x70,
    0x01,0x46,0x02,0x20,0xFC,0xF7,0xB0,0xF8,0x80,0x03,0x00,0x0C,0x38,0x77,0x00,0x0A,
    0x78,0x77,0x03,0x98,0xB8,0x77,0x03,0x98,0x00,0x28,0x03,0xD0,0xB4,0x48,0x00,0x7C,
    0x00,0x28,0x02,0xD0,0x00,0x20,0x07,0xB0,0xF0,0xBD,0xAF,0x48,0x02,0x68,0x10,0x46,
    0xE0,0x30,0xC1,0x7E,0x00,0x91,0x00,0x7F,0x02,0x90,0x81,0x42,0x2F,0xD1,0xA9,0x49,
    0xC8,0x79,0x01,0x90,0x00,0x09,0x49,0x79,0x00,0x02,0x08,0x43,0x71,0x08,0x88,0x42,
    0x1A,0xD9,0xFF,0x32,0x01,0x32,0x11,0x78,0x64,0x20,0x40,0x1A,0x68,0x43,0x64,0x21,
    0x02,0xF0,0x4D,0xFB,0x9F,0x49,0x01,0x9A,0x09,0x79,0x12,0x07,0x12,0x0D,0x0A,0x43,
    0x90,0x42,0x09,0xDA,0x02,0x98,0x02,0xF0,0xDF,0xFC,0x00,0x28,0x09,0xD1,0x04,0x20,
    0xF8,0x77,0x00,0x20,0x05,0x90,0xA9,0xE0,0x00,0x98,0x02,0xF0,0xD5,0xFC,0x00,0x28,
    0x03,0xD0,0x00,0x20,0xF4,0xE7,0xD4,0xE0,0xCA,0xE0,0x01,0x20,0xF0,0xE7,0x92,0x4D,
    0x08,0x46,0x02,0xF0,0xC9,0xFC,0x00,0x28,0x0C,0xD0,0x00,0x20,0xF8,0x77,0x28,0x68,
    0xE0,0x30,0x00,0x7F,0x02,0xF0,0xC0,0xFC,0x00,0x28,0x05,0xD0,0x00,0x20,0xF9,0x7F,
    0x08,0x43,0xDD,0xE7,0x01,0x20,0xF1,0xE7,0x04,0x20,0xF8,0xE7,0x81,0x00,0x43,0x18,
    0x84,0x48,0x1A,0x18,0x10,0x7A,0x01,0x07,0x00,0x09,0x84,0x46,0x09,0x0F,0x82,0x48,
    0x02,0x91,0x05,0x68,0x28,0x46,0xE0,0x30,0x00,0x90,0x00,0xE0,0x83,0xE0,0x40,0x7A,
    0x00,0x28,0xD0,0x79,0x0E,0xD0,0x01,0x09,0x56,0x79,0x09,0x02,0x31,0x43,0x00,0x07,
    0x16,0x79,0x00,0x0D,0x30,0x43,0xEF,0x7F,0xAE,0x7F,0x3F,0x02,0x37,0x43,0x6E,0x7F,
    0x2D,0x7F,0x0D,0xE0,0x01,0x07,0x16,0x79,0x09,0x0D,0x31,0x43,0x00,0x09,0x56,0x79,
    0x00,0x02,0x30,0x43,0x6F,0x7F,0x2E,0x7F,0x3F,0x02,0x37,0x43,0xEE,0x7F,0xAD,0x7F,
    0x36,0x02,0x2E,0x43,0x00,0x9D,0x01,0x96,0x2E,0x7A,0x35,0x09,0x01,0xD0,0x79,0x1A,
    0x89,0xB2,0x35,0x07,0x02,0xD0,0x01,0x9D,0x28,0x1A,0x80,0xB2,0x1D,0x19,0x69,0x70,
    0x0E,0x0A,0xAE,0x70,0xE8,0x70,0x06,0x0A,0x2E,0x71,0x65,0x46,0x00,0x2D,0x10,0xD0,
    0x05,0x9D,0x6D,0x1C,0xED,0xB2,0x05,0x95,0x65,0x46,0x02,0x2D,0x02,0xD0,0x00,0x2D,
    0x07,0xD0,0x09,0xE0,0xE5,0x5C,0xED,0x07,0x06,0xD1,0x02,0x98,0x00,0x01,0x80,0x1C,
    0x37,0xE0,0xE5,0x5C,0xED,0x07,0x32,0xD0,0x01,0x25,0x00,0x95,0x95,0x79,0x56,0x4A,
    0x12,0x68,0xE0,0x32,0x16,0x79,0xB5,0x42,0x11,0xD8,0x56,0x79,0xB5,0x42,0x10,0xD9,
    0xD5,0x7C,0x8D,0x42,0x0B,0xD8,0x15,0x7D,0x7D,0x1B,0x8D,0x42,0x07,0xDB,0x51,0x7D,
    0x81,0x42,0x04,0xD8,0x92,0x7D,0x01,0x99,0x89,0x1A,0x81,0x42,0x01,0xDA,0x00,0x20,
    0x00,0x90,0x02,0x98,0x01,0x01,0x60,0x46,0x00,0x28,0x00,0xD0,0x02,0x20,0x01,0x43,
    0x00,0x98,0x01,0x43,0xE1,0x54,0x04,0x98,0x40,0x1C,0xC0,0xB2,0x03,0x99,0x04,0x90,
    0x88,0x42,0x00,0xD2,0x72,0xE7,0x05,0x98,0x00,0x28,0x6F,0xD0,0x73,0xE0,0x02,0x98,
    0x00,0x01,0xE0,0x54,0xEF,0xE7,0x04,0x20,0xE0,0x70,0x3A,0x4B,0x18,0x7A,0x00,0x09,
    0x64,0xD0,0x39,0x48,0x02,0x68,0x16,0x46,0xE0,0x36,0x70,0x7A,0x00,0x28,0xD8,0x79,
    0x2E,0xD0,0x01,0x09,0x5D,0x79,0x09,0x02,0x29,0x43,0x00,0x07,0x1B,0x79,0x00,0x0D,
    0xD5,0x7F,0x18,0x43,0x2B,0x02,0x97,0x7F,0x55,0x7F,0x3B,0x43,0x12,0x7F,0x2D,0xE0,
    0x00,0x98,0x02,0xF0,0x01,0xFC,0x00,0x28,0x01,0xD0,0x00,0x20,0xDC,0xE7,0x01,0x20,
    0xDA,0xE7,0x29,0x4D,0x08,0x46,0x02,0xF0,0xF7,0xFB,0x00,0x28,0x0C,0xD0,0x00,0x20,
    0xE0,0x70,0x28,0x68,0xE0,0x30,0x00,0x7F,0x02,0xF0,0xEE,0xFB,0x00,0x28,0x05,0xD0,
    0x00,0x20,0xE1,0x78,0x08,0x43,0xC7,0xE7,0x01,0x20,0xF1,0xE7,0x04,0x20,0xF8,0xE7,
    0x01,0x07,0x1D,0x79,0x00,0x09,0x5B,0x79,0x00,0x02,0x09,0x0D,0x18,0x43,0x29,0x43,
    0x53,0x7F,0x15,0x7F,0x1B,0x02,0x2B,0x43,0xD5,0x7F,0x92,0x7F,0x2D,0x02,0x15,0x43,
    0x32,0x7A,0x16,0x09,0x01,0xD0,0x59,0x1A,0x89,0xB2,0x12,0x07,0x01,0xD0,0x28,0x1A,
    0x80,0xB2,0x12,0x4A,0x13,0x4B,0xFE,0x32,0xD5,0x8B,0x9D,0x42,0x04,0xD1,0x15,0x8C,
    0x9D,0x42,0x01,0xD1,0xD1,0x83,0x10,0x84,0x93,0x7F,0xCD,0x1A,0x13,0x8C,0x25,0x71,
    0xC3,0x1A,0x63,0x71,0xD1,0x83,0x10,0x84,0x05,0xE0,0xFF,0xE7,0x07,0x49,0x00,0x20,
    0xFE,0x31,0x88,0x61,0xC8,0x82,0x05,0x48,0xC0,0x1E,0xC1,0x1D,0xFA,0x31,0x08,0x60,
    0x01,0x20,0xA0,0xE6,0x50,0x05,0x00,0x20,0xB0,0x08,0x00,0x20,0xE6,0x03,0x00,0x20,
    0x3C,0x07,0x00,0x20,0xFF,0xFF,0x00,0x00,0xF8,0xB5,0x53,0x4D,0x00,0x26,0x2E,0x60,
    0xAE,0x71,0xEE,0x74,0xAE,0x80,0x2E,0x77,0x50,0x48,0xE8,0x83,0x50,0x4C,0x28,0x84,
    0x20,0x68,0x32,0x46,0xE0,0x30,0x41,0x7F,0xC0,0x7E,0xFB,0xF7,0x53,0xFC,0x20,0x68,
    0x00,0x22,0xE0,0x30,0x41,0x7F,0x00,0x7F,0xFB,0xF7,0x4C,0xFC,0x4D,0x22,0x49,0x49,
    0x49,0x48,0xF9,0xF7,0x8F,0xFD,0x20,0x68,0x02,0x46,0xE0,0x32,0x51,0x78,0x14,0x78,
    0x13,0x46,0x0A,0x02,0x44,0x49,0x22,0x43,0x20,0x31,0xCA,0x75,0x5A,0x78,0x1C,0x78,
    0x12,0x02,0x22,0x43,0x12,0x0A,0x0A,0x76,0x5A,0x7A,0x00,0x2A,0x09,0xD0,0xC4,0x7F,
    0x87,0x7F,0x24,0x02,0x3C,0x43,0x8C,0x76,0xC4,0x7F,0x87,0x7F,0x22,0x02,0x3A,0x43,
    0x08,0xE0,0x42,0x7F,0x04,0x7F,0x12,0x02,0x22,0x43,0x8A,0x76,0x42,0x7F,0x04,0x7F,
    0x12,0x02,0x22,0x43,0x12,0x0A,0xCA,0x76,0x01,0x46,0xE2,0x31,0x0A,0x46,0x4C,0x78,
    0x09,0x78,0x24,0x02,0x0C,0x43,0x30,0x49,0x40,0x31,0xCC,0x70,0x54,0x78,0x17,0x78,
    0x22,0x02,0x3A,0x43,0x12,0x0A,0x0A,0x71,0x5A,0x7A,0x00,0x2A,0x09,0xD0,0x42,0x7F,
    0x03,0x7F,0x12,0x02,0x1A,0x43,0x8A,0x71,0x42,0x7F,0x03,0x7F,0x10,0x02,0x18,0x43,
    0x08,0xE0,0xC2,0x7F,0x83,0x7F,0x12,0x02,0x1A,0x43,0x8A,0x71,0xC3,0x7F,0x82,0x7F,
    0x18,0x02,0x10,0x43,0x00,0x0A,0x20,0x4F,0xC8,0x71,0x01,0x24,0x38,0x46,0x08,0x30,
    0x00,0x90,0x45,0x20,0x60,0x43,0xC0,0x19,0x45,0x22,0x08,0x30,0x00,0x99,0xF9,0xF7,
    0x31,0xFD,0x64,0x1C,0xE4,0xB2,0x05,0x2C,0xF3,0xD3,0x16,0x49,0xBA,0x22,0x4D,0x31,
    0x16,0x48,0xF9,0xF7,0x27,0xFD,0x13,0x49,0x13,0x48,0x1E,0x22,0x1E,0x39,0x1E,0x38,
    0xF9,0xF7,0x20,0xFD,0x0E,0x48,0x10,0x4A,0x03,0x68,0x1E,0x3A,0x18,0x46,0xC0,0x30,
    0x41,0x7F,0x00,0x7F,0x09,0x02,0x01,0x43,0x11,0x75,0x08,0x0A,0x50,0x75,0x18,0x46,
    0xC2,0x30,0x41,0x7F,0x03,0x7F,0x08,0x02,0x18,0x43,0x90,0x75,0x00,0x0A,0xD0,0x75,
    0xAE,0x61,0xEE,0x82,0xF8,0xBD,0x00,0x00,0xE4,0x04,0x00,0x20,0xFF,0xFF,0x00,0x00,
    0xB0,0x08,0x00,0x20,0x95,0x87,0x00,0x00,0xB6,0x01,0x00,0x20,0x17,0x03,0x00,0x20,
    0xF8,0xB5,0xB0,0x4D,0xE9,0x7C,0x0C,0x29,0x01,0xD2,0xEA,0x1D,0x88,0x54,0xE8,0x7C,
    0xFF,0x28,0x01,0xD2,0x40,0x1C,0xE8,0x74,0xC0,0xB2,0x00,0x26,0xC8,0x23,0xAA,0x4A,
    0x02,0x28,0x45,0xD0,0x11,0x21,0x64,0x24,0x49,0x02,0x04,0x28,0x5F,0xD0,0x06,0x28,
    0x7E,0xD0,0x01,0x23,0x0A,0x28,0x7C,0xD0,0x0B,0x28,0x57,0xD1,0x28,0x7C,0xCA,0x28,
    0x54,0xD1,0x69,0x7C,0xA5,0x29,0x75,0xD0,0xA0,0x4C,0xA1,0x48,0x27,0x68,0x3C,0x46,
    0x20,0x34,0xAC,0x29,0x6F,0xD0,0xD4,0x29,0x6E,0xD0,0x10,0x46,0x99,0x4D,0x20,0x30,
    0xD0,0x29,0x6A,0xD0,0xDF,0x29,0x69,0xD0,0xD1,0x29,0x03,0xD0,0xD2,0x29,0x01,0xD0,
    0xD3,0x29,0x3B,0xD1,0x08,0x07,0x00,0x0F,0x68,0x75,0x20,0x7C,0x61,0x7C,0x02,0x46,
    0x4A,0x43,0x10,0x18,0x40,0x18,0x41,0x00,0x91,0x48,0x12,0x30,0x49,0x1D,0x01,0x70,
    0x21,0x7C,0x62,0x7C,0x0B,0x46,0x53,0x43,0x59,0x18,0x89,0x18,0x49,0x00,0x49,0x1D,
    0x09,0x0A,0x41,0x70,0x21,0x7C,0x81,0x70,0x61,0x7C,0xC1,0x70,0x06,0x71,0x6D,0xE0,
    0x84,0x48,0x01,0x7A,0xC4,0x79,0x08,0x02,0x20,0x43,0x40,0xBA,0x01,0x21,0x49,0x03,
    0xA8,0x80,0x88,0x42,0x04,0xD1,0x13,0x76,0x18,0x0A,0x50,0x76,0x81,0x48,0x5D,0xE0,
    0x21,0x21,0x09,0x02,0x88,0x42,0x09,0xD1,0x13,0x76,0x18,0x0A,0x50,0x76,0x00,0x20,
    0xFC,0xF7,0x38,0xFB,0x7B,0x48,0x1E,0x30,0x28,0x60,0x2E,0x75,0xF8,0xBD,0xA8,0x88,
    0x88,0x42,0x02,0xD1,0xAF,0x7A,0x01,0x2F,0x05,0xD0,0x88,0x42,0x09,0xD1,0x6F,0x7A,
    0x01,0x2F,0x03,0xD0,0x05,0xE0,0x01,0x20,0x2E,0x60,0x23,0xE0,0xAF,0x7A,0x08,0x2F,
    0x17,0xD0,0x88,0x42,0xEA,0xD1,0x68,0x7A,0x00,0x28,0xE7,0xD1,0xA8,0x7A,0x08,0x28,
    0xE4,0xD1,0x14,0x76,0x20,0x0A,0x50,0x76,0x16,0x72,0x30,0x0A,0x50,0x72,0x06,0xE0,
    0x13,0xE0,0x2D,0xE0,0x42,0xE0,0x51,0xE0,0x75,0xE0,0xB8,0xE0,0xBC,0xE0,0x2E,0x60,
    0xF8,0xBD,0x13,0x76,0x18,0x0A,0x50,0x76,0x63,0x48,0x10,0x72,0x00,0x0A,0x50,0x72,
    0x00,0x20,0x2E,0x60,0xFC,0xF7,0xFE,0xFA,0xF8,0xBD,0xA8,0x88,0x88,0x42,0xFB,0xD1,
    0x68,0x7A,0x33,0x28,0x0B,0xD0,0x3A,0x28,0x0B,0xD0,0x34,0x28,0x0C,0xD0,0x35,0x28,
    0x01,0xD0,0x37,0x28,0xF0,0xD1,0x14,0x76,0x20,0x0A,0x50,0x76,0xF8,0xBD,0x57,0x48,
    0x04,0xE0,0x56,0x48,0xC0,0x1F,0x01,0xE0,0x54,0x48,0x00,0x1F,0x28,0x60,0xF8,0xBD,
    0xA8,0x88,0x88,0x42,0xFB,0xD1,0x68,0x7A,0x36,0x28,0xF8,0xD1,0x28,0x7C,0x5A,0x21,
    0x00,0x28,0x06,0xD0,0x03,0x28,0xF2,0xD1,0x11,0x76,0x08,0x0A,0x50,0x76,0x2E,0x77,
    0xF8,0xBD,0x11,0x76,0x08,0x0A,0x50,0x76,0x2B,0x77,0xF8,0xBD,0x49,0x48,0x48,0x49,
    0x81,0x63,0x49,0x49,0xC1,0x63,0x00,0x20,0xFC,0xF7,0xC4,0xFA,0x47,0x49,0x10,0x20,
    0x88,0x71,0x00,0x21,0x01,0x20,0x02,0xF0,0x31,0xFB,0xFE,0xE7,0x32,0x21,0x11,0x76,
    0x00,0x21,0x51,0x76,0x0A,0x21,0x01,0x70,0x07,0x46,0x46,0x70,0x20,0x46,0xF9,0xF7,
    0x33,0xFC,0x01,0x0E,0xB9,0x70,0x01,0x0C,0xF9,0x70,0x38,0x71,0x00,0x0A,0x78,0x71,
    0x3B,0x48,0x3C,0x49,0xC0,0x6B,0xC9,0x6B,0x40,0x18,0x3B,0x49,0xC9,0x6B,0x40,0x18,
    0x40,0x00,0xAA,0x38,0x01,0x0E,0xB9,0x71,0x01,0x0C,0xF9,0x71,0x01,0x0A,0x39,0x72,
    0x78,0x72,0x2F,0x60,0xF8,0xBD,0x12,0x21,0x01,0x70,0x05,0x46,0x46,0x70,0x38,0x46,
    0xF9,0xF7,0x12,0xFC,0xA8,0x70,0x38,0x46,0xF9,0xF7,0x0E,0xFC,0x00,0x0A,0xE8,0x70,
    0x2E,0x71,0x38,0x46,0x6E,0x71,0x24,0x30,0xF9,0xF7,0x06,0xFC,0xA8,0x71,0x01,0x0A,
    0xE9,0x71,0x01,0x0C,0x29,0x72,0x00,0x0E,0x68,0x72,0x20,0x7C,0xA8,0x72,0xEE,0x72,
    0x60,0x7C,0x28,0x73,0x6E,0x73,0xE9,0x20,0xC1,0x5D,0x18,0x48,0x00,0x68,0x80,0x1C,
    0x00,0x29,0x0B,0xD0,0x41,0x7F,0x02,0x7F,0x08,0x02,0x10,0x43,0xA8,0x73,0x00,0x0A,
    0xE8,0x73,0x78,0x7F,0x39,0x7F,0x00,0x02,0x08,0x43,0x0A,0xE0,0x79,0x7F,0x3A,0x7F,
    0x09,0x02,0x11,0x43,0xA9,0x73,0x09,0x0A,0xE9,0x73,0x41,0x7F,0x02,0x7F,0x08,0x02,
    0x10,0x43,0x28,0x74,0x00,0x0A,0x68,0x74,0x06,0x48,0x05,0x60,0xF8,0xBD,0xAB,0x21,
    0x11,0x74,0x51,0x74,0xC3,0x72,0x02,0xE0,0x16,0x74,0x56,0x74,0xC6,0x72,0x6E,0x75,
    0xF8,0xBD,0x00,0x00,0xE4,0x04,0x00,0x20,0x3C,0x07,0x00,0x20,0xB0,0x08,0x00,0x20,
    0xD1,0x03,0x00,0x20,0x98,0x01,0x00,0x20,0x01,0x80,0x00,0x00,0x73,0x87,0x00,0x00,
    0xA5,0xA5,0xCA,0xCA,0x00,0x01,0x00,0x20,0xCA,0xCA,0xA5,0xA5,0x00,0x20,0x00,0x40,
    0xC0,0x8B,0x00,0x00,0xC0,0x8F,0x00,0x00,0xC0,0x9F,0x00,0x00,0xF8,0xB5,0x00,0x20,
    0x45,0x4F,0x00,0x90,0x38,0x68,0x00,0x28,0x7E,0xD0,0x01,0x78,0x00,0x91,0x40,0x1C,
    0x42,0x49,0x38,0x60,0x88,0x42,0x01,0xD1,0x41,0x48,0x38,0x60,0x42,0x48,0x3F,0x4A,
    0x40,0x4C,0x00,0x68,0x12,0x32,0x79,0x7D,0xE6,0x78,0x84,0x46,0x15,0x1D,0x53,0x1D,
    0x20,0x30,0x20,0x34,0x01,0x29,0x04,0xD0,0x02,0x29,0x1D,0xD0,0x03,0x29,0x33,0xD0,
    0x55,0xE0,0x39,0x68,0xA9,0x42,0x32,0xD0,0x38,0x4A,0x99,0x42,0x16,0x6A,0x35,0xD0,
    0x02,0x7C,0x45,0x7C,0x10,0x46,0x68,0x43,0x40,0x00,0x83,0x19,0x33,0x48,0x8B,0x42,
    0x00,0x6B,0x3C,0xD0,0x52,0x00,0x82,0x18,0x30,0x48,0x00,0x6C,0x19,0xE0,0xA5,0x20,
    0x00,0xE0,0x00,0x20,0x10,0x71,0x3A,0xE0,0x39,0x68,0xA9,0x42,0x17,0xD0,0x2B,0x4A,
    0x99,0x42,0xD6,0x6C,0x1A,0xD0,0x02,0x7C,0x45,0x7C,0x10,0x46,0x68,0x43,0x40,0x00,
    0x83,0x19,0x26,0x48,0x8B,0x42,0x00,0x6D,0x21,0xD0,0x52,0x00,0x82,0x18,0x23,0x48,
    0x40,0x6D,0x8A,0x42,0x1B,0xD0,0x1C,0xE0,0x39,0x68,0xA9,0x42,0x02,0xD1,0x00,0x2E,
    0xDF,0xD0,0xDC,0xE7,0x1D,0x4A,0x99,0x42,0x56,0x6A,0x01,0xD1,0x3E,0x60,0x16,0xE0,
    0x02,0x7C,0x45,0x7C,0x10,0x46,0x68,0x43,0x40,0x00,0x83,0x19,0x17,0x48,0x8B,0x42,
    0x40,0x6B,0x04,0xD0,0x52,0x00,0x82,0x18,0x14,0x48,0x40,0x6C,0xE1,0xE7,0x38,0x60,
    0x05,0xE0,0x6A,0x00,0x80,0x18,0x88,0x42,0x01,0xD1,0x01,0x20,0xA0,0x70,0x0B,0x48,
    0x39,0x68,0x31,0x30,0x81,0x42,0x0C,0xD1,0x60,0x46,0xFF,0x30,0x21,0x30,0x80,0x7F,
    0x02,0x28,0x06,0xD1,0x00,0x20,0x00,0xE0,0x03,0xE0,0xFC,0xF7,0xA3,0xF9,0x01,0x20,
    0xA0,0x70,0x00,0x98,0xF8,0xBD,0x00,0x00,0xE4,0x04,0x00,0x20,0xD1,0x03,0x00,0x20,
    0x9F,0x07,0x00,0x00,0x3C,0x07,0x00,0x20,0xB0,0x08,0x00,0x20,0xA8,0x06,0x00,0x20,
    0x01,0x49,0x00,0x20,0xC8,0x74,0x70,0x47,0xE4,0x04,0x00,0x20,0xF8,0xB5,0x6A,0x49,
    0x6A,0x4C,0xC8,0x78,0x8A,0x78,0x03,0x02,0xD3,0x18,0x9B,0xB2,0x00,0x93,0x24,0x68,
    0x4B,0x89,0x65,0x7E,0x26,0x7E,0x2C,0x02,0x34,0x43,0x1C,0x1B,0x49,0x78,0xE5,0xB2,
    0x00,0x29,0x0A,0xD0,0x60,0x49,0x1C,0x0A,0x0C,0x71,0x4B,0x71,0x8A,0x71,0xC8,0x71,
    0x08,0x1D,0xC8,0x60,0x00,0x1D,0x48,0x61,0x86,0xE0,0x5B,0x49,0x00,0x26,0x49,0x69,
    0x00,0x2D,0x12,0xD0,0x10,0x2D,0x7D,0xD2,0x57,0x4A,0x11,0x61,0x10,0x46,0xA9,0x00,
    0x18,0x30,0x40,0x58,0x13,0x46,0x69,0x00,0x58,0x33,0xD0,0x60,0x59,0x5A,0x41,0x18,
    0x51,0x61,0x02,0x2D,0x5F,0xD8,0x10,0x61,0x5D,0xE0,0x4F,0x4B,0x19,0x61,0x50,0x49,
    0x13,0x00,0x0C,0x46,0x20,0x34,0xA7,0x7A,0x01,0xF0,0xE4,0xFE,0x0D,0x08,0x0F,0x11,
    0x15,0x1E,0x27,0x2A,0x2C,0x33,0x35,0x3E,0x45,0x68,0x75,0x00,0x00,0x28,0x02,0xD0,
    0x11,0x20,0x08,0x70,0xF8,0xBD,0x10,0x20,0xFB,0xE7,0x08,0x74,0x16,0xE0,0x01,0x20,
    0xA0,0x70,0xCE,0x70,0xF8,0xBD,0x00,0x21,0x08,0x46,0xFB,0xF7,0x0D,0xFC,0x00,0x21,
    0x01,0x20,0x02,0xF0,0xA3,0xF9,0xFE,0xE7,0x00,0x28,0x01,0xD0,0x8E,0x77,0x0B,0xE0,
    0x01,0x20,0x88,0x77,0xC8,0x77,0x66,0x70,0xF8,0xBD,0x60,0x70,0x48,0x74,0xF8,0xBD,
    0x60,0x72,0xF8,0xBD,0x00,0x28,0x01,0xD0,0xCE,0x77,0xF8,0xBD,0x01,0x20,0xC8,0x77,
    0xF8,0xBD,0x20,0x70,0xF8,0xBD,0x00,0x28,0x04,0xD0,0x01,0x21,0x05,0x20,0xFB,0xF7,
    0xEB,0xFB,0x12,0xE0,0x00,0x21,0xF9,0xE7,0xAB,0x28,0xF3,0xD1,0x0A,0x2F,0xF1,0xD2,
    0x7F,0x1C,0xA7,0x72,0xF8,0xBD,0xBA,0x28,0xFC,0xD1,0x01,0x2F,0xFA,0xD1,0x00,0x21,
    0x01,0x20,0xFB,0xF7,0x6F,0xF8,0x0A,0x20,0xA0,0x72,0x23,0x48,0x40,0x78,0x00,0x28,
    0xF0,0xD1,0x00,0x2D,0xEE,0xD0,0x20,0x49,0x4A,0x69,0xC8,0x68,0x13,0x1A,0x00,0x9A,
    0x93,0x42,0x34,0xDD,0x00,0x28,0x01,0xD0,0x80,0x18,0xC8,0x60,0x08,0x69,0x00,0x28,
    0xE0,0xD0,0x00,0xE0,0x17,0xE0,0x80,0x18,0x08,0x61,0xF8,0xBD,0x00,0x28,0x05,0xD0,
    0x01,0x28,0x05,0xD0,0x4E,0x77,0xE6,0x71,0xA6,0x71,0xF8,0xBD,0xFF,0x20,0x00,0xE0,
    0xF0,0x20,0x48,0x77,0xF7,0xE7,0x11,0x46,0x20,0x39,0x10,0x29,0xF5,0xD8,0x11,0x49,
    0x0A,0x70,0xC8,0x70,0xF8,0xBD,0x2F,0x2D,0xD5,0xD2,0x0B,0x48,0xA9,0x00,0x78,0x30,
    0x08,0x18,0x09,0x49,0x80,0x38,0x0B,0x46,0x6A,0x00,0xF4,0x33,0x00,0x6C,0xD2,0x18,
    0x40,0x3A,0xC8,0x60,0x12,0x8C,0x80,0x18,0x48,0x61,0x08,0x61,0xC3,0xE7,0xCE,0x60,
    0x0E,0x61,0x4E,0x61,0xF8,0xBD,0x00,0x00,0x40,0x00,0x00,0x20,0xB0,0x08,0x00,0x20,
    0x3C,0x07,0x00,0x20,0x69,0x07,0x00,0x20,0xF8,0xB5,0x36,0x48,0x34,0x49,0x41,0x60,
    0x35,0x49,0x81,0x60,0x35,0x49,0x36,0x4A,0x09,0x68,0x02,0x61,0xC1,0x60,0x35,0x4A,
    0x42,0x61,0x35,0x4A,0x82,0x61,0x35,0x4A,0xC2,0x61,0x35,0x4A,0x02,0x62,0x35,0x4A,
    0x42,0x62,0x33,0x4A,0x04,0x27,0x12,0x1F,0xC2,0x63,0x9C,0x22,0x40,0x30,0x42,0x80,
    0x40,0x22,0x82,0x80,0xFF,0x22,0xE1,0x32,0xC2,0x80,0x2D,0x22,0x02,0x81,0x47,0x81,
    0x48,0x22,0x82,0x81,0x1D,0x22,0xC2,0x81,0x44,0x22,0x02,0x82,0x0A,0x22,0x42,0x82,
    0xC7,0x83,0x20,0x31,0x0C,0x7C,0x4E,0x7C,0x21,0x48,0x25,0x46,0x75,0x43,0x0C,0x30,
    0xF9,0xF7,0xFA,0xF9,0x1B,0x49,0x24,0x4A,0x60,0x31,0x08,0x60,0x08,0x46,0x7C,0x30,
    0x07,0x80,0x13,0x6A,0x4B,0x60,0x6B,0x00,0x43,0x80,0xD7,0x6C,0x8F,0x60,0x83,0x80,
    0x57,0x6A,0xCF,0x60,0xC3,0x80,0x93,0x6A,0x0B,0x61,0x05,0x81,0x13,0x6B,0x4B,0x61,
    0x63,0x00,0x43,0x81,0x15,0x6D,0x8D,0x61,0x83,0x81,0x55,0x6B,0xCD,0x61,0xC3,0x81,
    0x93,0x6B,0x0B,0x62,0x04,0x82,0x13,0x6C,0x4B,0x62,0x73,0x00,0x43,0x82,0x54,0x6D,
    0x8C,0x62,0x83,0x82,0x54,0x6C,0xCC,0x62,0xC3,0x82,0x92,0x6C,0x0A,0x63,0x01,0x22,
    0x06,0x83,0x52,0x07,0x8A,0x64,0x03,0x21,0x49,0x03,0x81,0x84,0xF8,0xBD,0x00,0x00,
    0xD4,0x07,0x00,0x20,0x58,0x00,0x00,0x20,0x70,0x08,0x00,0x20,0xB0,0x08,0x00,0x20,
    0x3C,0x07,0x00,0x20,0x69,0x07,0x00,0x20,0x08,0x05,0x00,0x20,0x50,0x05,0x00,0x20,
    0x5C,0x06,0x00,0x20,0x6F,0x07,0x00,0x20,0xA8,0x06,0x00,0x20,0x10,0xB5,0x1A,0x4A,
    0x11,0x89,0x00,0x29,0x07,0xD0,0x01,0x29,0x07,0xD0,0x04,0x29,0x18,0xD2,0x53,0x78,
    0x00,0x2B,0x13,0xD0,0x1C,0xE0,0x10,0x70,0x1D,0xE0,0x11,0x78,0x09,0x02,0x01,0x43,
    0x12,0x48,0x00,0x68,0x43,0x7E,0x04,0x7E,0x18,0x02,0x20,0x43,0x2F,0x30,0x81,0x42,
    0x02,0xD1,0x01,0x20,0x50,0x70,0x0E,0xE0,0x51,0x81,0x0C,0xE0,0x50,0x54,0x07,0xE0,
    0x53,0x69,0x11,0x69,0x99,0x42,0x03,0xD2,0x08,0x70,0x10,0x69,0x40,0x1C,0x10,0x61,
    0x10,0x89,0xFF,0x28,0x07,0xD2,0x10,0x89,0x40,0x1C,0x80,0xB2,0x10,0x81,0x04,0x28,
    0x01,0xD1,0xFF,0xF7,0x6B,0xFE,0x10,0xBD,0x40,0x00,0x00,0x20,0xB0,0x08,0x00,0x20,
    0xF8,0xB5,0x28,0x4C,0x00,0x25,0x28,0x4F,0xA5,0x70,0x38,0x68,0x23,0x46,0xFF,0x30,
    0x21,0x30,0x81,0x7F,0x01,0x26,0xE0,0x7A,0x20,0x3B,0x01,0x29,0x02,0xD0,0x5A,0x7C,
    0x00,0x2A,0x19,0xD0,0x31,0x46,0x1E,0x46,0xD9,0x70,0x00,0x28,0x02,0xD1,0x01,0x20,
    0xFB,0xF7,0xD8,0xFF,0x38,0x68,0xFF,0x30,0x21,0x30,0x41,0x7F,0x02,0x7F,0x08,0x02,
    0x10,0x43,0x01,0xF0,0x69,0xF8,0x05,0x46,0xE0,0x7A,0x00,0x28,0x01,0xD1,0xFB,0xF7,
    0xC9,0xFF,0x00,0x20,0xF0,0x70,0x22,0xE0,0x02,0x29,0x02,0xD0,0x00,0x28,0x13,0xD0,
    0x15,0xE0,0xD9,0x78,0x1F,0x46,0x00,0x29,0x06,0xD0,0x00,0x28,0x0A,0xD1,0xFB,0xF7,
    0xB9,0xFF,0x01,0x20,0x01,0xF0,0xAC,0xFF,0xE0,0x7A,0x00,0x28,0x02,0xD1,0x01,0x20,
    0xFB,0xF7,0xB0,0xFF,0xFE,0x70,0x0A,0xE0,0x01,0x20,0xFB,0xF7,0xAB,0xFF,0x01,0x20,
    0x01,0xF0,0x9E,0xFF,0xE0,0x7A,0x00,0x28,0x01,0xD1,0xFB,0xF7,0xA3,0xFF,0x28,0x46,
    0xF8,0xBD,0x00,0x00,0x5C,0x07,0x00,0x20,0xB0,0x08,0x00,0x20,0x10,0xB5,0x12,0x4C,
    0x01,0x46,0xE0,0x79,0x1D,0x22,0x50,0x43,0x10,0x4A,0x80,0x18,0x1D,0x22,0xF9,0xF7,
    0xE1,0xF8,0xE1,0x79,0xA0,0x79,0x0A,0x46,0x49,0x1C,0x81,0x42,0x08,0xD1,0x41,0x1C,
    0xE0,0x71,0x08,0x29,0x01,0xD3,0x00,0x20,0x00,0xE0,0x40,0x1C,0xA0,0x71,0x10,0xBD,
    0x07,0x2A,0x01,0xD0,0xE1,0x71,0x10,0xBD,0x00,0x28,0x01,0xD1,0x01,0x20,0xA0,0x71,
    0x00,0x20,0xE0,0x71,0x10,0xBD,0x00,0x00,0x5C,0x07,0x00,0x20,0x6D,0x05,0x00,0x20,
    0x10,0xB5,0x04,0x49,0x0A,0x7F,0x82,0x42,0x03,0xD0,0x08,0x77,0x00,0x21,0x01,0xF0,
    0xDD,0xFF,0x10,0xBD,0x3C,0x07,0x00,0x20,0xF8,0xB5,0x2A,0x4E,0x00,0x25,0x37,0x46,
    0x08,0x3F,0x0C,0x46,0x08,0x28,0x37,0xD0,0x0F,0xDC,0x01,0x28,0x1E,0xD0,0x02,0x28,
    0x27,0xD0,0x04,0x28,0x19,0xD1,0xF9,0xF7,0xFD,0xF8,0xB4,0x60,0xBD,0x70,0x03,0x21,
    0x04,0x20,0x01,0xF0,0xC5,0xFC,0x04,0x20,0x0D,0xE0,0x10,0x28,0x2F,0xD0,0x20,0x28,
    0x0B,0xD1,0x01,0x20,0xF9,0xF7,0xEE,0xF8,0x74,0x61,0x7D,0x71,0x00,0x21,0x01,0x20,
    0x01,0xF0,0xB6,0xFC,0x01,0x20,0x01,0xF0,0xA7,0xFC,0xF8,0xBD,0x02,0x20,0xF9,0xF7,
    0xE1,0xF8,0x34,0x60,0x3D,0x70,0x01,0x21,0x02,0x20,0x01,0xF0,0xA9,0xFC,0x02,0x20,
    0xF1,0xE7,0x03,0x20,0xF9,0xF7,0xD6,0xF8,0x74,0x60,0x7D,0x70,0x00,0x21,0x03,0x20,
    0x01,0xF0,0x9E,0xFC,0x03,0x20,0xE6,0xE7,0x05,0x20,0xF9,0xF7,0xCB,0xF8,0xF4,0x60,
    0xFD,0x70,0x02,0x21,0x05,0x20,0x01,0xF0,0x93,0xFC,0x05,0x20,0xDB,0xE7,0x06,0x20,
    0xF9,0xF7,0xC0,0xF8,0x34,0x61,0x3D,0x71,0x02,0x21,0x06,0x20,0x01,0xF0,0x88,0xFC,
    0x06,0x20,0xD0,0xE7,0xD8,0x22,0x00,0x20,0x10,0xB5,0x11,0x48,0x00,0x7C,0x00,0x28,
    0x1D,0xD1,0x02,0xF0,0xD1,0xF8,0x00,0x28,0x19,0xD1,0xFE,0xF7,0xC5,0xFC,0x00,0xF0,
    0x7B,0xF8,0x00,0x28,0x13,0xD0,0x0B,0x48,0x00,0x68,0xFF,0x30,0x21,0x30,0x80,0x7F,
    0x02,0x28,0x02,0xD1,0x00,0x20,0xFB,0xF7,0xF5,0xFE,0xFF,0xF7,0x01,0xFF,0x00,0x28,
    0x03,0xD0,0x03,0x48,0xFF,0x21,0x20,0x30,0x01,0x72,0x00,0xF0,0x5B,0xF8,0x10,0xBD,
    0x3C,0x07,0x00,0x20,0xB0,0x08,0x00,0x20,0xF0,0xB5,0x29,0x49,0x09,0x68,0x20,0x31,
    0x49,0x7C,0x00,0x22,0x24,0xE0,0x53,0x00,0x1C,0x18,0x0A,0x23,0x0C,0x25,0x4B,0x43,
    0x4D,0x43,0xE3,0x18,0x65,0x19,0x1E,0x88,0x2F,0x88,0x1F,0x80,0x0E,0x23,0x2E,0x80,
    0x4B,0x43,0xE3,0x18,0x0D,0x01,0x64,0x19,0x1D,0x88,0x26,0x88,0x1E,0x80,0x25,0x80,
    0x0C,0x2A,0x0B,0xD1,0x03,0x46,0x18,0x33,0x1C,0x46,0x4D,0x00,0x5B,0x19,0x06,0x25,
    0x4D,0x43,0x64,0x19,0x1D,0x88,0x26,0x88,0x1E,0x80,0x25,0x80,0x92,0x1C,0xD2,0xB2,
    0x8A,0x42,0xD8,0xD3,0x03,0x46,0x00,0x22,0x0B,0xE0,0x00,0x24,0x1C,0x5F,0x3C,0x2C,
    0x04,0xDD,0xE5,0x0F,0x2D,0x19,0x6D,0x10,0x64,0x19,0x1C,0x80,0x52,0x1C,0xD2,0xB2,
    0x9B,0x1C,0x8A,0x42,0xF1,0xD3,0x1A,0x22,0x4A,0x43,0x10,0x18,0x00,0x22,0x0B,0xE0,
    0x00,0x23,0xC3,0x5E,0x3C,0x2B,0x04,0xDD,0xDC,0x0F,0xE4,0x18,0x64,0x10,0x1B,0x19,
    0x03,0x80,0x52,0x1C,0xD2,0xB2,0x80,0x1C,0x8A,0x42,0xF1,0xD3,0xF0,0xBD,0x00,0x00,
    0xB0,0x08,0x00,0x20,0x10,0xB5,0x03,0x48,0x80,0x7A,0x0A,0x28,0x01,0xD0,0xFF,0xF7,
    0x29,0xF8,0x10,0xBD,0x5C,0x07,0x00,0x20,0x10,0xB5,0x05,0x48,0x80,0x7A,0x0A,0x28,
    0x03,0xD0,0xFF,0xF7,0x27,0xF8,0x00,0x28,0x00,0xD0,0x01,0x20,0x10,0xBD,0x00,0x00,
    0x5C,0x07,0x00,0x20,0x10,0xB5,0x05,0x4C,0xA0,0x7A,0x0A,0x28,0x05,0xD0,0x02,0xF0,
    0x51,0xF9,0x00,0x28,0x01,0xD0,0x01,0x20,0xA0,0x70,0x10,0xBD,0x5C,0x07,0x00,0x20,
    0xF0,0xB5,0x9E,0x46,0x94,0x46,0x00,0x23,0x13,0xE0,0x5C,0x00,0x05,0x5B,0x7D,0x22,
    0xD2,0x00,0xAD,0x1A,0xAD,0xB2,0x05,0x53,0x76,0x46,0xF6,0x5C,0x8A,0x1A,0xB7,0x06,
    0xBF,0x0E,0x57,0x43,0x72,0x06,0x01,0xD5,0xEA,0x1B,0x00,0xE0,0xEA,0x19,0x02,0x53,
    0x5B,0x1C,0x63,0x45,0xE9,0xD3,0xF0,0xBD,0x70,0xB5,0x0E,0x4D,0x0E,0x4C,0x28,0x68,
    0x20,0x30,0x01,0x7C,0x40,0x7C,0x41,0x43,0x4A,0x00,0xE1,0x69,0xE0,0x6C,0xF8,0xF7,
    0x91,0xFF,0x28,0x68,0xE1,0x6A,0x20,0x30,0x00,0x7C,0x42,0x00,0x20,0x6D,0xF8,0xF7,
    0x89,0xFF,0x28,0x68,0xE1,0x6B,0x20,0x30,0x40,0x7C,0x42,0x00,0x60,0x6D,0xF8,0xF7,
    0x81,0xFF,0x70,0xBD,0xB0,0x08,0x00,0x20,0xA8,0x06,0x00,0x20,0x02,0x48,0x41,0x88,
    0x11,0x22,0x11,0x43,0x41,0x80,0x70,0x47,0x00,0x10,0x00,0x40,0xF1,0xB5,0xD0,0x4D,
    0xD0,0x4F,0x28,0x46,0x69,0x7D,0x18,0x38,0x3C,0x46,0x8C,0xB0,0xCE,0x4E,0x20,0x34,
    0x05,0x90,0x00,0x29,0x25,0xD0,0xCD,0x48,0x39,0x7F,0x00,0x68,0xFF,0x30,0x01,0x30,
    0x00,0x7A,0x81,0x42,0x1D,0xD1,0x0C,0x98,0x00,0x28,0x02,0xD0,0xFA,0xF7,0x64,0xFD,
    0x17,0xE0,0xC7,0x49,0xB0,0x6A,0x00,0x22,0x89,0x6C,0x6B,0x46,0x07,0xC3,0xC0,0x4A,
    0xF3,0x69,0x20,0x3A,0xC0,0x48,0x05,0x99,0xFA,0xF7,0xE0,0xFE,0xBC,0x48,0x7A,0x7D,
    0x20,0x38,0x29,0x7D,0x80,0x78,0xFB,0xF7,0x65,0xF9,0xA9,0x7D,0x00,0x29,0x00,0xD0,
    0x20,0x71,0xB9,0x4A,0xB9,0x49,0xD0,0x69,0x0B,0x90,0x0B,0x68,0x20,0x33,0x19,0x7C,
    0x4E,0x00,0x86,0x19,0x0A,0x96,0x8E,0x00,0x86,0x19,0x09,0x96,0x06,0x26,0x4E,0x43,
    0x86,0x19,0x08,0x96,0x4E,0x00,0x5B,0x7C,0x89,0x19,0xCE,0x18,0x76,0x00,0x36,0x18,
    0x5B,0x00,0xC9,0x18,0x49,0x00,0x08,0x18,0x07,0x96,0x06,0x90,0x93,0x6C,0x91,0x6B,
    0xD0,0x6B,0x00,0x90,0x0C,0x9E,0x01,0xA8,0x4A,0xC0,0xD3,0x6A,0xA4,0x4A,0xA6,0x48,
    0x20,0x3A,0x11,0x46,0x18,0x31,0x04,0x91,0x01,0xF0,0x28,0xFE,0xA0,0x48,0x21,0x79,
    0x20,0x38,0x00,0x7E,0xFB,0xF7,0xA6,0xFB,0x68,0x78,0xFB,0xF7,0xFD,0xFB,0x0C,0x98,
    0x00,0x28,0x73,0xD1,0x9D,0x48,0x39,0x7F,0x00,0x68,0xFF,0x30,0x01,0x30,0x00,0x7A,
    0x81,0x42,0xF6,0xD1,0x98,0x4E,0x08,0x98,0x00,0x23,0xB2,0x6C,0xB1,0x6B,0x6F,0x46,
    0x0F,0xC7,0x93,0x4A,0x30,0x46,0x20,0x3A,0x0B,0x9B,0x04,0x99,0x01,0xF0,0x06,0xFE,
    0x20,0x79,0x8F,0x4F,0x80,0x1E,0xC1,0xB2,0x20,0x3F,0x38,0x7E,0xFB,0xF7,0x82,0xFB,
    0x68,0x78,0xFB,0xF7,0xD9,0xFB,0xB2,0x6C,0xB1,0x6B,0x07,0x98,0x00,0x90,0x00,0x23,
    0x01,0xA8,0x0E,0xC0,0x3A,0x46,0x30,0x46,0x0A,0x9B,0x04,0x99,0x01,0xF0,0xEE,0xFD,
    0x20,0x79,0x80,0x1C,0xC1,0xB2,0x38,0x7E,0xFB,0xF7,0x6C,0xFB,0x68,0x78,0xFB,0xF7,
    0xC3,0xFB,0xB2,0x6C,0xB1,0x6B,0x06,0x98,0x00,0x23,0x6E,0x46,0x0F,0xC6,0x3A,0x46,
    0x7D,0x48,0x09,0x9B,0x04,0x99,0x01,0xF0,0xD9,0xFD,0x20,0x79,0x00,0x1D,0xC1,0xB2,
    0x38,0x7E,0xFB,0xF7,0x57,0xFB,0x68,0x78,0xFB,0xF7,0xAE,0xFB,0x00,0x27,0x5A,0xE0,
    0x0B,0x98,0x7E,0x00,0x81,0x5B,0x0A,0x98,0x80,0x5B,0x81,0x42,0x01,0xD9,0x0B,0x46,
    0x00,0xE0,0x03,0x46,0x09,0x9A,0x92,0x5B,0x93,0x42,0x05,0xD9,0x81,0x42,0x01,0xD9,
    0x0D,0x46,0x02,0xE0,0x05,0x46,0x00,0xE0,0x15,0x46,0x6B,0x4B,0xDB,0x6A,0x00,0x93,
    0x9B,0x5B,0x9D,0x42,0x0F,0xD9,0x81,0x42,0x01,0xD9,0x0D,0x46,0x00,0xE0,0x05,0x46,
    0x95,0x42,0x06,0xD9,0x81,0x42,0x02,0xD9,0x0D,0x46,0x05,0xE0,0x9B,0xE0,0x05,0x46,
    0x02,0xE0,0x15,0x46,0x00,0xE0,0x1D,0x46,0x2D,0xB2,0xAC,0x46,0x81,0x42,0x01,0xD2,
    0x0D,0x46,0x00,0xE0,0x05,0x46,0x95,0x42,0x05,0xD2,0x81,0x42,0x01,0xD2,0x0D,0x46,
    0x02,0xE0,0x05,0x46,0x00,0xE0,0x15,0x46,0x9D,0x42,0x0E,0xD2,0x81,0x42,0x01,0xD2,
    0x0D,0x46,0x00,0xE0,0x05,0x46,0x95,0x42,0x05,0xD2,0x81,0x42,0x01,0xD2,0x0D,0x46,
    0x04,0xE0,0x05,0x46,0x02,0xE0,0x15,0x46,0x00,0xE0,0x1D,0x46,0x08,0x18,0x99,0x18,
    0x41,0x18,0x60,0x46,0x2D,0xB2,0x08,0x1A,0x40,0x1B,0xC0,0x03,0x01,0x0C,0x00,0x98,
    0x7F,0x1C,0x81,0x53,0xBF,0xB2,0x49,0x48,0x01,0x68,0x20,0x31,0x09,0x7C,0xB9,0x42,
    0x9E,0xD8,0x00,0x26,0x59,0xE0,0x77,0x00,0x08,0x98,0x07,0x99,0xC0,0x5B,0xC9,0x5B,
    0x88,0x42,0x01,0xD9,0x03,0x46,0x00,0xE0,0x0B,0x46,0x06,0x9A,0xD2,0x5B,0x93,0x42,
    0x05,0xD9,0x88,0x42,0x01,0xD9,0x05,0x46,0x02,0xE0,0x0D,0x46,0x00,0xE0,0x15,0x46,
    0x39,0x4B,0xDB,0x6B,0x00,0x93,0xDB,0x5B,0x9D,0x42,0x0E,0xD9,0x88,0x42,0x01,0xD9,
    0x05,0x46,0x00,0xE0,0x0D,0x46,0x95,0x42,0x05,0xD9,0x88,0x42,0x01,0xD9,0x05,0x46,
    0x04,0xE0,0x0D,0x46,0x02,0xE0,0x15,0x46,0x00,0xE0,0x1D,0x46,0x2D,0xB2,0xAC,0x46,
    0x88,0x42,0x01,0xD2,0x05,0x46,0x00,0xE0,0x0D,0x46,0x95,0x42,0x05,0xD2,0x88,0x42,
    0x01,0xD2,0x05,0x46,0x02,0xE0,0x0D,0x46,0x00,0xE0,0x15,0x46,0x9D,0x42,0x0E,0xD2,
    0x88,0x42,0x01,0xD2,0x05,0x46,0x00,0xE0,0x0D,0x46,0x95,0x42,0x05,0xD2,0x88,0x42,
    0x01,0xD2,0x05,0x46,0x04,0xE0,0x0D,0x46,0x02,0xE0,0x15,0x46,0x00,0xE0,0x1D,0x46,
    0x40,0x18,0x99,0x18,0x41,0x18,0x60,0x46,0x2D,0xB2,0x08,0x1A,0x40,0x1B,0xC0,0x03,
    0x01,0x0C,0x00,0x98,0x76,0x1C,0xC1,0x53,0xB6,0xB2,0x18,0x48,0x00,0x68,0x20,0x30,
    0x40,0x7C,0xB0,0x42,0x9F,0xD8,0x15,0x48,0x00,0x68,0x80,0x30,0x80,0x7C,0x01,0xF0,
    0x6F,0xFC,0x13,0x48,0x0C,0x9B,0x82,0x6C,0x0F,0x48,0x6D,0x46,0x81,0x6A,0x0E,0xC5,
    0x0B,0x4A,0xC3,0x69,0x20,0x3A,0x05,0x99,0xFA,0xF7,0x78,0xFD,0x08,0x48,0x21,0x79,
    0x20,0x38,0x00,0x7A,0x00,0x23,0x02,0x22,0xFA,0xF7,0xF8,0xFC,0x00,0x20,0xFA,0xF7,
    0x5D,0xFE,0x0C,0x98,0x00,0x28,0x01,0xD0,0x01,0xF0,0x72,0xFC,0x0D,0xB0,0xF0,0xBD,
    0x98,0x07,0x00,0x20,0x3C,0x07,0x00,0x20,0xA8,0x06,0x00,0x20,0xB0,0x08,0x00,0x20,
    0x58,0x06,0x00,0x20,0xFF,0xB5,0x81,0xB0,0x14,0x46,0x1D,0x46,0x00,0x20,0x07,0xE0,
    0x01,0x9A,0x41,0x00,0x53,0x5A,0x02,0x9A,0x52,0x5A,0x9A,0x1A,0x62,0x52,0x40,0x1C,
    0xA8,0x42,0xF5,0xDB,0x00,0x22,0xA2,0x5E,0x02,0x20,0x20,0x5E,0x13,0x46,0x84,0x46,
    0x10,0x18,0x40,0x10,0x20,0x80,0x16,0x46,0x01,0x20,0x18,0xE0,0xB6,0x46,0x69,0x1E,
    0x66,0x46,0x77,0x46,0x88,0x42,0x03,0xD0,0x41,0x00,0x09,0x19,0x02,0x27,0xCF,0x5F,
    0x71,0x46,0xBC,0x46,0x77,0x00,0x79,0x18,0x61,0x44,0x89,0x10,0x8B,0x42,0x00,0xDC,
    0x0B,0x46,0x8A,0x42,0x00,0xDB,0x0A,0x46,0x47,0x00,0xE1,0x53,0x40,0x1C,0xA8,0x42,
    0xE4,0xDB,0x98,0x1A,0x66,0x21,0x48,0x43,0x80,0x12,0x00,0x2A,0x00,0xDC,0x52,0x42,
    0x86,0x18,0x00,0x20,0x01,0x46,0x02,0x46,0x77,0x42,0x08,0xE0,0x53,0x00,0xE3,0x5E,
    0xBB,0x42,0x03,0xDB,0xB3,0x42,0x01,0xDC,0xC0,0x18,0x49,0x1C,0x52,0x1C,0xAA,0x42,
    0xF4,0xDB,0x00,0x29,0x0F,0xDD,0x01,0xF0,0xCA,0xF9,0x00,0x21,0x09,0xE0,0x4A,0x00,
    0xA3,0x5A,0x1B,0x1A,0xA3,0x52,0x02,0x9E,0xB6,0x5A,0x9B,0x19,0x01,0x9E,0x49,0x1C,
    0xB3,0x52,0xA9,0x42,0xF3,0xDB,0x05,0xB0,0xF0,0xBD,0x00,0x00,0x70,0xB5,0x04,0x46,
    0xD0,0x78,0x0D,0x46,0x00,0x09,0x33,0xD0,0x10,0x7A,0xC0,0x07,0x22,0x48,0x20,0x56,
    0x0C,0xD0,0x42,0x00,0x61,0x68,0xA8,0x6B,0xF8,0xF7,0x54,0xFD,0x14,0x20,0x20,0x56,
    0xA1,0x68,0x42,0x00,0x28,0x6D,0xF8,0xF7,0x4D,0xFD,0x21,0xE0,0x42,0x00,0x61,0x68,
    0x28,0x69,0xF8,0xF7,0x47,0xFD,0x14,0x20,0x20,0x56,0xA1,0x68,0x42,0x00,0x68,0x69,
    0xF8,0xF7,0x40,0xFD,0x15,0x20,0x20,0x56,0xA9,0x6B,0x42,0x00,0x60,0x68,0xF8,0xF7,
    0x39,0xFD,0x14,0x20,0x20,0x56,0x29,0x6D,0x42,0x00,0xA0,0x68,0xF8,0xF7,0x32,0xFD,
    0x29,0x69,0xA8,0x6B,0xA9,0x63,0x28,0x61,0x69,0x69,0x28,0x6D,0x29,0x65,0x68,0x61,
    0x00,0x24,0x03,0xE0,0x01,0x2C,0x0B,0xD0,0x02,0x2C,0x09,0xD0,0x18,0x20,0x60,0x43,
    0x40,0x19,0x28,0x21,0x41,0x5E,0x4A,0x00,0x81,0x69,0x00,0x6A,0xF8,0xF7,0x1A,0xFD,
    0x64,0x1C,0x05,0x2C,0xEE,0xDB,0x70,0xBD,0x15,0x00,0x00,0x00,0xF7,0xB5,0x00,0x20,
    0x82,0xB0,0x20,0x4E,0x07,0x46,0x05,0x46,0x01,0x90,0x03,0x98,0x80,0x28,0x04,0xD1,
    0x00,0x22,0x04,0x21,0x02,0x98,0xFA,0xF7,0x79,0xF8,0x00,0x20,0x69,0x46,0x01,0xE0,
    0x08,0x88,0x40,0x1C,0x08,0x80,0x08,0x88,0x26,0x28,0xF9,0xD3,0x04,0x20,0xF9,0xF7,
    0xD5,0xF8,0x15,0x49,0x03,0x98,0x08,0x43,0x14,0x49,0x08,0x80,0x00,0x22,0x20,0x21,
    0x04,0x20,0x00,0xF0,0x5B,0xFC,0x04,0x98,0x04,0x88,0x01,0x98,0x00,0x19,0x01,0x90,
    0x03,0x98,0x80,0x28,0x04,0xD1,0x00,0x22,0x02,0x21,0x02,0x98,0xFA,0xF7,0x56,0xF8,
    0xA7,0x42,0x00,0xD2,0x27,0x46,0xA6,0x42,0x00,0xD9,0x26,0x46,0x6D,0x1C,0xAD,0xB2,
    0x06,0x2D,0xCA,0xD3,0x01,0x98,0xB9,0x19,0x40,0x1A,0x80,0x03,0x00,0x0C,0x05,0xB0,
    0xF0,0xBD,0x00,0x00,0xFF,0xFF,0x00,0x00,0x63,0x04,0x00,0x00,0x00,0x10,0x00,0x40,
    0x10,0xB5,0x04,0x48,0xC0,0x68,0x80,0x47,0x02,0x49,0x01,0x20,0x08,0x39,0xC8,0x70,
    0x10,0xBD,0x00,0x00,0xD8,0x22,0x00,0x20,0xF7,0xB5,0x84,0xB0,0x04,0x98,0x04,0x9E,
    0x0C,0x30,0x01,0x90,0x04,0x98,0x04,0x9F,0x18,0x30,0x04,0x9D,0x14,0x46,0x02,0x90,
    0x24,0x36,0x3C,0x37,0x54,0x35,0xFF,0x22,0x0C,0x21,0x04,0x98,0xF8,0xF7,0xCA,0xFC,
    0x30,0x21,0x30,0x46,0xF8,0xF7,0xCD,0xFC,0x00,0x21,0x15,0xE0,0x0A,0x46,0x62,0x43,
    0x00,0x20,0x96,0x46,0x4A,0x00,0x94,0x46,0x0B,0xE0,0x72,0x46,0x13,0x18,0x05,0x9A,
    0x5B,0x00,0xD2,0x5A,0x63,0x46,0xF3,0x5E,0x93,0x42,0x01,0xDA,0x63,0x46,0xF2,0x52,
    0x40,0x1C,0xA0,0x42,0xF1,0xD3,0x49,0x1C,0xA1,0x42,0xE7,0xD3,0x00,0x20,0x44,0xE0,
    0x00,0x20,0x03,0xE0,0x42,0x00,0x23,0x49,0xA9,0x52,0x40,0x1C,0xA0,0x42,0xF9,0xD3,
    0x60,0x00,0x03,0x90,0x34,0xE0,0x18,0x21,0x01,0x98,0xF8,0xF7,0xA2,0xFC,0x23,0x46,
    0x05,0x9A,0x04,0x99,0x00,0x98,0xFC,0xF7,0xCA,0xFB,0x00,0x28,0x2B,0xD1,0x19,0x49,
    0x09,0xE0,0x02,0x9A,0x12,0x5C,0x00,0x2A,0x04,0xD1,0x42,0x00,0xAA,0x5E,0x8A,0x42,
    0x00,0xDA,0x11,0x46,0x40,0x1C,0xA0,0x42,0xF3,0xD3,0x00,0x20,0x15,0xE0,0x01,0x9A,
    0x12,0x5C,0x00,0x2A,0x03,0xD0,0x42,0x00,0xB3,0x5A,0x5B,0x1A,0xB3,0x52,0x02,0x9A,
    0x12,0x5C,0x00,0x2A,0x04,0xD0,0x42,0x00,0xBB,0x5A,0x5B,0x18,0xBB,0x52,0x03,0xE0,
    0x42,0x00,0xAB,0x5A,0x5B,0x1A,0xAB,0x52,0x40,0x1C,0xA0,0x42,0xE7,0xD3,0x03,0x98,
    0x40,0x1E,0x03,0x90,0xC7,0xD2,0x00,0x98,0x40,0x1C,0x00,0x90,0xA0,0x42,0xB7,0xD3,
    0x07,0xB0,0xF0,0xBD,0xFF,0x7F,0x00,0x00,0x00,0x21,0x82,0x0F,0x00,0xD1,0x80,0x00,
    0x01,0x22,0xD2,0x03,0x53,0x00,0x98,0x42,0x00,0xD2,0x80,0x22,0x11,0x43,0x0B,0x46,
    0x4B,0x43,0x83,0x42,0x00,0xD9,0x51,0x40,0x52,0x08,0xF7,0xD1,0x80,0x0F,0x01,0xD1,
    0x49,0x1C,0x49,0x08,0x88,0xB2,0x70,0x47,0xF8,0xB5,0x03,0x46,0x8C,0x46,0x00,0x21,
    0x15,0x26,0x14,0x24,0x4F,0x27,0x9E,0x57,0x1C,0x57,0xFF,0x43,0x08,0x46,0x0A,0x46,
    0x66,0x43,0x09,0xE0,0x1C,0x68,0x55,0x00,0x64,0x5F,0x64,0x2C,0x00,0xDD,0x49,0x1C,
    0xBC,0x42,0x00,0xDA,0x40,0x1C,0x52,0x1C,0x96,0x42,0xF3,0xDC,0x64,0x46,0x31,0x34,
    0x22,0x78,0x23,0x2A,0x07,0xD9,0x00,0x29,0x05,0xDD,0x0A,0x22,0x50,0x43,0x01,0xF0,
    0x56,0xF8,0x08,0x30,0x07,0xE0,0x00,0x20,0x19,0x3A,0x00,0x2A,0x03,0xDD,0x08,0x20,
    0x08,0x2A,0x00,0xDA,0x10,0x46,0x20,0x70,0x00,0x20,0xF8,0xBD,0x00,0x22,0x03,0xE0,
    0x0B,0x70,0x49,0x1C,0x40,0x1C,0x52,0x1C,0x03,0x78,0x00,0x2B,0xF8,0xD1,0x10,0x46,
    0x70,0x47,0xF3,0xB5,0x36,0x20,0x40,0x5C,0x83,0xB0,0x80,0x1C,0x0D,0x6B,0x01,0x90,
    0x0F,0x46,0xFF,0x20,0x0C,0x46,0x0D,0x30,0x41,0x58,0x3E,0x46,0x34,0x34,0xF4,0x36,
    0x00,0x29,0x06,0xD0,0x01,0x23,0x00,0x93,0x23,0x78,0x62,0x78,0x03,0x98,0x01,0xF0,
    0x2B,0xF9,0x71,0x69,0x00,0x29,0x06,0xD0,0x00,0x23,0x00,0x93,0x63,0x78,0x22,0x78,
    0x03,0x98,0x01,0xF0,0x21,0xF9,0xFD,0xF7,0x59,0xFD,0x02,0x90,0x01,0x98,0x06,0x01,
    0x30,0x46,0x01,0xF0,0x99,0xFC,0x31,0x46,0x02,0x98,0xF8,0xF7,0xE2,0xFB,0x20,0x46,
    0x20,0x30,0x00,0x21,0x01,0x90,0x81,0x73,0x06,0x46,0x02,0x23,0x39,0x46,0x02,0x9A,
    0x03,0x98,0xFE,0xF7,0xE5,0xFB,0x00,0x20,0x00,0x90,0xB0,0x7B,0x00,0x28,0x0F,0xD1,
    0x67,0x20,0xC0,0x5D,0x00,0x28,0x0B,0xD0,0x6B,0x68,0x00,0x2B,0x08,0xD0,0x29,0x46,
    0x02,0x9A,0x03,0x98,0x98,0x47,0x00,0x90,0x00,0x28,0x01,0xDD,0x01,0x99,0x88,0x73,
    0x03,0x23,0x39,0x46,0x02,0x9A,0x03,0x98,0xFE,0xF7,0xCA,0xFB,0x03,0x98,0x01,0x99,
    0x40,0x8A,0x48,0x76,0xA8,0x68,0x00,0x28,0x21,0xD0,0x00,0x26,0x16,0xE0,0x31,0x46,
    0x54,0x22,0x51,0x43,0x68,0x6F,0x8C,0x46,0x41,0x5C,0x0A,0x09,0x0C,0xD0,0x0A,0x07,
    0x23,0x7F,0x12,0x0F,0x9A,0x42,0x03,0xD9,0x62,0x7F,0x09,0x09,0x91,0x42,0x03,0xD9,
    0x60,0x44,0x54,0x21,0xF8,0xF7,0x9D,0xFB,0x76,0x1C,0xF6,0xB2,0xA0,0x78,0xB0,0x42,
    0xE5,0xD8,0x01,0x98,0xAB,0x68,0x82,0x7B,0x28,0x46,0x02,0x99,0x98,0x47,0xEA,0x68,
    0x00,0x2A,0x02,0xD0,0x21,0x46,0x68,0x6F,0x90,0x47,0x20,0x46,0x69,0x6F,0xF8,0xF7,
    0xF1,0xFC,0x00,0x26,0x30,0x46,0xA3,0x78,0x0A,0xE0,0x54,0x22,0x69,0x6F,0x42,0x43,
    0x89,0x5C,0x22,0x7F,0x09,0x07,0x09,0x0F,0x91,0x42,0x00,0xD9,0x76,0x1C,0x40,0x1C,
    0x83,0x42,0xF2,0xDC,0x01,0x98,0xC6,0x73,0x02,0x98,0x01,0xF0,0x45,0xFC,0x29,0x69,
    0x00,0x29,0x01,0xD0,0x38,0x6B,0x88,0x47,0x00,0x98,0x00,0x28,0x00,0xDB,0x30,0x46,
    0x05,0xB0,0xF0,0xBD,0x70,0xB5,0x83,0x6F,0x42,0x6F,0x00,0x20,0x04,0x46,0x4A,0xE0,
    0x15,0x78,0x1E,0x7F,0x2D,0x07,0x2D,0x0F,0xB5,0x42,0x01,0xD8,0x54,0x32,0x41,0xE0,
    0x55,0x78,0x6D,0x06,0x6D,0x0E,0x0D,0x70,0x15,0x8C,0xCD,0x81,0x55,0x8C,0x8D,0x81,
    0x15,0x8B,0x4D,0x81,0x55,0x8B,0x0D,0x81,0x15,0x78,0x5E,0x7F,0x2D,0x09,0xB5,0x42,
    0x4D,0x78,0x03,0xD8,0xED,0x09,0xED,0x01,0x6D,0x1C,0x01,0xE0,0xED,0x09,0xED,0x01,
    0x4D,0x70,0xD5,0x78,0xFF,0x2D,0x01,0xD2,0x6D,0x1C,0xD5,0x70,0x8D,0x70,0x15,0x78,
    0x2D,0x09,0x4D,0x78,0x0B,0xD0,0x6D,0x06,0x6D,0x0E,0x4D,0x70,0x95,0x8A,0xCD,0x80,
    0x95,0x7C,0x6D,0x08,0xCD,0x70,0x15,0x78,0x2D,0x09,0x03,0xD0,0x0C,0xE0,0x80,0x26,
    0x35,0x43,0xF2,0xE7,0x15,0x46,0x40,0x35,0x2E,0x88,0x4E,0x82,0x6D,0x88,0x0D,0x82,
    0x55,0x7C,0x4D,0x71,0x15,0x7C,0x0D,0x71,0x9D,0x78,0x40,0x1C,0x14,0x31,0x54,0x32,
    0x85,0x42,0x03,0xD0,0x64,0x1C,0x9D,0x78,0xA5,0x42,0xB1,0xDC,0x70,0xBD,0x00,0x00,
    0xFF,0xB5,0x06,0x46,0x41,0x8D,0x81,0xB0,0xC0,0x6A,0x01,0xF0,0xF1,0xFB,0x03,0x22,
    0x32,0x70,0x00,0x20,0x35,0x46,0x70,0x70,0x40,0x35,0x28,0x78,0xFF,0x28,0x01,0xD1,
    0x0A,0x20,0x28,0x70,0x69,0x78,0x1E,0x20,0xFF,0x29,0x00,0xD1,0x68,0x70,0xA9,0x78,
    0xFF,0x29,0x00,0xD1,0xA8,0x70,0xE9,0x78,0xFF,0x29,0x01,0xD1,0x01,0x21,0xE9,0x70,
    0x29,0x79,0xFF,0x29,0x01,0xD1,0x05,0x21,0x29,0x71,0xA9,0x7F,0xFF,0x29,0x01,0xD1,
    0x0A,0x21,0xA9,0x77,0xE9,0x7F,0xFF,0x29,0x01,0xD1,0x20,0x21,0xE9,0x77,0x6B,0x79,
    0x28,0x21,0xFF,0x2B,0x00,0xD1,0x69,0x71,0xAB,0x79,0xFF,0x2B,0x00,0xD1,0xA9,0x71,
    0x2B,0x7F,0xFF,0x2B,0x01,0xD1,0x0D,0x23,0x2B,0x77,0xEB,0x79,0xFF,0x2B,0x01,0xD1,
    0x19,0x23,0xEB,0x71,0x2B,0x7A,0xFF,0x2B,0x00,0xD1,0x28,0x72,0x68,0x7A,0xFF,0x28,
    0x01,0xD1,0x2A,0x20,0x68,0x72,0xA8,0x7A,0xFF,0x28,0x01,0xD1,0x11,0x20,0xA8,0x72,
    0xE8,0x7A,0x64,0x27,0xFF,0x28,0x00,0xD1,0xEF,0x72,0x28,0x7B,0xFF,0x28,0x00,0xD1,
    0x2F,0x73,0x68,0x7B,0xFF,0x28,0x01,0xD1,0x0A,0x20,0x68,0x73,0xA8,0x7B,0xFF,0x28,
    0x00,0xD1,0xAF,0x73,0x68,0x7F,0x32,0x23,0xFF,0x28,0x00,0xD1,0x6B,0x77,0xE8,0x7B,
    0xFF,0x28,0x00,0xD1,0xEF,0x73,0x30,0x46,0x60,0x30,0x00,0x90,0x00,0x78,0xFF,0x28,
    0x02,0xD1,0x00,0x9C,0x01,0x20,0x20,0x70,0x28,0x7C,0xFF,0x28,0x01,0xD1,0x01,0x20,
    0x28,0x74,0x68,0x7C,0xFF,0x28,0x01,0xD1,0x01,0x20,0x68,0x74,0xA8,0x7C,0xFF,0x28,
    0x01,0xD1,0x05,0x20,0xA8,0x74,0xE8,0x7C,0xFF,0x28,0x00,0xD1,0xE9,0x74,0x28,0x7D,
    0xFF,0x28,0x01,0xD1,0x14,0x20,0x28,0x75,0x68,0x7D,0xFF,0x28,0x01,0xD1,0x46,0x20,
    0x68,0x75,0xA8,0x7D,0xFF,0x28,0x00,0xD1,0xA9,0x75,0xE8,0x7D,0xFF,0x28,0x00,0xD1,
    0xEB,0x75,0x28,0x7E,0xFF,0x28,0x01,0xD1,0x96,0x20,0x28,0x76,0x68,0x7E,0xFF,0x28,
    0x00,0xD1,0x6A,0x76,0xA8,0x7E,0xFF,0x28,0x01,0xD1,0x5A,0x20,0xA8,0x76,0xE8,0x7E,
    0xFF,0x28,0x00,0xD1,0xEA,0x76,0x34,0x46,0x62,0x34,0x16,0x21,0x20,0x46,0xF8,0xF7,
    0x60,0xFA,0x30,0x8F,0x71,0x8F,0x40,0x43,0x49,0x43,0x40,0x18,0xFF,0xF7,0xF4,0xFD,
    0xA9,0x7C,0x48,0x43,0x64,0x21,0x00,0xF0,0x9E,0xFE,0xA0,0x82,0xA8,0x7B,0x64,0x21,
    0xC0,0x01,0x00,0xF0,0x98,0xFE,0x60,0x72,0x68,0x7F,0x64,0x21,0xC0,0x01,0x00,0xF0,
    0x92,0xFE,0xA0,0x72,0x01,0x20,0xE0,0x71,0x00,0x20,0xA0,0x70,0x0A,0x20,0x60,0x71,
    0xFE,0x20,0x20,0x72,0x80,0x20,0x87,0x55,0x00,0x98,0xC7,0x77,0xFD,0xF7,0xA6,0xFB,
    0x7C,0x21,0x45,0x18,0x04,0x46,0x30,0x63,0xF8,0xF7,0x33,0xFA,0x36,0x20,0x65,0x67,
    0x80,0x5D,0x54,0x21,0x48,0x43,0xC0,0x1C,0x80,0x08,0x80,0x00,0x7C,0x30,0x31,0x46,
    0x00,0x90,0x34,0x31,0xA1,0x67,0x04,0x99,0xB5,0x1C,0x61,0x66,0x29,0x46,0x1F,0xA0,
    0xFF,0xF7,0x04,0xFE,0x47,0x19,0x2D,0x20,0x38,0x70,0x7F,0x1C,0x00,0x98,0x01,0xF0,
    0xCB,0xFA,0x00,0x25,0x10,0xE0,0xE8,0x00,0x02,0x99,0x00,0x90,0x09,0x58,0x00,0x29,
    0x09,0xD0,0x30,0x46,0x88,0x47,0x02,0x99,0x00,0x98,0x40,0x18,0x40,0x68,0x39,0x46,
    0xFF,0xF7,0xEC,0xFD,0xC7,0x19,0x6D,0x1C,0x03,0x98,0x85,0x42,0xEB,0xDB,0x00,0x20,
    0x38,0x70,0x01,0x46,0x48,0x1C,0xCA,0x00,0x12,0x19,0x10,0xE0,0xC3,0x00,0x1B,0x19,
    0x95,0x8A,0x9E,0x8A,0xB5,0x42,0x09,0xD9,0x96,0x69,0x55,0x69,0xB4,0x46,0x9F,0x69,
    0x5E,0x69,0x97,0x61,0x56,0x61,0x66,0x46,0x9E,0x61,0x5D,0x61,0x40,0x1C,0x0A,0x28,
    0xEC,0xDB,0x49,0x1C,0x0A,0x29,0xE5,0xDB,0x05,0xB0,0xF0,0xBD,0x31,0x32,0x33,0x37,
    0x39,0x00,0x00,0x00,0xFF,0xB5,0x91,0xB0,0x86,0x6F,0x45,0x6F,0x0C,0x46,0x14,0x98,
    0x01,0x21,0x40,0x04,0x49,0x04,0x40,0x18,0x01,0x14,0x01,0x27,0x09,0x91,0x3F,0x03,
    0x49,0x43,0x38,0x46,0x00,0xF0,0xFB,0xFD,0x80,0xB2,0x0A,0x90,0x14,0x99,0x38,0x46,
    0x49,0x1C,0x00,0xF0,0xF4,0xFD,0x80,0xB2,0x10,0x90,0xB0,0x88,0x40,0x1E,0x80,0xB2,
    0x0E,0x90,0xF0,0x88,0x40,0x1E,0x80,0xB2,0x0F,0x90,0x00,0x20,0x0B,0x90,0x82,0xE0,
    0x28,0x78,0x31,0x7F,0x00,0x07,0x00,0x0F,0x88,0x42,0x01,0xD8,0x54,0x35,0x78,0xE0,
    0x29,0x6A,0x02,0x91,0xE9,0x6A,0x03,0x91,0x29,0x6B,0x04,0x91,0xA9,0x69,0x05,0x91,
    0x69,0x6A,0x06,0x91,0xA8,0x6A,0x69,0x46,0x07,0x90,0x88,0x8A,0x09,0x8B,0x88,0x42,
    0x04,0xD1,0x69,0x46,0xC8,0x8A,0x49,0x8B,0x88,0x42,0x13,0xD0,0x69,0x46,0x08,0x89,
    0x89,0x89,0x88,0x42,0x04,0xD1,0x69,0x46,0x48,0x89,0xC9,0x89,0x88,0x42,0x09,0xD0,
    0x60,0x78,0x40,0x06,0x06,0xD0,0x28,0x78,0x32,0x7F,0x03,0x07,0x1B,0x0F,0x92,0x1C,
    0x93,0x42,0x07,0xD2,0x28,0x8C,0xE0,0x81,0x68,0x8C,0xA0,0x81,0x28,0x8B,0x60,0x81,
    0x68,0x8B,0x3B,0xE0,0x13,0x98,0x10,0x9F,0x01,0xB2,0x00,0x20,0x08,0x97,0x93,0x42,
    0x07,0xD9,0x13,0x99,0x14,0x98,0x0A,0x9A,0x40,0x1A,0x40,0x1C,0x01,0xB2,0x09,0x98,
    0x08,0x92,0x0E,0x9A,0x00,0x23,0x00,0x92,0x01,0x93,0x42,0xB2,0x49,0xB2,0x08,0x9B,
    0x17,0x46,0x02,0xA8,0x0D,0x91,0x00,0xF0,0x3C,0xFE,0xE0,0x81,0x01,0x23,0x0F,0x9A,
    0x01,0x93,0x00,0x92,0x3A,0x46,0x02,0xA8,0x08,0x9B,0x0D,0x99,0x00,0xF0,0x31,0xFE,
    0xA0,0x81,0x00,0x23,0x0E,0x9A,0x01,0x93,0x00,0x92,0x3A,0x46,0x05,0xA8,0x08,0x9B,
    0x0D,0x99,0x00,0xF0,0x26,0xFE,0x60,0x81,0x01,0x23,0x0F,0x9A,0x01,0x93,0x00,0x92,
    0x3A,0x46,0x05,0xA8,0x08,0x9B,0x0D,0x99,0x00,0xF0,0x1B,0xFE,0x20,0x81,0x60,0x78,
    0x54,0x35,0xC0,0x09,0xC0,0x01,0x40,0x1C,0x60,0x70,0x0B,0x98,0x40,0x1C,0x14,0x34,
    0x0B,0x90,0x0C,0x98,0x40,0x1C,0x0C,0x90,0xB1,0x78,0x81,0x42,0x00,0xDD,0x77,0xE7,
    0x0B,0x98,0x15,0xB0,0xF0,0xBD,0x10,0xB5,0x00,0x29,0x05,0xD0,0x88,0x42,0x07,0xD2,
    0x50,0x60,0x00,0x20,0x10,0x60,0x23,0xE0,0x00,0x20,0xC0,0x43,0x50,0x60,0x1F,0xE0,
    0x03,0x0C,0x0C,0x46,0x8B,0x42,0x00,0xD3,0x21,0x04,0x03,0x0A,0x8B,0x42,0x00,0xD3,
    0x09,0x02,0x03,0x09,0x8B,0x42,0x00,0xD3,0x09,0x01,0x83,0x08,0x8B,0x42,0x00,0xD3,
    0x89,0x00,0x43,0x08,0x8B,0x42,0x00,0xD3,0x49,0x00,0x00,0x23,0x5B,0x00,0x88,0x42,
    0x01,0xD3,0x40,0x1A,0x5B,0x1C,0x49,0x08,0xA1,0x42,0xF7,0xD2,0x13,0x60,0x50,0x60,
    0x90,0x68,0x00,0x28,0x02,0xD0,0x10,0x68,0x40,0x42,0x10,0x60,0xD0,0x68,0x00,0x28,
    0x02,0xD0,0x50,0x68,0x40,0x42,0x50,0x60,0x10,0xBD,0x10,0xB5,0xC4,0x6A,0x04,0x63,
    0x04,0x6A,0xC4,0x62,0x12,0x68,0x42,0x63,0x43,0x78,0xDB,0x09,0x0A,0xD0,0x0A,0x7A,
    0x52,0x07,0x05,0xD5,0xC9,0x7E,0x42,0x89,0x0A,0x23,0x59,0x43,0x8A,0x42,0x00,0xD3,
    0x84,0x63,0x10,0xBD,0x02,0x62,0x10,0xBD,0x70,0xB5,0x64,0x21,0x48,0x43,0x06,0x46,
    0x00,0x24,0x0D,0x4D,0x0C,0xE0,0xFF,0xF7,0xE5,0xF8,0xA8,0x78,0x00,0x28,0x0C,0xD1,
    0x01,0x20,0x00,0xF0,0x4D,0xFF,0x00,0x21,0x0B,0x20,0xFA,0xF7,0x2D,0xFA,0x64,0x1C,
    0xB4,0x42,0xF0,0xD3,0xA8,0x78,0x00,0x28,0x01,0xD0,0x01,0x20,0x70,0xBD,0x01,0x20,
    0xA8,0x70,0x00,0x20,0x70,0xBD,0x00,0x00,0x5C,0x07,0x00,0x20,0xF0,0xB5,0x06,0x46,
    0x00,0x24,0x1C,0x4F,0x1C,0x4D,0x04,0x20,0x3B,0x78,0x00,0x2B,0x01,0xD0,0x01,0x23,
    0x1C,0x43,0x7B,0x79,0x00,0x2B,0x01,0xD0,0x20,0x23,0x1C,0x43,0x7B,0x78,0x00,0x2B,
    0x01,0xD0,0x02,0x23,0x1C,0x43,0xFB,0x78,0x00,0x2B,0x01,0xD0,0x08,0x23,0x1C,0x43,
    0xBB,0x78,0x00,0x2B,0x00,0xD0,0x04,0x43,0x3B,0x79,0x00,0x2B,0x01,0xD0,0x10,0x23,
    0x1C,0x43,0x34,0x42,0x04,0xD1,0x20,0x29,0xDE,0xD0,0x22,0x29,0x07,0xD0,0x09,0xE0,
    0x00,0x2A,0x02,0xD0,0x30,0x46,0xF8,0xF7,0x41,0xFC,0x20,0x46,0xF0,0xBD,0x2B,0x69,
    0x03,0x43,0x2B,0x61,0x30,0xBF,0x22,0x29,0xCE,0xD1,0x2B,0x69,0x83,0x43,0x2B,0x61,
    0xCA,0xE7,0x00,0x00,0xD0,0x22,0x00,0x20,0x00,0xED,0x00,0xE0,0x03,0x01,0x0A,0x04,
    0x00,0x04,0x00,0x04,0x00,0x03,0x05,0x1E,0x00,0x00,0x01,0x64,0x02,0x21,0x00,0x24,
    0x00,0x20,0x00,0x25,0x00,0x00,0x00,0x22,0x00,0x23,0x00,0x11,0x09,0x88,0x52,0x1A,
    0xB0,0x00,0x00,0x00,0x00,0x05,0x0D,0x09,0x05,0xA1,0x01,0x85,0x01,0x05,0x0D,0x09,
    0x22,0xA1,0x02,0x09,0x47,0x09,0x42,0x15,0x00,0x25,0x01,0x75,0x01,0x95,0x02,0x81,
    0x02,0x95,0x02,0x81,0x03,0x09,0x51,0x25,0x0F,0x75,0x04,0x95,0x01,0x81,0x02,0x05,
    0x01,0x09,0x30,0x75,0x10,0x55,0x0E,0x65,0x11,0x35,0x00,0x46,0x9C,0x04,0x27,0x58,
    0x06,0x00,0x00,0x81,0x02,0x09,0x31,0x46,0x80,0x02,0x27,0x70,0x03,0x00,0x00,0x81,
    0x02,0xC0,0x55,0x0C,0x66,0x01,0x10,0x47,0xFF,0xFF,0x00,0x00,0x27,0xFF,0xFF,0x00,
    0x00,0x75,0x10,0x95,0x01,0x05,0x0D,0x09,0x56,0x81,0x02,0x09,0x54,0x25,0x7F,0x95,
    0x01,0x75,0x08,0x81,0x02,0x05,0x09,0x09,0x01,0x09,0x02,0x09,0x03,0x25,0x01,0x75,
    0x01,0x95,0x03,0x81,0x02,0x95,0x05,0x81,0x03,0x05,0x0D,0x85,0x03,0x09,0x55,0x09,
    0x59,0x75,0x04,0x95,0x02,0x25,0x0F,0xB1,0x02,0x06,0x00,0xFF,0x85,0x0A,0x09,0xC5,
    0x15,0x00,0x26,0xFF,0x00,0x75,0x08,0x96,0x00,0x01,0xB1,0x02,0xC0,0x05,0x0D,0x09,
    0x0E,0xA1,0x01,0x85,0x07,0x09,0x22,0xA1,0x02,0x09,0x52,0x15,0x00,0x25,0x0A,0x75,
    0x08,0x95,0x01,0xB1,0x02,0xC0,0x09,0x22,0xA1,0x00,0x85,0x05,0x09,0x57,0x09,0x58,
    0x75,0x01,0x95,0x02,0x25,0x01,0xB1,0x02,0x95,0x06,0xB1,0x03,0xC0,0xC0,0x05,0x01,
    0x09,0x02,0xA1,0x01,0x85,0x06,0x09,0x01,0xA1,0x00,0x05,0x09,0x19,0x01,0x29,0x02,
    0x25,0x01,0x75,0x01,0x95,0x02,0x81,0x02,0x95,0x06,0x81,0x03,0x05,0x01,0x09,0x30,
    0x09,0x31,0x75,0x10,0x95,0x02,0x25,0x0A,0x81,0x06,0xC0,0xC0,0x09,0x11,0x00,0x00,
    0xAC,0x9D,0x00,0x00,0x9D,0x92,0x00,0x00,0xB0,0x9D,0x00,0x00,0xA9,0x99,0x00,0x00,
    0x9C,0x9D,0x00,0x00,0xB5,0x97,0x00,0x00,0xC4,0x9D,0x00,0x00,0x49,0x9A,0x00,0x00,
    0xA0,0x9D,0x00,0x00,0xA9,0x5F,0x00,0x00,0xB4,0x9D,0x00,0x00,0x71,0x9A,0x00,0x00,
    0xA4,0x9D,0x00,0x00,0xE9,0x5F,0x00,0x00,0xB8,0x9D,0x00,0x00,0x3D,0x5F,0x00,0x00,
    0xA8,0x9D,0x00,0x00,0x85,0x9A,0x00,0x00,0xBC,0x9D,0x00,0x00,0x5D,0x9A,0x00,0x00,
    0xC0,0x9D,0x00,0x00,0x65,0x5F,0x00,0x00,0xC8,0x9D,0x00,0x00,0x51,0x5F,0x00,0x00,
    0xCC,0x9D,0x00,0x00,0x00,0x00,0x00,0x00,0xD0,0x9D,0x00,0x00,0x00,0x00,0x00,0x00,
    0xD0,0x9D,0x00,0x00,0x01,0x02,0x04,0x08,0x00,0x04,0x02,0x01,0x03,0x06,0x0C,0x12,
    0x18,0x1E,0x24,0x2A,0x06,0x0C,0x12,0x18,0x1E,0x24,0x30,0x3C,0x01,0x01,0xFF,0x01,
    0x01,0xFF,0x01,0x01,0x01,0xFF,0x01,0xFF,0x01,0x01,0xFF,0x01,0x01,0xFF,0x01,0x01,
    0xFF,0x01,0x01,0xFF,0x01,0xFF,0xFF,0x01,0x01,0x01,0xFF,0xFF,0x01,0x01,0x01,0xFF,
    0x01,0xFF,0x01,0xFF,0x01,0x01,0x01,0x01,0xFF,0xFF,0xFF,0x01,0x01,0x01,0xFF,0xFF,
    0xFF,0x01,0x01,0x01,0x01,0x01,0xFF,0x01,0x01,0x01,0x01,0x01,0xFF,0xFF,0x82,0x00,
    0x00,0x82,0x00,0x00,0x02,0x82,0x01,0x81,0x01,0x01,0x81,0x01,0x01,0x81,0x01,0x01,
    0x81,0x01,0x01,0x81,0x01,0x81,0x81,0x01,0x01,0x01,0x81,0x81,0x01,0x01,0x02,0x00,
    0x02,0x00,0x02,0x00,0x00,0x02,0x02,0x02,0x00,0x00,0x00,0x02,0x00,0x02,0x81,0x81,
    0x81,0x01,0x01,0x01,0x01,0x01,0x02,0x02,0x02,0x02,0x02,0x02,0x82,0x02,0xFF,0x01,
    0x01,0x01,0x01,0xFF,0x01,0x01,0x01,0x01,0xFF,0x01,0x01,0x01,0x01,0xFF,0x81,0x01,
    0x01,0x01,0x01,0x81,0x01,0x01,0x01,0x01,0x81,0x01,0x01,0x01,0x01,0x81,0x00,0x00,
    0x00,0xF6,0x32,0xF6,0x32,0xF6,0xF6,0x00,0x00,0xF6,0x1E,0xF6,0x1E,0x00,0x00,0x00,
    0xFF,0xFF,0xFF,0xFF,0x00,0x00,0x00,0x00,0x01,0x00,0x00,0x00,0x00,0x00,0x00,0x00,
    0xFF,0xFF,0xFF,0xFF,0x00,0x00,0x00,0x00,0xFF,0xFF,0xFF,0xFF,0x01,0x00,0x00,0x00,
    0x00,0x00,0x00,0x00,0x01,0x00,0x00,0x00,0x01,0x00,0x00,0x00,0x00,0x00,0x00,0x00,
    0x01,0x00,0x00,0x00,0xFF,0xFF,0xFF,0xFF,0xE8,0x07,0x00,0x00,0x00,0x00,0x00,0x20,
    0x0C,0x00,0x00,0x00,0xDC,0x08,0x00,0x00,0xF4,0x07,0x00,0x00,0x0C,0x00,0x00,0x20,
    0x28,0x00,0x00,0x00,0xEC,0x08,0x00,0x00,0x48,0x8A,0x00,0x00,0x40,0x00,0x00,0x20,
    0xF4,0x23,0x00,0x00,0xEC,0x08,0x00,0x00,0xFF,0xFF,0xFF,0xFF,0xFF,0xFF,0xFF,0xFF,
    0xFF,0xFF,0xFF,0xFF,0xFF,0xFF,0xFF,0xFF,0xFF,0xFF,0xFF,0xFF,0xFF,0xFF,0xFF,0xFF,
    0xFF,0xFF,0xFF,0xFF,0xFF,0xFF,0xFF,0xFF,0xFF,0xFF,0xFF,0xFF,0xFF,0xFF,0xFF,0xFF,
    0xFF,0xFF,0xFF,0xFF,0xFF,0xFF,0xFF,0xFF,0xFF,0xFF,0xFF,0xFF,0xFF,0xFF,0xFF,0xFF,
    0xFF,0xFF,0xFF,0xFF,0xFF,0xFF,0xFF,0xFF,0xFF,0xFF,0xFF,0xFF,0xFF,0xFF,0xFF,0xFF,
    0xFF,0xFF,0xFF,0xFF,0xFF,0xFF,0xFF,0xFF,0xFF,0xFF,0xFF,0xFF,0xFF,0xFF,0xFF,0xFF,
    0xFF,0xFF,0xFF,0xFF,0xFF,0xFF,0xFF,0xFF,0xFF,0xFF,0xFF,0xFF,0xFF,0xFF,0xFF,0xFF,
    0xFF,0xFF,0xFF,0xFF,0xFF,0xFF,0xFF,0xFF,0xFF,0xFF,0xFF,0xFF,0xFF,0xFF,0xFF,0xFF,
    0xFF,0xFF,0xFF,0xFF,0xFF,0xFF,0xFF,0xFF,0xFF,0xFF,0xFF,0xFF,0xFF,0xFF,0xFF,0xFF,
    0xFF,0xFF,0xFF,0xFF,0xFF,0xFF,0xFF,0xFF,0xFF,0xFF,0xFF,0xFF,0xFF,0xFF,0xFF,0xFF,
    0xFF,0xFF,0xFF,0xFF,0xFF,0xFF,0xFF,0xFF,0xFF,0xFF,0xFF,0xFF,0xFF,0xFF,0xFF,0xFF,
    0xFF,0xFF,0xFF,0xFF,0xFF,0xFF,0xFF,0xFF,0xFF,0xFF,0xFF,0xFF,0xFF,0xFF,0xFF,0xFF,
    0xFF,0xFF,0xFF,0xFF,0xFF,0xFF,0xFF,0xFF,0xFF,0xFF,0xFF,0xFF,0xFF,0xFF,0xFF,0xFF,
    0xFF,0xFF,0xFF,0xFF,0xFF,0xFF,0xFF,0xFF,0xFF,0xFF,0xFF,0xFF,0xFF,0xFF,0xFF,0xFF,
    0xFF,0xFF,0xFF,0xFF,0xFF,0xFF,0xFF,0xFF,0xFF,0xFF,0xFF,0xFF,0xFF,0xFF,0xFF,0xFF,
    0xFF,0xFF,0xFF,0xFF,0xFF,0xFF,0xFF,0xFF,0xFF,0xFF,0xFF,0xFF,0xFF,0xFF,0xFF,0xFF,
    0xFF,0xFF,0xFF,0xFF,0xFF,0xFF,0xFF,0xFF,0xFF,0xFF,0xFF,0xFF,0xFF,0xFF,0xFF,0xFF,
    0xFF,0xFF,0xFF,0xFF,0xFF,0xFF,0xFF,0xFF,0xFF,0xFF,0xFF,0xFF,0xFF,0xFF,0xFF,0xFF,
    0xFF,0xFF,0xFF,0xFF,0xFF,0xFF,0xFF,0xFF,0xFF,0xFF,0xFF,0xFF,0xFF,0xFF,0xFF,0xFF,
    0xFF,0xFF,0xFF,0xFF,0xFF,0xFF,0xFF,0xFF,0xFF,0xFF,0xFF,0xFF,0xFF,0xFF,0xFF,0xFF,
    0xFF,0xFF,0xFF,0xFF,0xFF,0xFF,0xFF,0xFF,0xFF,0xFF,0xFF,0xFF,0xFF,0xFF,0xFF,0xFF,
    0xFF,0xFF,0xFF,0xFF,0xFF,0xFF,0xFF,0xFF,0xFF,0xFF,0xFF,0xFF,0xFF,0xFF,0xFF,0xFF,
    0xFF,0xFF,0xFF,0xFF,0xFF,0xFF,0xFF,0xFF,0xFF,0xFF,0xFF,0xFF,0xFF,0xFF,0xFF,0xFF,
    0xFF,0xFF,0xFF,0xFF,0xFF,0xFF,0xFF,0xFF,0xFF,0xFF,0xFF,0xFF,0xFF,0xFF,0xFF,0xFF,
    0xFF,0xFF,0xFF,0xFF,0xFF,0xFF,0xFF,0xFF,0xFF,0xFF,0xFF,0xFF,0xFF,0xFF,0xFF,0xFF,
    0xFF,0xFF,0xFF,0xFF,0xFF,0xFF,0xFF,0xFF,0xFF,0xFF,0xFF,0xFF,0xFF,0xFF,0xFF,0xFF,
    0xFF,0xFF,0xFF,0xFF,0xFF,0xFF,0xFF,0xFF,0xFF,0xFF,0xFF,0xFF,0xFF,0xFF,0xFF,0xFF,
    0xFF,0xFF,0xFF,0xFF,0xFF,0xFF,0xFF,0xFF,0xFF,0xFF,0xFF,0xFF,0xF9,0x7A,0x92,0x36,
    0x02,0x22,0xCA,0xCA,0x03,0x00,0x00,0x00,0x00,0x00,0x00,0x00,0xF8,0x2A,0xCB,0xCB,
    0x00,0x00,0x00,0x00,0xA5,0xA5,0xCA,0xCA,0x00,0xD0,0x05,0x00,0x00,0x05,0x20,0x03,
    0x02,0x00,0x01,0x01,0x78,0x56,0x34,0x12,0x00,0x00,0x00,0x00,0x00,0x00,0x00,0x00,
    0x0E,0x1A,0x20,0x12,0x17,0x13,0x16,0x14,0x15,0x24,0x00,0x23,0x01,0x22,0x02,0x21,
    0x00,0x00,0x00,0x00,0x00,0x00,0x00,0x00,0x00,0x00,0x00,0x00,0x00,0x00,0x00,0x00,
    0x00,0x00,0x00,0x00,0x00,0x00,0x00,0x00,0x00,0x00,0x00,0x00,0x00,0x00,0x00,0x00,
    0x00,0x00,0x00,0x00,0x00,0x00,0x03,0x04,0x05,0x33,0x34,0x35,0x40,0x41,0x42,0x43,
    0x44,0x45,0x73,0x74,0x75,0x51,0x52,0x53,0x54,0x55,0x56,0x57,0x60,0x61,0x63,0x62,
    0x00,0x00,0x00,0x00,0x00,0x00,0x00,0x00,0x00,0x00,0x00,0x00,0x00,0x00,0x00,0x00,
    0x00,0x00,0x04,0x00,0x00,0x00,0x00,0x00,0x43,0x02,0x00,0x00,0x0A,0x1E,0x1E,0x00,
    0x05,0x3C,0x14,0x1E,0x1E,0x2D,0x11,0x64,0x64,0x0A,0x0A,0x0A,0x02,0x01,0x0A,0x64,
    0x00,0x41,0x1E,0x12,0x32,0x03,0x5A,0x03,0x00,0x04,0x04,0x20,0x0A,0xFF,0xFF,0xFF,
    0xFF,0xFF,0xFF,0xFF,0xFF,0xFF,0xFF,0xFF,0xFF,0xFF,0xFF,0xFF,0xFF,0xFF,0xFF,0xFF,
    0xFF,0xFF,0xFF,0xFF,0xFF,0xFF,0xFF,0xFF,0x00,0x00,0x00,0x00,0x11,0x09,0x88,0x52,
    0x9C,0x04,0x80,0x02,0x1E,0x12,0x05,0x05,0x00,0x00,0x00,0x28,0xC8,0x00,0x14,0x28,
    0x08,0x03,0x04,0x64,0x64,0x64,0x64,0x28,0x28,0x00,0x64,0x02,0x03,0x31,0x0A,0x50,
    0x32,0x00,0x00,0x00,0x90,0x01,0x00,0x80,0x0D,0xC8,0x08,0x00,0x90,0x01,0x00,0x00,
    0x00,0x5A,0x04,0x05,0x02,0x31,0x00,0x55,0x1E,0x00,0x00,0x00,0x00,0x4C,0x00,0x00,
    0x01,0x11,0x00,0x00,0x14,0x28,0xD8,0x28,0x03,0x03,0x28,0x14,0x50,0xB0,0x28,0x03,
    0x03,0x32,0x14,0x28,0xD8,0x28,0x03,0x03,0x32,0x00,0x00,0x00,0xF4,0x01,0x01,0x01,
    0x00,0x00,0x00,0x00,0x01,0x20,0x0F,0x08,0x02,0x01,0x00,0x00,0x30,0x00,0x01,0x03,
    0x03,0x01,0x07,0x07,0x03,0x00,0x14,0x00,0x00,0x00,0x00,0x00,0x40,0x01,0x03,0x06,
    0x01,0x03,0x06,0x00,0x03,0x07,0x14,0x00,0x00,0x00,0x00,0x00,0xC8,0x00,0x00,0x01,
    0x20,0x01,0x03,0x50,0x28,0x32,0xC8,0x00,0x08,0x01,0x01,0x10,0x04,0x03,0x11,0x1C,
    0x2D,0x36,0x14,0x23,0x30,0x38,0x18,0x28,0x33,0x3C,0x0F,0x13,0x21,0x0F,0x17,0x28,
    0x0F,0x1C,0x30,0x0F,0x13,0x0F,0x17,0x0F,0x1C,0x64,0x06,0x14,0x00,0x00,0x00,0x00,
    0x00,0x00,0x00,0x00,0x00,0x00,0x00,0x00,0x00,0x00,0x00,0x00,0x00,0x00,0x00,0x00,
    0x00,0x00,0x00,0x00,0x00,0x00,0x00,0x00,0x00,0x00,0x00,0x00,0x00,0x00,0x00,0x00,
    0x00,0x00,0x00,0x00,0x00,0x00,0x00,0x00,0x00,0x00,0x00,0x00,0x00,0x00,0x00,0x00,
    0x00,0x00,0x00,0x00,0x00,0x00,0x00,0x00,0x00,0x00,0x00,0x00,0x00,0x00,0x00,0x00,
    0xFF,0xFF,0xFF,0xFF,0xFF,0xFF,0xFF,0xFF,0xFF,0xFF,0xFF,0xFF,0xFF,0xFF,0xFF,0xFF,
    0xFF,0xFF,0xFF,0xFF,0xFF,0xFF,0xFF,0xFF,0xFF,0xFF,0xFF,0xFF,0xFF,0xFF,0xFF,0xFF,
    0xFF,0xFF,0xFF,0xFF,0xFF,0xFF,0xFF,0xFF,0xFF,0xFF,0xFF,0xFF,0xFF,0xFF,0xFF,0xFF,
    0xFF,0xFF,0xFF,0xFF,0xFF,0xFF,0xFF,0xFF,0xFF,0xFF,0xFF,0xFF,0xFF,0xFF,0xFF,0xFF,
    0xFF,0xFF,0xFF,0xFF,0xFF,0xFF,0xFF,0xFF,0xFF,0xFF,0xFF,0xFF,0xFF,0xFF,0xFF,0xFF,
    0xFF,0xFF,0xFF,0xFF,0xFF,0xFF,0xFF,0xFF,0xFF,0xFF,0xFF,0xFF,0xFF,0xFF,0xFF,0xFF,
    0xFF,0xFF,0xFF,0xFF,0xFF,0xFF,0xFF,0xFF,0xFF,0xFF,0xFF,0xFF,0xFF,0xFF,0xFF,0xFF,
    0xFF,0xFF,0xFF,0xFF,0xFF,0xFF,0xFF,0xFF,0xFF,0xFF,0xFF,0xFF,0xFF,0xFF,0xFF,0xFF,
    0xFF,0xFF,0xFF,0xFF,0xFF,0xFF,0xFF,0xFF,0xFF,0xFF,0xFF,0xFF,0xFF,0xFF,0xFF,0xFF,
    0xFF,0xFF,0xFF,0xFF,0xFF,0xFF,0xFF,0xFF,0xFF,0xFF,0xFF,0xFF,0xFF,0xFF,0xFF,0xFF,
    0xFF,0xFF,0xFF,0xFF,0xFF,0xFF,0xFF,0xFF,0xFF,0xFF,0xFF,0xFF,0xFF,0xFF,0xFF,0xFF,
    0xFF,0xFF,0xFF,0xFF,0xFF,0xFF,0xFF,0xFF,0xFF,0xFF,0xFF,0xFF,0xFF,0xFF,0xFF,0xFF,
    0xFF,0xFF,0xFF,0xFF,0xFF,0xFF,0xFF,0xFF,0xFF,0xFF,0xFF,0xFF,0xFF,0xFF,0xFF,0xFF,
    0xFF,0xFF,0xFF,0xFF,0xFF,0xFF,0xFF,0xFF,0xFF,0xFF,0xFF,0xFF,0xFF,0xFF,0xFF,0xFF,
    0xFF,0xFF,0xFF,0xFF,0xFF,0xFF,0xFF,0xFF,0xFF,0xFF,0xFF,0xFF,0xFF,0xFF,0xFF,0xFF,
    0xFF,0xFF,0xFF,0xFF,0xFF,0xFF,0xFF,0xFF,0xFF,0xFF,0xFF,0xFF,0xFF,0xFF,0xFF,0xFF,
    0xFF,0xFF,0xFF,0xFF,0xFF,0xFF,0xFF,0xFF,0xFF,0xFF,0xFF,0xFF,0xFF,0xFF,0xFF,0xFF,
    0xFF,0xFF,0xFF,0xFF,0xFF,0xFF,0xFF,0xFF,0xFF,0xFF,0xFF,0xFF,0xFF,0xFF,0xFF,0xFF,
    0xFF,0xFF,0xFF,0xFF,0xFF,0xFF,0xFF,0xFF,0xFF,0xFF,0xFF,0xFF,0xFF,0xFF,0xFF,0xFF,
    0xFF,0xFF,0xFF,0xFF,0xFF,0xFF,0xFF,0xFF,0xFF,0xFF,0xFF,0xFF,0xFF,0xFF,0xFF,0xFF,
    0xFF,0xFF,0xFF,0xFF,0xFF,0xFF,0xFF,0xFF,0xFF,0xFF,0xFF,0xFF,0xFF,0xFF,0xFF,0xFF,
    0xFF,0xFF,0xFF,0xFF,0xFF,0xFF,0xFF,0xFF,0xFF,0xFF,0xFF,0xFF,0xFF,0xFF,0xFF,0xFF,
    0xFF,0xFF,0xFF,0xFF,0xFF,0xFF,0xFF,0xFF,0xFF,0xFF,0xFF,0xFF,0xFF,0xFF,0xFF,0xFF,
    0xFF,0xFF,0xFF,0xFF,0xFF,0xFF,0xFF,0xFF,0xFF,0xFF,0xFF,0xFF,0xFF,0xFF,0xFF,0xFF,
    0xFF,0xFF,0xFF,0xFF,0xFF,0xFF,0xFF,0xFF,0xFF,0xFF,0xFF,0xFF,0xFF,0xFF,0xFF,0xFF,
    0xFF,0xFF,0xFF,0xFF,0xFF,0xFF,0xFF,0xFF,0xFF,0xFF,0xFF,0xFF,0xFF,0xFF,0xFF,0xFF,
    0xFF,0xFF,0xFF,0xFF,0xFF,0xFF,0xFF,0xFF,0xFF,0xFF,0xFF,0xFF,0xFF,0xFF,0xFF,0xFF,
    0xFF,0xFF,0xFF,0xFF,0xFF,0xFF,0xFF,0xFF,0xFF,0xFF,0xFF,0xFF,0xFF,0xFF,0xFF,0xFF,
    0xFF,0xFF,0xFF,0xFF,0xFF,0xFF,0xFF,0xFF,0xFF,0xFF,0xFF,0xFF,0xFF,0xFF,0xFF,0xFF,
    0xFF,0xFF,0xFF,0xFF,0xFF,0xFF,0xFF,0xFF,0xFF,0xFF,0xFF,0xFF,0xFF,0xFF,0xFF,0xFF,
    0xFF,0xFF,0xFF,0xFF,0xFF,0xFF,0xFF,0xFF,0xFF,0xFF,0xFF,0xFF,0xFF,0xFF,0xFF,0xFF,
    0xFF,0xFF,0xFF,0xFF,0xFF,0xFF,0xFF,0xFF,0xFF,0xFF,0xFF,0xFF,0xFF,0xFF,0xFF,0xFF,
    0xFF,0xFF,0xFF,0xFF,0xFF,0xFF,0xFF,0xFF,0xFF,0xFF,0xFF,0xFF,0xFF,0xFF,0xFF,0xFF,
    0xFF,0xFF,0xFF,0xFF,0xFF,0xFF,0xFF,0xFF,0xFF,0xFF,0xFF,0xFF,0x7D,0x82,0xD0,0x23,
    0x70,0x47,0x70,0x47,0x30,0xB5,0x0F,0x4B,0x1F,0x29,0x04,0xD8,0x49,0x00,0x59,0x5A,
    0x41,0x43,0x88,0x13,0x30,0xBD,0x04,0x22,0xFF,0x29,0x05,0xD9,0x92,0x02,0x91,0x42,
    0x01,0xD3,0x0C,0x22,0x00,0xE0,0x08,0x22,0x0C,0x46,0x06,0x4D,0xD4,0x40,0x10,0x3D,
    0x2C,0x5D,0x12,0x1B,0x10,0x31,0xD1,0x40,0x49,0x00,0x59,0x5A,0x48,0x43,0x0E,0x32,
    0x10,0x41,0x30,0xBD,0x5C,0x9D,0x00,0x00,0xC2,0x06,0xD2,0x0E,0x01,0x21,0x91,0x40,
    0x40,0x09,0x02,0x4A,0x80,0x00,0x80,0x18,0x01,0x60,0x70,0x47,0x00,0xE1,0x00,0xE0,
    0x83,0x07,0xFF,0x22,0xDB,0x0E,0x9A,0x40,0x89,0x07,0x09,0x0E,0x99,0x40,0x00,0x28,
    0x0B,0xDA,0x00,0x07,0x00,0x0F,0x08,0x38,0x83,0x08,0x08,0x48,0x9B,0x00,0x18,0x18,
    0xC3,0x69,0x93,0x43,0x0B,0x43,0xC3,0x61,0x70,0x47,0x83,0x08,0x04,0x48,0x9B,0x00,
    0x18,0x18,0x03,0x68,0x93,0x43,0x0B,0x43,0x03,0x60,0x70,0x47,0x00,0xED,0x00,0xE0,
    0x00,0xE4,0x00,0xE0,0x30,0xB4,0x74,0x46,0x64,0x1E,0x25,0x78,0x64,0x1C,0xAB,0x42,
    0x00,0xD2,0x1D,0x46,0x63,0x5D,0x5B,0x00,0xE3,0x18,0x30,0xBC,0x18,0x47,0x1F,0xB5,
    0x00,0x22,0x00,0x92,0x01,0x92,0x02,0x92,0x03,0x46,0x03,0x92,0x4B,0x40,0x01,0x22,
    0x00,0x2B,0x00,0xDA,0x02,0x92,0x00,0x28,0x01,0xDA,0x40,0x42,0x03,0x92,0x00,0x29,
    0x00,0xDA,0x49,0x42,0x6A,0x46,0xFF,0xF7,0x8E,0xFA,0x01,0x99,0x00,0x98,0xFF,0xF7,
    0x87,0xFF,0x04,0xB0,0x10,0xBD,0x1F,0xB5,0x00,0x22,0x00,0x92,0x01,0x92,0x02,0x92,
    0x03,0x92,0x6A,0x46,0xFF,0xF7,0x7F,0xFA,0x01,0x99,0x00,0x98,0xFF,0xF7,0x79,0xFF,
    0x04,0xB0,0x10,0xBD,0x03,0x48,0x00,0x21,0x01,0x72,0xFF,0x22,0x42,0x77,0x20,0x30,
    0x41,0x70,0x70,0x47,0x18,0x09,0x00,0x20,0x70,0xB5,0x05,0x46,0x0C,0x46,0x00,0x2B,
    0x05,0xD0,0x01,0x46,0x52,0x00,0x20,0x46,0xF7,0xF7,0x6C,0xFB,0x70,0xBD,0x00,0x20,
    0x08,0xE0,0x43,0x00,0xE1,0x5E,0x4E,0x00,0x89,0x19,0xEE,0x5E,0x89,0x19,0x89,0x10,
    0xE1,0x52,0x40,0x1C,0x90,0x42,0xF4,0xDB,0x70,0xBD,0x70,0xB5,0x48,0x79,0x01,0x26,
    0x0D,0x46,0x00,0x28,0x03,0xD1,0x68,0x7A,0x00,0x28,0x00,0xD0,0x00,0x26,0x00,0x24,
    0x18,0x20,0x60,0x43,0x40,0x19,0x18,0x30,0x41,0x68,0x00,0x29,0x05,0xD0,0x10,0x22,
    0x82,0x5E,0x00,0x68,0x33,0x46,0xFF,0xF7,0xCF,0xFF,0x64,0x1C,0x05,0x2C,0xEF,0xDB,
    0x70,0xBD,0xF8,0xB5,0x04,0x46,0x34,0x34,0x05,0x46,0x48,0x35,0x02,0x23,0x9E,0x00,
    0x36,0x19,0x37,0x46,0x20,0x3F,0x5B,0x1E,0xFF,0x69,0x5B,0xB2,0x37,0x60,0x00,0x2B,
    0xF5,0xDC,0x83,0x69,0x23,0x60,0x00,0x78,0x00,0x07,0x00,0x0F,0x03,0x28,0x16,0xD2,
    0x02,0x28,0x14,0xD1,0x20,0x88,0xA3,0x88,0x89,0x18,0xC0,0x1A,0x00,0xB2,0x28,0x80,
    0x63,0x88,0xE4,0x88,0x49,0x08,0x1B,0x1B,0x1B,0xB2,0x6B,0x80,0xA8,0x80,0xEB,0x80,
    0x40,0x43,0x5B,0x43,0x29,0x81,0xC0,0x18,0xFE,0xF7,0xD6,0xFE,0x68,0x81,0xF8,0xBD,
    0x32,0x28,0x04,0xDA,0x83,0x21,0xC9,0x01,0x48,0x43,0x00,0x14,0x70,0x47,0x64,0x21,
    0x08,0x1A,0xBF,0x21,0x40,0x43,0x09,0x02,0x48,0x43,0x00,0x15,0x80,0x21,0x08,0x1A,
    0x70,0x47,0xF0,0xB5,0x06,0x9C,0x05,0x9D,0x66,0x00,0x84,0x5B,0x36,0x18,0xB0,0x88,
    0x00,0x2A,0x19,0xD0,0x36,0x89,0x80,0x00,0x00,0x1B,0x80,0x1B,0x00,0xB2,0x27,0x1A,
    0xBE,0x19,0x67,0x00,0xC0,0x1B,0x4E,0x43,0x50,0x43,0x30,0x18,0x48,0x43,0x58,0x43,
    0x00,0x13,0x00,0x19,0x00,0xB2,0x00,0x21,0x00,0x28,0x03,0xDD,0x01,0x46,0xA8,0x42,
    0x00,0xDB,0x29,0x46,0x08,0xB2,0xF0,0xBD,0x22,0x1A,0x4A,0x43,0x5A,0x43,0x11,0x13,
    0x08,0x18,0x00,0xB2,0xF0,0xBD,0xF0,0xB5,0x00,0x22,0x05,0x9E,0x12,0xE0,0x54,0x00,
    0x05,0x5F,0x0C,0x5F,0x2D,0x1B,0x9C,0x56,0xE7,0x00,0x3C,0x1B,0xE4,0x10,0x64,0x19,
    0x7F,0x25,0xED,0x43,0xAC,0x42,0x03,0xDD,0x7F,0x25,0x7F,0x2C,0x00,0xDA,0x25,0x46,
    0x9D,0x54,0x52,0x1C,0xB2,0x42,0xEA,0xDB,0xF0,0xBD,0x00,0x00,0x70,0xB5,0x01,0x46,
    0x20,0x31,0x4D,0x7D,0x0E,0x7D,0x04,0x6B,0xFC,0xF7,0x48,0xFC,0x75,0x43,0xE0,0x66,
    0x28,0x18,0xA0,0x66,0x68,0x00,0xC0,0x1D,0x00,0xF0,0x86,0xFB,0x01,0x48,0x60,0x60,
    0x00,0x20,0x70,0xBD,0x49,0x19,0x00,0x00,0xFF,0xB5,0x9C,0x46,0x00,0x24,0x25,0xE0,
    0x01,0x99,0x65,0x00,0x49,0x5B,0x09,0x04,0x1F,0xD5,0x00,0x21,0x66,0x46,0x23,0x46,
    0x73,0x43,0x9E,0x46,0x0E,0xE0,0x09,0x9B,0x06,0x68,0x00,0x2B,0x03,0xD0,0x0F,0x46,
    0x57,0x43,0x3F,0x19,0x01,0xE0,0x73,0x46,0x5F,0x18,0x7F,0x00,0xF3,0x5F,0x5B,0x10,
    0xF3,0x53,0x49,0x1C,0x61,0x45,0xEE,0xDB,0x09,0x99,0x00,0x29,0x01,0xD0,0x81,0x68,
    0x00,0xE0,0x41,0x68,0x4B,0x5F,0x5B,0x10,0x4B,0x53,0x64,0x1C,0x94,0x42,0xD7,0xDB,
    0xFF,0xBD,0x00,0x00,0x10,0xB5,0x0E,0x4C,0x60,0x7A,0xC1,0x06,0x0D,0xD5,0x11,0x28,
    0x02,0xD0,0x12,0x28,0x0A,0xD0,0x04,0xE0,0x5C,0x22,0x0A,0x49,0x0A,0x48,0xF7,0xF7,
    0x69,0xFA,0x01,0x20,0x60,0x71,0x00,0x20,0x60,0x72,0x10,0xBD,0x07,0x48,0x9C,0x22,
    0x01,0x68,0x04,0x48,0xFF,0x31,0x45,0x31,0xF7,0xF7,0x5C,0xFA,0xEC,0xE7,0x00,0x00,
    0x5C,0x07,0x00,0x20,0xD4,0x07,0x00,0x20,0x78,0x07,0x00,0x20,0xB0,0x08,0x00,0x20,
    0x10,0xB5,0x04,0x48,0x40,0x69,0x80,0x47,0x02,0x49,0x01,0x20,0x08,0x39,0x48,0x71,
    0x10,0xBD,0x00,0x00,0xD8,0x22,0x00,0x20,0x70,0xB5,0x1A,0x4E,0x32,0x5C,0x00,0x2A,
    0x2F,0xD0,0x34,0x46,0x00,0x22,0xC3,0x00,0x08,0x34,0x1C,0x19,0x33,0x5C,0xD3,0x40,
    0xDB,0x07,0x22,0xD0,0x01,0x23,0xA5,0x5C,0x93,0x40,0x2D,0x07,0x0D,0x78,0xDB,0xB2,
    0x01,0xD5,0x1D,0x43,0x00,0xE0,0x9D,0x43,0x0D,0x70,0xA5,0x5C,0x6D,0x07,0x4D,0x78,
    0x01,0xD5,0x1D,0x43,0x00,0xE0,0x9D,0x43,0x4D,0x70,0xA5,0x5C,0xAD,0x07,0x8D,0x78,
    0x01,0xD5,0x1D,0x43,0x00,0xE0,0x9D,0x43,0x8D,0x70,0xA5,0x5C,0xED,0x07,0xCD,0x78,
    0x01,0xD0,0x1D,0x43,0x00,0xE0,0x9D,0x43,0xCD,0x70,0x52,0x1C,0xD2,0xB2,0x08,0x2A,
    0xD4,0xD3,0x70,0xBD,0x78,0x23,0x00,0x20,0x01,0x21,0x10,0xB5,0x81,0x40,0xCC,0xB2,
    0x00,0x21,0x03,0x48,0x00,0xF0,0xC4,0xF8,0x20,0x40,0x00,0xD0,0x01,0x20,0x10,0xBD,
    0x10,0x03,0x00,0x40,0x00,0xB5,0x00,0x22,0x01,0x21,0x11,0x48,0xF9,0xF7,0xCC,0xFB,
    0x0F,0x48,0xFF,0x22,0x01,0x21,0x40,0x1D,0xF9,0xF7,0xC6,0xFB,0x0C,0x48,0xFF,0x22,
    0x01,0x21,0x00,0x1D,0xF9,0xF7,0xC0,0xFB,0x09,0x48,0x00,0x22,0x01,0x21,0xC0,0x1C,
    0xF9,0xF7,0xBA,0xFB,0x06,0x48,0x00,0x22,0x01,0x21,0x80,0x1C,0xF9,0xF7,0xB4,0xFB,
    0x03,0x48,0x00,0x22,0x01,0x21,0x40,0x1C,0xF9,0xF7,0xAE,0xFB,0x00,0xBD,0x00,0x00,
    0x10,0x03,0x00,0x40,0x03,0x49,0x00,0x28,0x01,0xD0,0x01,0x20,0x00,0xE0,0x10,0x20,
    0xC8,0x71,0x70,0x47,0x00,0x20,0x00,0x40,0xF0,0xB5,0x07,0xAC,0xE0,0xCC,0x0A,0x4C,
    0x60,0x60,0xA1,0x60,0xE2,0x60,0x23,0x61,0x06,0x99,0x05,0x98,0x60,0x61,0xA1,0x61,
    0xE5,0x61,0x26,0x62,0x20,0x1D,0x47,0x84,0x0A,0x99,0x79,0x18,0x81,0x84,0x21,0x46,
    0x24,0x31,0x0B,0x98,0xC8,0x72,0xF0,0xBD,0x44,0x23,0x00,0x20,0xF8,0xB5,0x17,0x4C,
    0x06,0x46,0xE1,0x68,0x48,0x78,0x0D,0x78,0x01,0x21,0xE1,0x77,0x00,0x21,0x21,0x70,
    0x61,0x70,0xA1,0x70,0xE1,0x70,0x00,0x28,0x00,0xD1,0x01,0x20,0x68,0x43,0x41,0x00,
    0x60,0x69,0xF7,0xF7,0xC6,0xF9,0x04,0x20,0x07,0x07,0xA1,0x69,0x78,0x80,0xE0,0x68,
    0x2A,0x46,0x40,0x68,0x00,0xF0,0x98,0xF8,0x00,0x20,0xF9,0xF7,0x53,0xFA,0x0C,0x20,
    0x78,0x80,0x60,0x68,0x00,0x23,0x41,0x79,0x00,0x79,0x01,0x22,0xF8,0xF7,0xAA,0xFE,
    0x00,0x2E,0x02,0xD0,0x20,0x78,0x00,0x28,0xFC,0xD0,0xF8,0xBD,0xC0,0x23,0x00,0x20,
    0x0D,0x49,0x42,0x08,0x48,0x70,0x0A,0x70,0x04,0x2A,0x01,0xD1,0x03,0x22,0x0A,0x70,
    0x04,0x28,0x06,0xD0,0x08,0x28,0x09,0xD0,0x08,0x48,0x48,0x60,0x40,0x1C,0x88,0x60,
    0x70,0x47,0x06,0x48,0x82,0x30,0x48,0x60,0x10,0x30,0xF8,0xE7,0x03,0x48,0x80,0x1C,
    0x48,0x60,0x40,0x30,0xF3,0xE7,0x00,0x00,0xE8,0x23,0x00,0x20,0x2C,0x89,0x00,0x00,
    0x02,0x48,0x01,0x78,0x00,0x29,0xFC,0xD0,0x70,0x47,0x00,0x00,0xC0,0x23,0x00,0x20,
    0x0C,0xB5,0x00,0x22,0x69,0x46,0x0A,0x80,0x0D,0xE0,0x69,0x46,0x8A,0x80,0x02,0xE0,
    0x99,0x88,0x49,0x1C,0x99,0x80,0x69,0x46,0x89,0x88,0x6B,0x46,0x42,0x29,0xF7,0xD3,
    0x19,0x88,0x49,0x1C,0x19,0x80,0x69,0x46,0x09,0x88,0x81,0x42,0xED,0xD3,0x0C,0xBD,
    0x01,0x46,0x08,0x78,0x0B,0x78,0x0A,0x78,0x98,0x42,0xFA,0xD1,0x90,0x42,0xF8,0xD1,
    0x70,0x47,0x70,0xB5,0x0D,0x46,0x06,0x46,0x00,0x24,0x06,0xE0,0x30,0x5D,0x00,0x22,
    0x04,0x21,0xF8,0xF7,0xA3,0xFC,0x64,0x1C,0xE4,0xB2,0xAC,0x42,0xF6,0xD3,0x70,0xBD,
    0xF0,0xB5,0x00,0x22,0x08,0x4E,0x0B,0xE0,0x83,0x5C,0xDC,0x08,0xA4,0x19,0x25,0x7A,
    0x5F,0x07,0x7F,0x0F,0x01,0x23,0xBB,0x40,0x9D,0x43,0x25,0x72,0x52,0x1C,0xD2,0xB2,
    0x8A,0x42,0xF1,0xD3,0xF0,0xBD,0x00,0x00,0x60,0x12,0x00,0x40,0xF0,0xB5,0x00,0x22,
    0x08,0x4E,0x0B,0xE0,0x83,0x5C,0xDC,0x08,0xA4,0x19,0x25,0x7A,0x5F,0x07,0x7F,0x0F,
    0x01,0x23,0xBB,0x40,0x1D,0x43,0x25,0x72,0x52,0x1C,0xD2,0xB2,0x8A,0x42,0xF1,0xD3,
    0xF0,0xBD,0x00,0x00,0x60,0x12,0x00,0x40,0x30,0xB5,0x07,0x4B,0x9C,0x88,0x10,0x25,
    0x2C,0x43,0x9C,0x80,0xD8,0x80,0x19,0x81,0x5A,0x80,0x31,0x20,0x18,0x80,0x98,0x88,
    0xC0,0x06,0xFC,0xD5,0x30,0xBD,0x00,0x00,0x00,0x11,0x00,0x40,0xF0,0xB5,0x05,0xAC,
    0xE0,0xCC,0x05,0x4C,0x67,0x61,0xA6,0x61,0xE5,0x60,0x23,0x61,0x22,0x60,0x61,0x60,
    0xA0,0x60,0x08,0x98,0xA0,0x77,0xF0,0xBD,0xF4,0x23,0x00,0x20,0xF8,0xB5,0x0E,0x46,
    0x05,0x46,0x15,0x49,0x08,0x20,0xFE,0xF7,0x1F,0xF8,0x14,0x48,0x14,0x4C,0x05,0x81,
    0x20,0x88,0x20,0x21,0x08,0x40,0x88,0x30,0x20,0x80,0x8F,0x02,0x64,0x2D,0x04,0xD2,
    0x00,0x20,0x60,0x81,0x28,0x01,0x38,0x43,0x06,0xE0,0x14,0x21,0x28,0x46,0xFF,0xF7,
    0x32,0xFD,0x38,0x43,0x60,0x81,0x0B,0x48,0x20,0x81,0x20,0x88,0x08,0x21,0x88,0x43,
    0x20,0x80,0xAA,0x20,0xA0,0x80,0x20,0x88,0x20,0x21,0x08,0x43,0x20,0x80,0x00,0x2E,
    0x01,0xD0,0x02,0x48,0x06,0x60,0xF8,0xBD,0xF9,0x9C,0x00,0x00,0xF0,0x22,0x00,0x20,
    0x00,0x02,0x00,0x40,0x40,0x81,0x00,0x00,0xFF,0xB5,0x96,0x46,0x1C,0x7B,0xD2,0xB2,
    0x12,0xE0,0x01,0x9D,0x59,0x7B,0x65,0x43,0xAC,0x46,0x09,0xE0,0x65,0x46,0x6D,0x18,
    0x46,0x5D,0x1F,0x78,0xBE,0x42,0x01,0xD0,0x15,0x2E,0x00,0xD1,0x42,0x55,0x49,0x1C,
    0xDD,0x7B,0x8D,0x42,0xF2,0xDA,0x64,0x1C,0x99,0x7B,0xA1,0x42,0xE9,0xDA,0x70,0x46,
    0x1F,0x28,0x00,0xD0,0x1A,0x70,0xFF,0xBD,0x62,0xB6,0x70,0x47,0x01,0x46,0x0B,0x48,
    0x01,0x29,0x04,0xD0,0x02,0x29,0x05,0xD0,0x03,0x29,0x06,0xD0,0x09,0xE0,0x0C,0x22,
    0x07,0xA1,0x04,0xE0,0x0C,0x22,0x0A,0xA1,0x01,0xE0,0x0C,0x22,0x0C,0xA1,0xF7,0xF7,
    0x71,0xF8,0x00,0x21,0x04,0x20,0xF9,0xF7,0xF7,0xF9,0xFE,0xE7,0x26,0x05,0x00,0x20,
    0x6D,0x61,0x6C,0x6C,0x6F,0x63,0x20,0x65,0x72,0x72,0x0D,0x0A,0x00,0x00,0x00,0x00,
    0x4F,0x76,0x65,0x72,0x46,0x6C,0x6F,0x77,0x21,0x21,0x0D,0x0A,0x00,0x00,0x00,0x00,
    0x61,0x6C,0x67,0x4E,0x6F,0x4D,0x61,0x74,0x63,0x68,0x0D,0x0A,0x00,0x00,0x00,0x00,
    0xF7,0xB5,0x9A,0xB0,0x15,0x46,0x00,0x29,0x18,0xD0,0x00,0x24,0x14,0x20,0x41,0x43,
    0x0F,0x46,0x0B,0x4E,0x10,0xE0,0x3A,0x46,0x68,0x46,0x1A,0x99,0xF7,0xF7,0x42,0xF8,
    0x2B,0x46,0x62,0x1C,0x69,0x46,0x30,0x6B,0xFE,0xF7,0x84,0xFE,0xC1,0xB2,0x68,0x46,
    0xFA,0xF7,0x16,0xFE,0x64,0x1C,0xE4,0xB2,0xAC,0x42,0xEC,0xD3,0x1D,0xB0,0xF0,0xBD,
    0xB8,0x08,0x00,0x20,0x00,0x6B,0x02,0x49,0xC1,0x60,0x00,0x20,0x70,0x47,0x00,0x00,
    0x09,0x46,0x00,0x00,0x03,0x46,0x10,0xB5,0x55,0x20,0x00,0x22,0x03,0xE0,0x9C,0x5C,
    0x20,0x18,0x80,0xB2,0x52,0x1C,0x8A,0x42,0xF9,0xDB,0x10,0xBD,0x10,0xB5,0x04,0x48,
    0x40,0x68,0x80,0x47,0x02,0x49,0x01,0x20,0x08,0x39,0x48,0x70,0x10,0xBD,0x00,0x00,
    0xD8,0x22,0x00,0x20,0x70,0xB5,0x13,0x4C,0x10,0x20,0x20,0x70,0x20,0x20,0x60,0x70,
    0x00,0x21,0x07,0x20,0xF9,0xF7,0x90,0xF9,0xA0,0x70,0xFF,0x20,0x60,0x77,0x0E,0x48,
    0x01,0x68,0x0D,0x46,0xFF,0x31,0x01,0x31,0x08,0x7A,0x20,0x77,0x0B,0x48,0x81,0x78,
    0x20,0x46,0x20,0x30,0x01,0x71,0x01,0x21,0x41,0x71,0x81,0x70,0x08,0x49,0x09,0x48,
    0xF7,0xF7,0x2C,0xF8,0x29,0x46,0x40,0x22,0x98,0x31,0x07,0x48,0xF6,0xF7,0xEA,0xFF,
    0x70,0xBD,0x00,0x00,0x3C,0x07,0x00,0x20,0xB0,0x08,0x00,0x20,0x78,0x07,0x00,0x20,
    0x20,0x05,0x00,0x20,0x01,0x00,0x65,0x03,0x70,0x08,0x00,0x20,0xFF,0xB5,0x15,0x21,
    0x85,0xB0,0x41,0x56,0x01,0x91,0x14,0x21,0x41,0x56,0x02,0x91,0x00,0x68,0x00,0x26,
    0x1F,0x46,0x35,0x46,0x03,0x90,0x1E,0xE0,0x00,0x24,0x68,0x00,0x04,0x90,0x16,0xE0,
    0x00,0x2F,0x0A,0xD0,0x04,0x98,0x39,0x5E,0x0F,0x98,0x81,0x42,0x0D,0xDD,0x0E,0x98,
    0x61,0x00,0x41,0x5E,0x0F,0x98,0x81,0x42,0x07,0xDD,0x10,0x9B,0x00,0x93,0x33,0x46,
    0x07,0x9A,0x06,0x99,0x03,0x98,0xFA,0xF7,0x52,0xFD,0x64,0x1C,0x76,0x1C,0x02,0x98,
    0x84,0x42,0xE5,0xDB,0x6D,0x1C,0x01,0x98,0x85,0x42,0xDD,0xDB,0x09,0xB0,0xF0,0xBD,
    0x70,0xB5,0x10,0x4B,0x0D,0x48,0x1D,0x68,0x42,0x6A,0x20,0x35,0x2B,0x7C,0xC1,0x69,
    0x6D,0x7C,0x00,0x20,0x0A,0x4C,0x6B,0x43,0x0B,0xE0,0x15,0x88,0x0E,0x88,0xAD,0x1B,
    0xA6,0x7A,0xB5,0x42,0x01,0xDD,0x01,0x20,0x70,0xBD,0x40,0x1C,0x89,0x1C,0x80,0xB2,
    0x92,0x1C,0x83,0x42,0xF1,0xD8,0x00,0x20,0x70,0xBD,0x00,0x00,0xA8,0x06,0x00,0x20,
    0x70,0x08,0x00,0x20,0xB0,0x08,0x00,0x20,0x04,0x48,0xC1,0x79,0x80,0x79,0x81,0x42,
    0x01,0xD1,0x01,0x20,0x70,0x47,0x00,0x20,0x70,0x47,0x00,0x00,0x5C,0x07,0x00,0x20,
    0x03,0x68,0x0B,0x60,0x01,0x68,0xD2,0x1C,0x89,0x18,0x89,0x08,0x89,0x00,0x01,0x60,
    0x70,0x47,0xF3,0xB5,0x83,0xB0,0x06,0x46,0x04,0x98,0x00,0x25,0x40,0x1E,0x02,0x90,
    0x2D,0xE0,0x28,0x46,0x54,0x21,0x48,0x43,0x01,0x90,0x30,0x5C,0x01,0x07,0x09,0x0F,
    0x01,0x29,0x22,0xD9,0x00,0x09,0x20,0xD1,0x6C,0x1C,0x1B,0xE0,0x54,0x21,0x61,0x43,
    0x70,0x5C,0x02,0x07,0x12,0x0F,0x01,0x2A,0x13,0xD9,0x00,0x09,0x11,0xD1,0x01,0x98,
    0x8F,0x19,0x80,0x19,0x00,0x90,0x81,0x69,0xBB,0x69,0x7A,0x6A,0x40,0x6A,0xFB,0xF7,
    0x6B,0xFC,0x00,0x28,0x05,0xD0,0x00,0x98,0x00,0x99,0x80,0x69,0xBA,0x69,0x8A,0x61,
    0xB8,0x61,0x64,0x1C,0x04,0x98,0x84,0x42,0xE0,0xD3,0x02,0x98,0x6D,0x1C,0x85,0x42,
    0xCF,0xD3,0x05,0xB0,0xF0,0xBD,0x00,0x00,0x10,0xB5,0x04,0x6B,0xA0,0x6F,0x81,0x78,
    0x54,0x20,0x41,0x43,0x60,0x6F,0xF6,0xF7,0x54,0xFF,0x02,0x48,0xA0,0x60,0x00,0x20,
    0x10,0xBD,0x00,0x00,0xE1,0x55,0x00,0x00,0x10,0xB5,0x00,0x28,0x10,0xD0,0x0C,0x49,
    0x00,0x22,0x09,0x68,0xC0,0x1C,0xCA,0x70,0x0A,0x4A,0x0B,0x88,0x10,0x40,0x8A,0x78,
    0x92,0x00,0x52,0x18,0x94,0x88,0x1B,0x1B,0x9B,0xB2,0x98,0x42,0x01,0xD9,0x00,0x20,
    0x10,0xBD,0xD0,0x80,0x88,0x78,0x40,0x1C,0x88,0x70,0x01,0x20,0x10,0xBD,0x00,0x00,
    0x30,0x24,0x00,0x20,0xFC,0xFF,0x00,0x00,0x30,0xB5,0x08,0x49,0x09,0x68,0x8B,0x78,
    0x0C,0x46,0x9A,0x00,0x52,0x18,0x15,0x88,0x40,0x34,0x2C,0x19,0x84,0x42,0x03,0xD1,
    0x5B,0x1E,0x8B,0x70,0x50,0x88,0x30,0xBD,0x00,0x20,0x30,0xBD,0x30,0x24,0x00,0x20,
    0x04,0x4A,0x40,0x39,0x10,0x60,0x01,0x80,0x00,0x21,0x81,0x70,0xC1,0x70,0x81,0x80,
    0x70,0x47,0x00,0x00,0x30,0x24,0x00,0x20,0x00,0xB5,0x03,0x4B,0x0A,0x22,0x01,0x21,
    0x00,0xF0,0x22,0xF8,0x00,0x20,0x00,0xBD,0x35,0x61,0x00,0x00,0x10,0xB5,0x03,0x4B,
    0x50,0x22,0x02,0x21,0x00,0xF0,0x18,0xF8,0x00,0x20,0x10,0xBD,0xFD,0x5F,0x00,0x00,
    0x10,0xB5,0x03,0x4B,0x0A,0x22,0x02,0x21,0x00,0xF0,0x0E,0xF8,0x00,0x20,0x10,0xBD,
    0xCD,0x64,0x00,0x00,0x10,0xB5,0x03,0x4B,0x14,0x22,0x03,0x21,0x00,0xF0,0x04,0xF8,
    0x00,0x20,0x10,0xBD,0x99,0x66,0x00,0x00,0x30,0xB5,0x04,0x6B,0x00,0x20,0xC5,0x00,
    0x2D,0x19,0xAD,0x69,0x00,0x2D,0x05,0xD0,0x0A,0x28,0x02,0xD0,0x40,0x1C,0x0A,0x28,
    0xF5,0xDB,0x30,0xBD,0xC0,0x00,0x00,0x19,0x89,0x07,0x89,0x0F,0x92,0x00,0x84,0x8A,
    0x11,0x43,0x81,0x82,0x83,0x61,0x30,0xBD,0x10,0xB5,0x84,0x1A,0x00,0x2C,0x00,0xDC,
    0x14,0x1A,0xC8,0x1A,0xA2,0xB2,0x00,0x28,0x00,0xDC,0x58,0x1A,0x80,0xB2,0x52,0x43,
    0x41,0x00,0x91,0x42,0x01,0xD3,0x80,0xB2,0x10,0xBD,0x40,0x43,0x80,0x18,0xFE,0xF7,
    0x53,0xFA,0x10,0xBD,0x10,0xB5,0x09,0x48,0x07,0x49,0x01,0x60,0x08,0x49,0x81,0x60,
    0x08,0x49,0xC1,0x60,0x08,0x49,0x01,0x61,0x08,0x49,0x81,0x61,0x08,0x49,0x01,0x62,
    0xFD,0xF7,0xD2,0xF8,0x10,0xBD,0x00,0x00,0xB9,0x6C,0x00,0x00,0x74,0x01,0x00,0x20,
    0x51,0x72,0x00,0x00,0x21,0x6E,0x00,0x00,0x1D,0x71,0x00,0x00,0x69,0x9B,0x00,0x00,
    0x0D,0x69,0x00,0x00,0x02,0x48,0x80,0x69,0x00,0x28,0x00,0xD0,0x00,0x47,0x70,0x47,
    0x74,0x01,0x00,0x20,0x02,0x49,0xC9,0x68,0x00,0x29,0x00,0xD0,0x08,0x47,0x70,0x47,
    0x74,0x01,0x00,0x20,0x03,0x48,0x00,0x69,0x00,0x28,0x00,0xD0,0x00,0x47,0xA5,0x20,
    0x70,0x47,0x00,0x00,0x74,0x01,0x00,0x20,0x07,0x48,0x01,0x7C,0x00,0x29,0x09,0xD1,
    0xC0,0x78,0x00,0x28,0x06,0xD0,0x05,0x48,0x01,0x68,0xE2,0x38,0x81,0x42,0x01,0xD9,
    0x01,0x20,0x70,0x47,0x00,0x20,0x70,0x47,0x3C,0x07,0x00,0x20,0xE4,0x04,0x00,0x20,
    0x10,0xB5,0x0D,0x4A,0xA5,0x24,0xD1,0x68,0x50,0x69,0x81,0x42,0x02,0xD2,0x0C,0x78,
    0x49,0x1C,0xD1,0x60,0x09,0x48,0x00,0x68,0xFF,0x30,0x21,0x30,0x80,0x7F,0x02,0x28,
    0x08,0xD1,0x07,0x48,0x81,0x42,0x05,0xD1,0x00,0x20,0xF9,0xF7,0xDB,0xFC,0x05,0x48,
    0x01,0x21,0x81,0x70,0x20,0x46,0x10,0xBD,0x40,0x00,0x00,0x20,0xB0,0x08,0x00,0x20,
    0x53,0x05,0x00,0x20,0x5C,0x07,0x00,0x20,0x02,0x48,0x00,0x21,0x01,0x81,0x41,0x70,
    0x70,0x47,0x00,0x00,0x40,0x00,0x00,0x20,0x00,0xB5,0x02,0x48,0xC0,0x6C,0xFD,0xF7,
    0xDB,0xFD,0x00,0xBD,0xA8,0x06,0x00,0x20,0x10,0xB5,0x03,0x48,0x80,0x7A,0x0A,0x28,
    0x01,0xD0,0xFC,0xF7,0x69,0xFE,0x10,0xBD,0x5C,0x07,0x00,0x20,0x81,0x78,0x02,0x78,
    0x89,0x1A,0xC2,0x78,0x40,0x78,0x49,0x1C,0x10,0x1A,0x40,0x1C,0x48,0x43,0x70,0x47,
    0x10,0xB5,0x04,0x78,0xCB,0xB2,0x8C,0x42,0x00,0xDD,0x03,0x70,0x84,0x78,0x8C,0x42,
    0x00,0xDA,0x83,0x70,0x43,0x78,0xD1,0xB2,0x93,0x42,0x00,0xDD,0x41,0x70,0xC3,0x78,
    0x93,0x42,0x00,0xDA,0xC1,0x70,0x10,0xBD,0x70,0xB5,0x48,0x79,0x0C,0x46,0xFF,0x28,
    0x18,0xD1,0xD0,0x78,0x00,0x09,0x0F,0xD0,0x0D,0x46,0x40,0x35,0x00,0x21,0x69,0x5E,
    0xA0,0x6B,0x4A,0x00,0x21,0x6B,0xF6,0xF7,0xD5,0xFD,0x18,0x20,0x28,0x5E,0xA1,0x6C,
    0x42,0x00,0x20,0x6D,0xF6,0xF7,0xCE,0xFD,0x00,0x20,0x60,0x71,0x60,0x72,0x64,0x20,
    0x20,0x72,0xE0,0x71,0x70,0xBD,0x00,0x00,0x10,0xB5,0x04,0x48,0x00,0x68,0x80,0x47,
    0x02,0x49,0x01,0x20,0x08,0x39,0x08,0x70,0x10,0xBD,0x00,0x00,0xD8,0x22,0x00,0x20,
    0x70,0xB5,0x0E,0x6B,0x04,0x46,0x30,0x68,0x0D,0x46,0x00,0x28,0x14,0xD0,0x01,0x23,
    0x00,0x22,0x20,0x46,0xFC,0xF7,0xE4,0xFD,0x29,0x46,0x32,0x68,0x34,0x31,0x20,0x46,
    0x90,0x47,0x06,0x46,0x5F,0x20,0x40,0x5D,0x20,0x28,0x12,0xD0,0x20,0x35,0xE9,0x7D,
    0x09,0x09,0x0E,0xD0,0x00,0x21,0x08,0xE0,0x01,0x20,0x70,0xBD,0xA2,0x68,0x4B,0x00,
    0xD5,0x5E,0x45,0x43,0x6D,0x11,0xD5,0x52,0x49,0x1C,0x14,0x22,0xA2,0x56,0x8A,0x42,
    0xF4,0xDC,0x30,0x46,0x70,0xBD,0x00,0x00,0x30,0xB4,0x11,0x4B,0x58,0x88,0x58,0x80,
    0xEF,0xF3,0x08,0x82,0x0F,0x49,0x48,0x68,0x82,0x42,0x01,0xD8,0x0E,0x4A,0x02,0x60,
    0x0C,0x48,0x8A,0x7B,0x40,0x7C,0x00,0x2A,0x04,0xD1,0x0A,0x89,0x4C,0x89,0x42,0x43,
    0xA2,0x42,0x01,0xD2,0xA0,0x22,0x9A,0x80,0xFF,0x28,0x01,0xD2,0x40,0x1C,0x48,0x74,
    0x08,0x68,0x00,0x28,0x01,0xD0,0x30,0xBC,0x00,0x47,0x30,0xBC,0x70,0x47,0x00,0x00,
    0x00,0x02,0x00,0x40,0xF0,0x22,0x00,0x20,0x78,0x56,0x34,0x12,0x05,0x04,0x03,0x03,
    0x02,0x02,0x02,0x02,0x01,0x01,0x01,0x01,0x01,0x01,0x01,0x01,0xFF,0xFF,0x00,0x40,
    0x00,0x20,0x55,0x15,0x00,0x10,0xCC,0x0C,0xAA,0x0A,0x24,0x09,0x00,0x08,0x01,0x08,
    0x66,0x06,0xD1,0x05,0x55,0x05,0xEC,0x04,0x92,0x04,0x44,0x04,0x00,0x04,0x01,0x04,
    0x8E,0x03,0x5E,0x03,0x33,0x03,0x0C,0x03,0xE8,0x02,0xC8,0x02,0xAA,0x02,0xAB,0x02,
    0x76,0x02,0x5E,0x02,0x49,0x02,0x34,0x02,0x22,0x02,0x10,0x02,0x4D,0x30,0x00,0x00,
    0x6F,0x30,0x00,0x00,0x70,0x30,0x00,0x00,0x71,0x30,0x00,0x00,0x42,0x31,0x00,0x00,
    0x43,0x31,0x00,0x00,0x6F,0x31,0x00,0x00,0x70,0x31,0x00,0x00,0x71,0x31,0x00,0x00,
    0x72,0x31,0x00,0x00,0x46,0x32,0x00,0x00,0x72,0x32,0x00,0x00,0x72,0x33,0x00,0x00,
    0x4E,0x55,0x4C,0x4C,0x00,0x00,0x00,0x00,0xFF,0xFF,0xFF,0xFF,0xFF,0xFF,0xFF,0xFF,
    0xFF,0xFF,0xFF,0xFF,0xFF,0xFF,0xFF,0xFF,0xFF,0xFF,0xFF,0xFF,0xFF,0xFF,0xFF,0xFF,
    0xFF,0xFF,0xFF,0xFF,0xFF,0xFF,0xFF,0xFF,0xFF,0xFF,0xFF,0xFF,0xFF,0xFF,0xFF,0xFF,
    0xFF,0xFF,0xFF,0xFF,0xFF,0xFF,0xFF,0xFF,0xFF,0xFF,0xFF,0xFF,0xFF,0xFF,0xFF,0xFF,
    0xFF,0xFF,0xFF,0xFF,0xFF,0xFF,0xFF,0xFF,0xFF,0xFF,0xFF,0xFF,0xFF,0xFF,0xFF,0xFF,
    0xFF,0xFF,0xFF,0xFF,0xFF,0xFF,0xFF,0xFF,0xFF,0xFF,0xFF,0xFF,0xFF,0xFF,0xFF,0xFF,
    0xFF,0xFF,0xFF,0xFF,0xFF,0xFF,0xFF,0xFF,0xFF,0xFF,0xFF,0xFF,0xFF,0xFF,0xFF,0xFF,
    0xFF,0xFF,0xFF,0xFF,0xFF,0xFF,0xFF,0xFF,0xFF,0xFF,0xFF,0xFF,0xFF,0xFF,0xFF,0xFF,
    0xFF,0xFF,0xFF,0xFF,0xFF,0xFF,0xFF,0xFF,0xFF,0xFF,0xFF,0xFF,0xFF,0xFF,0xFF,0xFF,
    0xFF,0xFF,0xFF,0xFF,0xFF,0xFF,0xFF,0xFF,0xFF,0xFF,0xFF,0xFF,0xFF,0xFF,0xFF,0xFF,
    0xFF,0xFF,0xFF,0xFF,0xFF,0xFF,0xFF,0xFF,0xFF,0xFF,0xFF,0xFF,0xFF,0xFF,0xFF,0xFF,
    0xFF,0xFF,0xFF,0xFF,0xFF,0xFF,0xFF,0xFF,0xFF,0xFF,0xFF,0xFF,0xFF,0xFF,0xFF,0xFF,
    0xFF,0xFF,0xFF,0xFF,0xFF,0xFF,0xFF,0xFF,0xFF,0xFF,0xFF,0xFF,0xFF,0xFF,0xFF,0xFF,
    0xFF,0xFF,0xFF,0xFF,0xFF,0xFF,0xFF,0xFF,0xFF,0xFF,0xFF,0xFF,0xFF,0xFF,0xFF,0xFF,
    0xFF,0xFF,0xFF,0xFF,0xFF,0xFF,0xFF,0xFF,0xFF,0xFF,0xFF,0xFF,0xFF,0xFF,0xFF,0xFF,
    0xFF,0xFF,0xFF,0xFF,0xFF,0xFF,0xFF,0xFF,0xFF,0xFF,0xFF,0xFF,0xFF,0xFF,0xFF,0xFF,
    0xFF,0xFF,0xFF,0xFF,0xFF,0xFF,0xFF,0xFF,0xFF,0xFF,0xFF,0xFF,0xFF,0xFF,0xFF,0xFF,
    0xFF,0xFF,0xFF,0xFF,0xFF,0xFF,0xFF,0xFF,0xFF,0xFF,0xFF,0xFF,0xFF,0xFF,0xFF,0xFF,
    0xFF,0xFF,0xFF,0xFF,0xFF,0xFF,0xFF,0xFF,0xFF,0xFF,0xFF,0xFF,0xFF,0xFF,0xFF,0xFF,
    0xFF,0xFF,0xFF,0xFF,0xFF,0xFF,0xFF,0xFF,0xFF,0xFF,0xFF,0xFF,0xFF,0xFF,0xFF,0xFF,
    0xFF,0xFF,0xFF,0xFF,0xFF,0xFF,0xFF,0xFF,0xFF,0xFF,0xFF,0xFF,0xFF,0xFF,0xFF,0xFF,
    0xFF,0xFF,0xFF,0xFF,0xFF,0xFF,0xFF,0xFF,0xFF,0xFF,0xFF,0xFF,0xFF,0xFF,0xFF,0xFF,
    0xFF,0xFF,0xFF,0xFF,0xFF,0xFF,0xFF,0xFF,0xFF,0xFF,0xFF,0xFF,0xFF,0xFF,0xFF,0xFF,
    0xFF,0xFF,0xFF,0xFF,0xFF,0xFF,0xFF,0xFF,0xFF,0xFF,0xFF,0xFF,0xFF,0xFF,0xFF,0xFF,
    0xFF,0xFF,0xFF,0xFF,0xFF,0xFF,0xFF,0xFF,0xFF,0xFF,0xFF,0xFF,0xFF,0xFF,0xFF,0xFF,
    0xFF,0xFF,0xFF,0xFF,0xFF,0xFF,0xFF,0xFF,0xFF,0xFF,0xFF,0xFF,0xFF,0xFF,0xFF,0xFF,
    0xFF,0xFF,0xFF,0xFF,0xFF,0xFF,0xFF,0xFF,0xFF,0xFF,0xFF,0xFF,0xFF,0xFF,0xFF,0xFF,
    0xFF,0xFF,0xFF,0xFF,0xFF,0xFF,0xFF,0xFF,0xFF,0xFF,0xFF,0xFF,0xFF,0xFF,0xFF,0xFF,
    0xFF,0xFF,0xFF,0xFF,0xFF,0xFF,0xFF,0xFF,0xFF,0xFF,0xFF,0xFF,0xFF,0xFF,0xFF,0xFF,
    0xFF,0xFF,0xFF,0xFF,0xFF,0xFF,0xFF,0xFF,0xFF,0xFF,0xFF,0xFF,0xFF,0xFF,0xFF,0xFF,
    0xFF,0xFF,0xFF,0xFF,0xFF,0xFF,0xFF,0xFF,0xFF,0xFF,0xFF,0xFF,0xFF,0xFF,0xFF,0xFF,
    0xFF,0xFF,0xFF,0xFF,0xFF,0xFF,0xFF,0xFF,0xFF,0xFF,0xFF,0xFF,0xFF,0xFF,0xFF,0xFF,
    0xFF,0xFF,0xFF,0xFF,0xFF,0xFF,0xFF,0xFF,0xFF,0xFF,0xFF,0xFF,0xFF,0xFF,0xFF,0xFF,
    0xFF,0xFF,0xFF,0xFF,0xFF,0xFF,0xFF,0xFF,0xFF,0xFF,0xFF,0xFF,0xFF,0xFF,0xFF,0xFF,
    0xFF,0xFF,0xFF,0xFF,0xFF,0xFF,0xFF,0xFF,0xFF,0xFF,0xFF,0xFF,0x2C,0x37,0xF7,0xE0,
};





