
static const uint8_t fw_bin_6644_m1[] = {
    0xF8,0x5F,0x00,0x20,0xAD,0x01,0x00,0x00,0x00,0x00,0x00,0x00,0xA1,0x4C,0x00,0x00,
    0x00,0x00,0x00,0x00,0x00,0x00,0x00,0x00,0x00,0x00,0x00,0x00,0x00,0x00,0x00,0x00,
    0x00,0x00,0x00,0x00,0x00,0x00,0x00,0x00,0x00,0x00,0x00,0x00,0x00,0x00,0x00,0x00,
    0x00,0x00,0x00,0x00,0x00,0x00,0x00,0x00,0x00,0x00,0x00,0x00,0x00,0x00,0x00,0x00,
    0x00,0x00,0x00,0x00,0xF9,0x15,0x00,0x00,0x31,0x6B,0x00,0x00,0x19,0x4F,0x00,0x00,
    0x9D,0x15,0x00,0x00,0x79,0x69,0x00,0x00,0x85,0x4C,0x00,0x00,0x00,0x00,0x00,0x00,
    0x00,0x00,0x00,0x00,0x00,0x00,0x00,0x00,0x00,0x00,0x00,0x00,0x00,0x00,0x00,0x00,
    0x03,0x48,0x85,0x46,0x00,0xF0,0x4E,0xF8,0x00,0x48,0x00,0x47,0x2D,0x53,0x00,0x00,
    0xF8,0x5F,0x00,0x20,0x70,0x47,0x70,0x47,0x10,0xB5,0x43,0x1A,0x93,0x42,0x09,0xD2,
    0x83,0x18,0x88,0x18,0x03,0xE0,0x40,0x1E,0x01,0x78,0x5B,0x1E,0x19,0x70,0x52,0x1E,
    0xF9,0xD2,0x10,0xBD,0x03,0x46,0x0B,0x43,0x9B,0x07,0x03,0xD0,0x09,0xE0,0x08,0xC9,
    0x12,0x1F,0x08,0xC0,0x04,0x2A,0xFA,0xD2,0x03,0xE0,0x0B,0x78,0x49,0x1C,0x03,0x70,
    0x40,0x1C,0x52,0x1E,0xF9,0xD2,0x10,0xBD,0xD2,0xB2,0x01,0xE0,0x02,0x70,0x40,0x1C,
    0x49,0x1E,0xFB,0xD2,0x70,0x47,0x00,0x22,0xF6,0xE7,0x10,0xB5,0x13,0x46,0x0A,0x46,
    0x04,0x46,0x19,0x46,0xFF,0xF7,0xF0,0xFF,0x20,0x46,0x10,0xBD,0x00,0x1D,0x03,0x21,
    0x40,0x1E,0x03,0x78,0x12,0x02,0x1A,0x43,0x49,0x1E,0xF9,0xD5,0x10,0x46,0x70,0x47,
    0x03,0x46,0x03,0x22,0x08,0x70,0x49,0x1C,0x00,0x0A,0x52,0x1E,0xFA,0xD5,0x18,0x46,
    0x70,0x47,0x00,0x00,0x06,0x4C,0x01,0x25,0x06,0x4E,0x05,0xE0,0x20,0x46,0xE3,0x68,
    0x07,0xC8,0x2B,0x43,0x98,0x47,0x10,0x34,0xB4,0x42,0xF7,0xD3,0xFF,0xF7,0xA4,0xFF,
    0xF8,0x75,0x00,0x00,0x18,0x76,0x00,0x00,0xC2,0x06,0xD2,0x0E,0x01,0x21,0x91,0x40,
    0x40,0x09,0x02,0x4A,0x80,0x00,0x80,0x18,0x01,0x60,0x70,0x47,0x80,0xE1,0x00,0xE0,
    0xC2,0x06,0xD2,0x0E,0x01,0x21,0x91,0x40,0x40,0x09,0x02,0x4A,0x80,0x00,0x80,0x18,
    0x01,0x60,0x70,0x47,0x00,0xE1,0x00,0xE0,0x83,0x07,0xFF,0x22,0xDB,0x0E,0x9A,0x40,
    0x89,0x07,0x09,0x0E,0x99,0x40,0x00,0x28,0x0B,0xDA,0x00,0x07,0x00,0x0F,0x08,0x38,
    0x83,0x08,0x08,0x48,0x9B,0x00,0x18,0x18,0xC3,0x69,0x93,0x43,0x0B,0x43,0xC3,0x61,
    0x70,0x47,0x83,0x08,0x04,0x48,0x9B,0x00,0x18,0x18,0x03,0x68,0x93,0x43,0x0B,0x43,
    0x03,0x60,0x70,0x47,0x00,0xED,0x00,0xE0,0x00,0xE4,0x00,0xE0,0x10,0xB5,0xFF,0xF7,
    0x5F,0xFF,0x10,0xBD,0x30,0xB4,0x74,0x46,0x64,0x1E,0x25,0x78,0x64,0x1C,0xAB,0x42,
    0x00,0xD2,0x1D,0x46,0x63,0x5D,0x5B,0x00,0xE3,0x18,0x30,0xBC,0x18,0x47,0x1F,0xB5,
    0x00,0x22,0x00,0x92,0x01,0x92,0x02,0x92,0x03,0x46,0x03,0x92,0x4B,0x40,0x01,0x22,
    0x00,0x2B,0x00,0xDA,0x02,0x92,0x00,0x28,0x01,0xDA,0x40,0x42,0x03,0x92,0x00,0x29,
    0x00,0xDA,0x49,0x42,0x6A,0x46,0x06,0xF0,0x98,0xFF,0x01,0x99,0x00,0x98,0xFF,0xF7,
    0x41,0xFF,0x04,0xB0,0x10,0xBD,0x1F,0xB5,0x00,0x22,0x00,0x92,0x01,0x92,0x02,0x92,
    0x03,0x92,0x6A,0x46,0x06,0xF0,0x89,0xFF,0x01,0x99,0x00,0x98,0xFF,0xF7,0x33,0xFF,
    0x04,0xB0,0x10,0xBD,0x02,0xE0,0x08,0xC8,0x12,0x1F,0x08,0xC1,0x00,0x2A,0xFA,0xD1,
    0x70,0x47,0x70,0x47,0x00,0x20,0x01,0xE0,0x01,0xC1,0x12,0x1F,0x00,0x2A,0xFB,0xD1,
    0x70,0x47,0x00,0x00,0x70,0xB5,0x1F,0x4E,0x00,0x25,0x70,0x7A,0x81,0x06,0x00,0x29,
    0x0B,0xDA,0x1D,0x4C,0x21,0x28,0x02,0xD0,0x22,0x28,0x28,0xD0,0x04,0xE0,0x23,0x22,
    0x1A,0x49,0x20,0x46,0xFF,0xF7,0x10,0xFF,0x75,0x72,0x17,0x4C,0x01,0x26,0x24,0x34,
    0xA0,0x78,0x05,0x28,0x00,0xD9,0xE6,0x71,0x15,0x49,0x13,0x4A,0x08,0x68,0x1C,0x3A,
    0x90,0x66,0x11,0x48,0x4A,0x68,0x64,0x30,0x02,0x60,0x89,0x68,0x81,0x61,0x01,0x46,
    0x80,0x39,0x0F,0x48,0x06,0xF0,0x6E,0xFC,0xE5,0x71,0xE0,0x78,0x0A,0x28,0x00,0xD9,
    0xE6,0x71,0xA0,0x79,0x05,0x28,0x0A,0xD9,0x00,0x20,0xC0,0x43,0x70,0xBD,0x09,0x48,
    0x23,0x22,0x01,0x68,0x05,0x48,0xA8,0x31,0xFF,0xF7,0xE6,0xFE,0xCF,0xE7,0x00,0x20,
    0x70,0xBD,0x00,0x00,0xD4,0x02,0x00,0x20,0x40,0x04,0x00,0x20,0xDB,0x03,0x00,0x20,
    0x0C,0x1D,0x00,0x20,0x1C,0x04,0x00,0x20,0x00,0x21,0x03,0x48,0xFF,0x22,0x81,0x71,
    0xC2,0x75,0x81,0x76,0x70,0x47,0x00,0x00,0x64,0x04,0x00,0x20,0x10,0xB5,0x04,0x46,
    0x00,0x22,0x09,0x49,0x09,0x48,0x06,0xF0,0x45,0xFC,0x07,0x49,0x40,0x31,0x0A,0x78,
    0x22,0x70,0x05,0x4A,0x12,0x7F,0x92,0x07,0x04,0xD5,0x0A,0x78,0x00,0x2A,0x01,0xD0,
    0x01,0x22,0xCA,0x71,0x10,0xBD,0x00,0x00,0x24,0x04,0x00,0x20,0x0C,0x1D,0x00,0x20,
    0xF0,0xB5,0x97,0xB0,0x00,0x25,0x74,0x48,0x2C,0x46,0xFF,0x22,0x23,0x21,0x15,0x90,
    0xFF,0xF7,0xCA,0xFE,0x70,0x48,0x8C,0x21,0x38,0x30,0xFF,0xF7,0xCC,0xFE,0x6E,0x4A,
    0x03,0x20,0xC0,0x02,0x1C,0x3A,0x50,0x80,0x10,0x46,0xE8,0x30,0x50,0x60,0x6B,0x48,
    0x14,0x90,0x90,0x60,0x6A,0x48,0x6C,0x4F,0x03,0x7D,0x53,0x75,0x46,0x7D,0x69,0x48,
    0x16,0x75,0x00,0x68,0xB4,0x46,0x81,0x7E,0x91,0x75,0x7F,0x78,0x02,0x21,0x3F,0x07,
    0x3F,0x0E,0x39,0x43,0xD1,0x75,0x8E,0x46,0x00,0x22,0x0C,0xE0,0x4A,0x00,0x12,0x18,
    0xE0,0x32,0x57,0x7A,0x12,0x7A,0x3F,0x02,0x17,0x43,0x3A,0x04,0x01,0xD5,0x6D,0x1C,
    0xED,0xB2,0x4A,0x1C,0xD2,0xB2,0x11,0x46,0x8E,0x42,0xEF,0xD8,0x00,0x22,0x0D,0xE0,
    0x4A,0x00,0x12,0x18,0xFF,0x32,0x51,0x32,0x57,0x78,0x12,0x78,0x3F,0x02,0x17,0x43,
    0x3A,0x04,0x01,0xD5,0x64,0x1C,0xE4,0xB2,0x4A,0x1C,0xD2,0xB2,0x11,0x46,0x8B,0x42,
    0xEE,0xD8,0x19,0x19,0x4C,0x4C,0xC9,0x01,0x1C,0x3C,0x21,0x83,0x71,0x19,0xC9,0x01,
    0x61,0x83,0x05,0x46,0x21,0x46,0xE8,0x35,0xC0,0x31,0x0D,0x62,0x68,0x35,0x48,0x4A,
    0x4D,0x62,0x91,0x6A,0xE1,0x66,0x51,0x6A,0x21,0x67,0x61,0x46,0x1D,0x46,0x4D,0x43,
    0x21,0x46,0x60,0x31,0x0D,0x83,0x01,0x25,0x8D,0x76,0x01,0x46,0xFF,0x31,0xD9,0x31,
    0xE1,0x67,0x71,0x46,0x49,0x06,0x8D,0x0F,0x21,0x46,0x00,0x26,0x80,0x31,0x03,0x2D,
    0x03,0xD0,0x4E,0x60,0x8E,0x60,0x0E,0x82,0x05,0xE0,0x95,0x6B,0x4D,0x60,0x55,0x6B,
    0x8D,0x60,0x65,0x46,0x0D,0x82,0xFF,0x30,0xE0,0x30,0x75,0x46,0xEF,0x06,0x8E,0x74,
    0x36,0x4D,0x48,0x61,0x03,0xD4,0xCE,0x61,0x0E,0x62,0x2E,0x81,0x04,0xE0,0x97,0x6C,
    0xCF,0x61,0x57,0x6C,0x0F,0x62,0x2B,0x81,0xAE,0x72,0xC8,0x62,0x30,0x48,0x61,0x7D,
    0x81,0x73,0x21,0x7D,0xC1,0x73,0x11,0x6D,0x01,0x60,0x51,0x6D,0x41,0x60,0x91,0x6D,
    0x81,0x60,0x23,0x22,0x2B,0x49,0x15,0x98,0xFF,0xF7,0x0E,0xFE,0x50,0x22,0x2A,0x49,
    0x68,0x46,0xFF,0xF7,0x09,0xFE,0x20,0x48,0x69,0x46,0x1C,0x38,0x06,0xF0,0xC0,0xFC,
    0x20,0x7F,0xDF,0x21,0x08,0x40,0x20,0x77,0x1B,0x4D,0x01,0x20,0xC0,0x43,0x24,0x35,
    0x28,0x72,0x1A,0x48,0x06,0x22,0x08,0x38,0xE1,0x68,0xFF,0xF7,0xF5,0xFD,0x17,0x48,
    0x2F,0x46,0x44,0x3F,0x00,0x1F,0x39,0x79,0x01,0x77,0x79,0x79,0x1B,0x4E,0x41,0x77,
    0x30,0x1D,0xFF,0xF7,0x1B,0xFE,0x38,0x60,0xE8,0x7B,0x00,0x28,0x01,0xD0,0x01,0x20,
    0x70,0x74,0x13,0x48,0x14,0x22,0x7A,0x21,0x10,0x30,0x05,0xF0,0xA1,0xFF,0x0D,0x48,
    0x00,0x68,0x00,0x79,0x02,0x28,0x02,0xD1,0x20,0x78,0x02,0x28,0x09,0xD0,0x0C,0x22,
    0x0F,0xA1,0x14,0x98,0xFF,0xF7,0xD0,0xFD,0x00,0x21,0x04,0x20,0x01,0xF0,0xE4,0xFE,
    0xFE,0xE7,0x17,0xB0,0xF0,0xBD,0x00,0x00,0x40,0x04,0x00,0x20,0x00,0x01,0x00,0x20,
    0xC8,0x01,0x00,0x20,0x1C,0x04,0x00,0x20,0x0B,0x03,0x00,0x20,0xC4,0x04,0x00,0x20,
    0x0C,0x1D,0x00,0x20,0xDB,0x03,0x00,0x20,0xEC,0x73,0x00,0x00,0xB4,0x02,0x00,0x20,
    0x61,0x6C,0x67,0x4E,0x6F,0x4D,0x61,0x74,0x63,0x68,0x0D,0x0A,0x00,0x00,0x00,0x00,
    0xFE,0xB5,0x0E,0x46,0x07,0x46,0x14,0x36,0xF0,0x78,0x54,0x31,0x00,0x07,0x00,0x0F,
    0x0C,0x46,0x01,0x28,0x0A,0xD0,0xFF,0x20,0x60,0x71,0xE0,0x78,0x00,0x25,0xFF,0x28,
    0x06,0xD0,0x32,0x46,0x38,0x46,0x00,0xF0,0x65,0xFA,0x15,0xE0,0x00,0x20,0xFE,0xBD,
    0xF0,0x78,0x00,0x09,0x0D,0xD0,0x3C,0x20,0x20,0x5E,0xE1,0x6A,0x42,0x00,0x60,0x6B,
    0xFF,0xF7,0x8A,0xFD,0x54,0x20,0x01,0x5F,0xE0,0x6C,0x4A,0x00,0x61,0x6C,0xFF,0xF7,
    0x83,0xFD,0xE5,0x70,0xA5,0x71,0xFF,0x20,0x01,0x90,0x00,0x20,0x00,0x90,0xE0,0x78,
    0x03,0x28,0x23,0xD2,0xA0,0x79,0x31,0x7B,0x88,0x42,0x1F,0xD2,0x01,0x9B,0x00,0x93,
    0xFF,0x23,0x1B,0x33,0x42,0x4A,0x43,0xA1,0x02,0x20,0x06,0xF0,0xB9,0xFD,0x71,0x7B,
    0x01,0x98,0x81,0x42,0x03,0xDD,0xE0,0x78,0x40,0x1C,0xE0,0x70,0x00,0xE0,0xE5,0x70,
    0x21,0x46,0x38,0x46,0x00,0xF0,0xA8,0xFA,0xA0,0x79,0x40,0x1C,0xA0,0x71,0xA5,0x70,
    0xA0,0x6A,0x00,0x78,0x20,0x71,0x01,0x20,0x00,0x90,0x2C,0xE0,0x30,0x46,0x20,0x30,
    0x01,0x90,0xC0,0x7C,0x00,0x28,0x20,0x46,0x05,0xD0,0x04,0xF0,0x63,0xFB,0xA5,0x70,
    0x01,0x98,0x80,0x7A,0x1B,0xE0,0x04,0xF0,0xDF,0xFB,0x01,0x98,0x21,0x46,0xC2,0x7E,
    0x38,0x46,0x04,0xF0,0x6B,0xFB,0x01,0x28,0x00,0xD1,0x65,0x71,0xA0,0x78,0x40,0x1C,
    0xC0,0xB2,0xA0,0x70,0x21,0x79,0x88,0x42,0x0A,0xD3,0x32,0x46,0x21,0x46,0x38,0x46,
    0x00,0xF0,0xBE,0xFA,0xA5,0x70,0x01,0x20,0x00,0x90,0xA0,0x6A,0x00,0x78,0x20,0x71,
    0x07,0x20,0x06,0xF0,0x79,0xFD,0x32,0x46,0x21,0x46,0x38,0x46,0x06,0xF0,0x14,0xF9,
    0x00,0x25,0x03,0xE0,0x01,0x2D,0x0B,0xD0,0x02,0x2D,0x09,0xD0,0x18,0x20,0x68,0x43,
    0x00,0x19,0x24,0x21,0x41,0x5E,0x4A,0x00,0x41,0x69,0xC0,0x69,0xFF,0xF7,0x14,0xFD,
    0x6D,0x1C,0x05,0x2D,0xEE,0xDB,0x32,0x46,0x21,0x46,0x38,0x46,0x00,0xF0,0x70,0xFA,
    0x06,0x20,0x06,0xF0,0x59,0xFD,0x00,0x98,0x01,0x28,0x09,0xD1,0xBA,0x7B,0x00,0x92,
    0x02,0x23,0x00,0x22,0x01,0x93,0xFB,0x7B,0x11,0x46,0x10,0x46,0x06,0xF0,0x49,0xFD,
    0xBA,0x7B,0x00,0x92,0x00,0x23,0x00,0x22,0x01,0x93,0xFB,0x7B,0x11,0x46,0x10,0x46,
    0x06,0xF0,0x3F,0xFD,0x09,0x20,0x06,0xF0,0x3F,0xFD,0x01,0x20,0xFE,0xBD,0x00,0x00,
    0x22,0x75,0x00,0x00,0x5B,0x25,0x73,0x28,0x29,0x3A,0x25,0x34,0x64,0x5D,0x49,0x3A,
    0x20,0x62,0x61,0x73,0x65,0x6C,0x69,0x6E,0x65,0x20,0x72,0x65,0x73,0x65,0x74,0x21,
    0x2C,0x20,0x63,0x68,0x61,0x6E,0x67,0x65,0x3A,0x25,0x64,0x0A,0x00,0x00,0x00,0x00,
    0xF0,0xB5,0xC1,0x6B,0x85,0xB0,0x44,0x6B,0x01,0x26,0x0D,0x46,0xF6,0x43,0x20,0x35,
    0x02,0x91,0x2E,0x75,0x02,0x99,0x09,0x7A,0x89,0x06,0x02,0xD4,0x30,0x46,0x05,0xB0,
    0xF0,0xBD,0xE9,0x7D,0x03,0x91,0x00,0x21,0x6A,0x46,0x11,0x80,0x91,0x80,0x01,0xAA,
    0x69,0x46,0x00,0xF0,0x9B,0xFD,0x47,0xB2,0x01,0x2F,0x03,0xDD,0xFF,0x20,0x28,0x75,
    0xE0,0x70,0x01,0x27,0x39,0x46,0x20,0x46,0x03,0x9A,0x04,0xF0,0x2B,0xFA,0x60,0x78,
    0x01,0x28,0x02,0xD0,0x02,0x28,0x15,0xD0,0x29,0xE0,0x01,0x2F,0x10,0xD1,0x68,0x46,
    0x80,0x88,0x82,0xB2,0x68,0x46,0x00,0x88,0x81,0xB2,0x20,0x46,0x06,0xF0,0x2E,0xFD,
    0xE2,0x88,0x03,0x99,0x14,0x48,0x51,0x18,0x81,0x42,0x00,0xDC,0x08,0x46,0xE0,0x80,
    0x2E,0x75,0x14,0xE0,0xE0,0x78,0xFF,0x28,0x18,0xD0,0x20,0x46,0x02,0x99,0x04,0xF0,
    0xF7,0xFC,0xE1,0x68,0x06,0x46,0x00,0x29,0x07,0xD0,0x00,0x2E,0x05,0xDA,0x20,0x78,
    0x04,0x28,0x02,0xD3,0x20,0x46,0x88,0x47,0x06,0x46,0x00,0x20,0x60,0x70,0x72,0xB2,
    0x20,0x46,0x02,0x99,0x00,0xF0,0x19,0xFD,0x28,0x75,0xB0,0xE7,0x00,0x26,0xF6,0x43,
    0x00,0x20,0xE0,0x70,0xF1,0xE7,0x00,0x00,0xFF,0xFF,0x00,0x00,0xF3,0xB5,0x06,0x46,
    0x00,0x20,0x85,0xB0,0x07,0x46,0x01,0x90,0x82,0xE0,0x44,0x21,0x48,0x43,0x06,0x99,
    0x09,0x56,0x00,0x29,0x79,0xDD,0x02,0x29,0x02,0xDC,0x28,0x21,0x0F,0x46,0x01,0x91,
    0x06,0x99,0x45,0x18,0x68,0x69,0x03,0x90,0x2C,0x46,0xF3,0x88,0x30,0x34,0x00,0x93,
    0x2A,0x46,0xB3,0x88,0x38,0x32,0x21,0x46,0x04,0xF0,0x98,0xFF,0x6A,0x46,0x60,0x88,
    0xD1,0x89,0x00,0x23,0x40,0x1A,0x29,0x7E,0xC0,0x11,0x42,0x18,0xA9,0x7E,0x96,0x46,
    0x41,0x18,0x6A,0x46,0x20,0x88,0x92,0x89,0x80,0x1A,0x6A,0x7E,0xC0,0x11,0x82,0x18,
    0x94,0x46,0xEA,0x7E,0x80,0x18,0x72,0x46,0x00,0x2A,0x00,0xDD,0x13,0x46,0x23,0x71,
    0x32,0x78,0x13,0x46,0x52,0x1E,0x8A,0x42,0x00,0xDC,0x59,0x1E,0xA1,0x71,0x00,0x21,
    0x62,0x46,0x00,0x2A,0x00,0xDD,0x11,0x46,0x61,0x71,0x71,0x78,0x4A,0x1E,0x82,0x42,
    0x00,0xDC,0x48,0x1E,0xE0,0x71,0x38,0x21,0x69,0x5E,0x00,0x29,0x01,0xDD,0x0A,0x46,
    0x00,0xE0,0x4A,0x42,0x3A,0x20,0x28,0x5E,0x00,0x28,0x01,0xDD,0x03,0x46,0x00,0xE0,
    0x43,0x42,0x9A,0x42,0x05,0xDD,0x00,0x29,0x01,0xDD,0x08,0x46,0x04,0xE0,0x48,0x42,
    0x02,0xE0,0x00,0x28,0x00,0xDC,0x40,0x42,0x01,0x99,0x88,0x42,0x00,0xDD,0x01,0x90,
    0x3C,0x20,0x28,0x5E,0x00,0x28,0x01,0xDD,0x02,0x46,0x00,0xE0,0x42,0x42,0x3E,0x21,
    0x69,0x5E,0x00,0x29,0x01,0xDD,0x0B,0x46,0x00,0xE0,0x4B,0x42,0x9A,0x42,0x04,0xDD,
    0x00,0x28,0x07,0xDC,0x40,0x42,0x05,0xE0,0x07,0xE0,0x00,0x29,0x01,0xDD,0x08,0x46,
    0x00,0xE0,0x48,0x42,0xB8,0x42,0x00,0xDD,0x07,0x46,0x02,0x98,0x40,0x1C,0x00,0xB2,
    0x02,0x90,0xB1,0x78,0x81,0x42,0x00,0xDD,0x77,0xE7,0xFF,0x20,0x01,0x9A,0x01,0x46,
    0xFF,0x2A,0x00,0xDA,0x11,0x46,0x20,0x36,0x71,0x76,0xFF,0x2F,0x00,0xDA,0x38,0x46,
    0xB0,0x76,0x07,0xB0,0xF0,0xBD,0x00,0x00,0xFE,0xB5,0x43,0x48,0x41,0x4E,0x01,0x68,
    0x08,0x46,0x20,0x30,0x04,0x7C,0x45,0x7C,0x40,0x48,0x80,0x31,0x80,0x08,0x80,0x00,
    0x00,0x90,0x08,0x7D,0x27,0x46,0x01,0x46,0x01,0x90,0x6F,0x43,0x20,0x46,0xFF,0xF7,
    0x7A,0xFC,0x00,0x29,0x50,0xD0,0x01,0x98,0x40,0x1A,0x00,0x19,0x00,0x05,0x02,0x0C,
    0x37,0x49,0x68,0x46,0x04,0xF0,0x1C,0xFD,0x36,0x48,0x7F,0x00,0x84,0x61,0xC5,0x61,
    0x07,0x62,0x47,0x62,0x87,0x62,0x30,0x48,0x00,0x68,0x80,0x30,0x01,0x7D,0x20,0x46,
    0x01,0x91,0xFF,0xF7,0x60,0xFC,0x00,0x29,0x38,0xD0,0x01,0x98,0x40,0x1A,0x00,0x19,
    0x2C,0x49,0x68,0x43,0xC8,0x62,0x60,0x00,0x08,0x63,0x48,0x63,0x88,0x63,0xCC,0x63,
    0x28,0x4A,0x69,0x00,0x11,0x64,0x51,0x64,0x91,0x64,0xD5,0x64,0x17,0x65,0x50,0x65,
    0x10,0x46,0x11,0x25,0x00,0x24,0x07,0x46,0x81,0x65,0xA0,0x00,0xC1,0x19,0x08,0x8B,
    0x18,0x31,0x82,0xB2,0x68,0x46,0x04,0xF0,0xEB,0xFC,0x64,0x1C,0xE4,0xB2,0xAC,0x42,
    0xF3,0xD3,0x00,0x98,0x1C,0x49,0x04,0x46,0xFF,0xF7,0xB2,0xFB,0x1B,0x4A,0x01,0x46,
    0xB0,0x42,0x0D,0xD2,0x70,0x1A,0x81,0xB2,0x11,0x77,0x08,0x0A,0x50,0x77,0x01,0x20,
    0x80,0x02,0x81,0x42,0x07,0xD9,0x11,0xE0,0x00,0x20,0xAE,0xE7,0x00,0x20,0xC6,0xE7,
    0x00,0x20,0x10,0x77,0x50,0x77,0x11,0x48,0x0C,0x22,0x11,0xA1,0x26,0x30,0xFF,0xF7,
    0x5B,0xFB,0x00,0x21,0x04,0x20,0x01,0xF0,0x6F,0xFC,0xFE,0xE7,0x07,0x48,0xC0,0x1E,
    0x21,0x1A,0xFF,0xF7,0x78,0xFB,0x00,0x99,0x0D,0x48,0x08,0x60,0x03,0x20,0x01,0xF0,
    0x63,0xFC,0xFE,0xBD,0xF8,0x5F,0x00,0x20,0x1C,0x04,0x00,0x20,0xFB,0x1F,0x00,0x20,
    0xC0,0x01,0x00,0x20,0xC8,0x01,0x00,0x20,0xC0,0x02,0x00,0x20,0xDA,0x00,0x00,0x20,
    0x6D,0x61,0x6C,0x6C,0x6F,0x63,0x20,0x65,0x72,0x72,0x0D,0x0A,0x00,0x00,0x00,0x00,
    0x5A,0xA5,0xAC,0xCA,0xF7,0xB5,0x00,0x20,0x86,0xB0,0x86,0x46,0x00,0x90,0x06,0x98,
    0xCB,0x69,0x02,0x68,0x08,0x98,0x00,0x7A,0xC0,0x06,0xC0,0x0F,0x02,0x90,0x08,0x98,
    0x00,0x7C,0x03,0x90,0xFF,0x20,0x48,0x30,0x01,0x90,0x01,0x20,0x40,0x03,0x04,0x90,
    0x06,0x99,0x0F,0x20,0x08,0x56,0x42,0xE0,0x2E,0x4D,0x92,0x1C,0x6E,0x42,0x9B,0x1C,
    0x06,0x98,0x0E,0x24,0x04,0x57,0x2E,0xE0,0x00,0x21,0x00,0x20,0x51,0x5E,0x18,0x5E,
    0x05,0x90,0x08,0x1A,0x02,0x99,0x00,0x29,0x1A,0xD0,0x03,0x99,0x88,0x42,0x07,0xDA,
    0x01,0x99,0x01,0x9F,0x41,0x43,0x09,0x13,0x41,0x43,0x79,0x43,0x09,0x15,0x03,0xE0,
    0x01,0x46,0x41,0x43,0x89,0x11,0x09,0xB2,0x00,0x29,0x0F,0xD0,0x08,0x29,0x00,0xDD,
    0x08,0x21,0x04,0x9F,0x41,0x43,0x79,0x43,0x0F,0x14,0x05,0x99,0x79,0x18,0x11,0x80,
    0x92,0x1C,0x9B,0x1C,0xA8,0x42,0x03,0xDD,0x05,0x46,0x04,0xE0,0x01,0x21,0xF0,0xE7,
    0xB0,0x42,0x00,0xDA,0x06,0x46,0x64,0x1E,0xCE,0xD1,0xA8,0x1B,0x00,0x99,0x40,0x1C,
    0x09,0x18,0x00,0x91,0x70,0x45,0x00,0xDD,0x86,0x46,0x60,0x46,0x40,0x1E,0x84,0x46,
    0x00,0x28,0xB9,0xD1,0xFF,0x20,0x71,0x46,0xFF,0x29,0x00,0xDA,0x08,0x46,0x08,0x99,
    0x40,0x31,0x48,0x71,0x06,0x98,0x0F,0x21,0x41,0x56,0x00,0x98,0xFF,0xF7,0x67,0xFB,
    0x08,0x99,0x20,0x31,0x0A,0x7E,0xD3,0x00,0x9A,0x1A,0x12,0x18,0xD2,0x10,0x0A,0x76,
    0x09,0xB0,0xF0,0xBD,0xF0,0xD8,0xFF,0xFF,0x70,0xB5,0xC8,0x78,0x01,0x26,0x0D,0x46,
    0x00,0x28,0x03,0xD1,0xA8,0x79,0x00,0x28,0x00,0xD0,0x00,0x26,0x00,0x24,0x18,0x20,
    0x60,0x43,0x40,0x19,0x14,0x30,0x41,0x68,0x00,0x29,0x05,0xD0,0x10,0x22,0x82,0x5E,
    0x00,0x68,0x33,0x46,0x00,0xF0,0x4E,0xF8,0x64,0x1C,0x05,0x2C,0xEF,0xDB,0x70,0xBD,
    0x70,0xB5,0x00,0x24,0x18,0x20,0x60,0x43,0x45,0x18,0x26,0x23,0x5B,0x5D,0xAA,0x69,
    0x00,0x2B,0x0E,0x4B,0x68,0x69,0xEB,0x5E,0x07,0xD1,0x10,0xE0,0x15,0x88,0x06,0x88,
    0x92,0x1C,0xAD,0x1B,0x05,0x80,0x80,0x1C,0x5B,0x1E,0x00,0x2B,0xF6,0xD1,0x08,0xE0,
    0x05,0x88,0x16,0x88,0x92,0x1C,0xAD,0x1B,0x05,0x80,0x80,0x1C,0x5B,0x1E,0x00,0x2B,
    0xF6,0xD1,0x64,0x1C,0x05,0x2C,0xDD,0xDB,0x70,0xBD,0x00,0x00,0x24,0x00,0x00,0x00,
    0xFE,0xB5,0x48,0x79,0x01,0x27,0x0E,0x46,0x00,0x28,0x00,0xD0,0x00,0x27,0x00,0x25,
    0x18,0x20,0x68,0x43,0x84,0x19,0x14,0x34,0x60,0x68,0x00,0x28,0x0D,0xD0,0x61,0x69,
    0x02,0x23,0x01,0x22,0xCB,0x56,0x8A,0x56,0x02,0x93,0x00,0x97,0x01,0x92,0x10,0x23,
    0xE3,0x5E,0xE2,0x68,0xA1,0x68,0x00,0xF0,0x1E,0xF8,0x6D,0x1C,0x05,0x2D,0xE7,0xDB,
    0x00,0x20,0xFE,0xBD,0x70,0xB5,0x05,0x46,0x0C,0x46,0x00,0x2B,0x05,0xD0,0x01,0x46,
    0x52,0x00,0x20,0x46,0xFF,0xF7,0x48,0xFA,0x70,0xBD,0x00,0x20,0x08,0xE0,0x43,0x00,
    0xE1,0x5E,0x4E,0x00,0x89,0x19,0xEE,0x5E,0x89,0x19,0x89,0x10,0xE1,0x52,0x40,0x1C,
    0x90,0x42,0xF4,0xDB,0x70,0xBD,0xFF,0xB5,0x81,0xB0,0x04,0x46,0x0A,0x98,0x0F,0x46,
    0x15,0x46,0x1E,0x46,0x00,0x28,0x23,0xD0,0xA8,0x19,0x19,0x46,0xFF,0xF7,0x53,0xFA,
    0x1E,0xE0,0x00,0x20,0x00,0x21,0x20,0x5E,0x79,0x5E,0x88,0x42,0x14,0xD0,0x00,0x22,
    0xAA,0x56,0x32,0x2A,0x10,0xDC,0x31,0x23,0xDB,0x43,0x9A,0x42,0x0C,0xDB,0x0A,0x9A,
    0x00,0x2A,0x03,0xD0,0x21,0x80,0x00,0x20,0x28,0x70,0x05,0xE0,0x88,0x42,0x01,0xDA,
    0x40,0x1C,0x00,0xE0,0x40,0x1E,0x20,0x80,0x76,0x1E,0xA4,0x1C,0x6D,0x1C,0xBF,0x1C,
    0x00,0x2E,0xDE,0xD1,0x05,0xB0,0xF0,0xBD,0xF3,0xB5,0x04,0x46,0x06,0x46,0x81,0xB0,
    0x54,0x34,0xFF,0x20,0xE0,0x70,0x37,0x7D,0x70,0x7D,0x00,0x90,0xA0,0x69,0x00,0x25,
    0x00,0x28,0x14,0xD1,0x00,0x99,0x38,0x46,0x48,0x43,0x85,0x00,0xA0,0x84,0xF0,0x7D,
    0x00,0x09,0x0C,0xD0,0x00,0x98,0x38,0x18,0x81,0x00,0x4D,0x19,0x31,0x7F,0xC9,0x07,
    0x01,0xD1,0x40,0x00,0x45,0x19,0xA7,0x87,0x54,0x21,0x00,0x98,0x08,0x53,0x20,0x6A,
    0x00,0x28,0x0B,0xD1,0x18,0x21,0x41,0x43,0x0A,0x19,0x24,0x21,0x51,0x5E,0x00,0x29,
    0x01,0xDD,0x49,0x00,0x4D,0x19,0x40,0x1C,0x05,0x28,0xF3,0xDB,0xA0,0x6A,0x00,0x28,
    0x06,0xD1,0x29,0x48,0xA0,0x62,0xF1,0x7D,0x09,0x09,0x01,0xD0,0x20,0x64,0xA0,0x65,
    0x02,0x98,0x00,0x28,0x46,0xD0,0x30,0x69,0x24,0x49,0x01,0x60,0x00,0x2D,0x08,0xD0,
    0x29,0x46,0x02,0x98,0xFF,0xF7,0xE7,0xF9,0xA0,0x69,0x02,0x9A,0x00,0x28,0x02,0xD0,
    0x25,0xE0,0x00,0x20,0xFE,0xBD,0xA2,0x61,0x00,0x98,0x21,0x46,0x78,0x43,0x40,0x00,
    0x12,0x18,0x20,0x31,0xE2,0x61,0x01,0x23,0x8B,0x71,0x12,0x18,0xF0,0x7D,0x00,0x09,
    0x15,0xD0,0x78,0x00,0x22,0x63,0x12,0x18,0x62,0x63,0x00,0x23,0x8B,0x77,0x12,0x18,
    0xA2,0x64,0x00,0x99,0x56,0x27,0x49,0x00,0x52,0x18,0xE2,0x64,0x3B,0x55,0x33,0x7F,
    0x52,0x18,0xDB,0x07,0x03,0xD1,0x10,0x18,0xE2,0x60,0x20,0x61,0x42,0x18,0x20,0x6A,
    0x00,0x28,0x0F,0xD1,0x18,0x21,0x41,0x43,0x09,0x19,0x14,0x31,0x10,0x23,0xCB,0x5E,
    0x00,0x2B,0x04,0xDD,0x10,0x23,0xCA,0x60,0xCB,0x5E,0x59,0x00,0x8A,0x18,0x40,0x1C,
    0x05,0x28,0xEF,0xDB,0x28,0x46,0xFE,0xBD,0x00,0x00,0x00,0x20,0x31,0x05,0x00,0x00,
    0xFF,0xB5,0x05,0x46,0x06,0x46,0x04,0x46,0x80,0x8C,0x29,0x8C,0x24,0x36,0x40,0x1A,
    0x71,0x88,0x6A,0x8C,0x40,0x43,0x89,0x1A,0x49,0x43,0x81,0xB0,0x1F,0x46,0x38,0x34,
    0x40,0x18,0x05,0xF0,0xCB,0xFE,0x61,0x89,0x08,0x18,0xC0,0x03,0x00,0x0C,0x60,0x81,
    0x02,0x99,0x88,0x42,0x04,0xDD,0x08,0x20,0x20,0x5E,0x7F,0x1C,0xC0,0x19,0x2E,0xE0,
    0x03,0x99,0x88,0x42,0x0F,0xDD,0x0A,0x98,0x08,0x22,0x38,0x18,0x41,0x08,0xA0,0x5E,
    0x0B,0x1A,0x10,0x33,0x20,0x2B,0x00,0xD8,0x04,0x22,0x88,0x42,0x01,0xDD,0x80,0x1A,
    0x1E,0xE0,0x80,0x18,0x1C,0xE0,0xB0,0x88,0x29,0x8C,0x6A,0x8C,0x40,0x1A,0xF1,0x88,
    0x40,0x43,0x89,0x1A,0x49,0x43,0x40,0x18,0x05,0xF0,0xA0,0xFE,0x0A,0x99,0xBA,0x08,
    0x51,0x18,0xC9,0xB2,0x80,0x28,0x05,0xDD,0x08,0x20,0x20,0x5E,0x80,0x28,0x01,0xDA,
    0x40,0x1C,0x05,0xE0,0x08,0x20,0x20,0x5E,0x88,0x42,0x03,0xDD,0x40,0x18,0x40,0x10,
    0x20,0x81,0x04,0xE0,0x0A,0x99,0x88,0x42,0x01,0xDD,0x40,0x1E,0xF8,0xE7,0x08,0x20,
    0x20,0x5E,0x80,0x21,0x08,0x1A,0x05,0xB0,0xF0,0xBD,0xF3,0xB5,0xC8,0x7F,0x0C,0x46,
    0x87,0xB0,0x40,0x00,0x0E,0x46,0x20,0x34,0x03,0x90,0x20,0x78,0xFF,0x21,0x81,0x31,
    0x48,0x43,0x00,0x0A,0x02,0x90,0x60,0x78,0x64,0x21,0xC0,0x01,0xFF,0xF7,0xCB,0xF9,
    0xC0,0xB2,0x01,0x90,0xA2,0x78,0xFF,0x21,0x10,0x46,0x14,0x30,0x50,0x43,0x78,0x31,
    0xFF,0xF7,0xA5,0xF9,0xC0,0xB2,0x00,0x25,0x04,0x90,0x30,0xE0,0x44,0x20,0x2F,0x46,
    0x47,0x43,0x07,0x98,0xC0,0x57,0x00,0x28,0x27,0xDD,0x07,0x98,0x71,0x7F,0x3C,0x18,
    0x01,0x20,0x20,0x56,0x88,0x42,0x20,0xDC,0x20,0x46,0x04,0x9A,0x01,0x99,0x00,0xF0,
    0x24,0xF8,0x07,0x98,0xC0,0x57,0x03,0x28,0x02,0xDA,0x60,0x6A,0x05,0x90,0x0C,0xE0,
    0x04,0x9B,0x00,0x93,0x20,0x46,0x01,0x9B,0x02,0x9A,0x03,0x99,0xFF,0xF7,0x60,0xFF,
    0x01,0x46,0x05,0xAA,0x20,0x46,0x00,0xF0,0x95,0xF8,0xA0,0x78,0xC0,0x09,0x01,0xD0,
    0xE0,0x69,0x01,0xE0,0x05,0x98,0xE0,0x61,0x60,0x62,0x6D,0x1C,0xED,0xB2,0xB0,0x78,
    0xA8,0x42,0xCB,0xD8,0x00,0x20,0x09,0xB0,0xF0,0xBD,0x70,0xB5,0x03,0x46,0x24,0x33,
    0x04,0x46,0x38,0x34,0x02,0x22,0x95,0x00,0xED,0x18,0x2E,0x46,0x20,0x3E,0x52,0x1E,
    0xF6,0x69,0x52,0xB2,0x2E,0x60,0x00,0x2A,0xF5,0xDC,0x42,0x69,0x1A,0x60,0x00,0x22,
    0x82,0x56,0x03,0x2A,0x14,0xDA,0x02,0x2A,0x12,0xD1,0x18,0x88,0x9A,0x88,0x80,0x1A,
    0x00,0xB2,0x20,0x80,0x5A,0x88,0xDB,0x88,0xD2,0x1A,0x12,0xB2,0x62,0x80,0xA0,0x80,
    0xE2,0x80,0x40,0x43,0x52,0x43,0x21,0x81,0x80,0x18,0x05,0xF0,0xFF,0xFD,0x60,0x81,
    0x70,0xBD,0xF0,0xB5,0x05,0x9A,0x00,0x2A,0x19,0xD0,0x7F,0x26,0xF6,0x43,0x00,0x24,
    0x00,0x25,0x04,0x5F,0x4D,0x5F,0x65,0x1B,0x00,0x24,0x1C,0x57,0xE7,0x00,0x3C,0x1B,
    0xE4,0x10,0x64,0x19,0x35,0x46,0xB4,0x42,0x03,0xDD,0x7F,0x25,0x7F,0x2C,0x00,0xDA,
    0x25,0x46,0x1D,0x70,0x5B,0x1C,0x80,0x1C,0x89,0x1C,0x52,0x1E,0xE7,0xD1,0xF0,0xBD,
    0xF8,0xB5,0x0C,0x46,0x45,0x7D,0x06,0x7D,0x07,0x21,0x07,0x46,0x00,0x2C,0x0C,0xD0,
    0x20,0x46,0xFF,0xF7,0x98,0xF8,0x75,0x43,0x68,0x00,0x3A,0x69,0x00,0x19,0x10,0x63,
    0x04,0x48,0xD4,0x62,0x50,0x60,0x00,0x20,0xF8,0xBD,0x75,0x43,0x68,0x00,0xC0,0x1D,
    0xF8,0xBD,0x00,0x00,0xA1,0x35,0x00,0x00,0xC3,0x07,0x00,0x22,0x09,0x49,0x00,0x2B,
    0x00,0xD0,0x0A,0x70,0x83,0x06,0x00,0xD5,0x4A,0x71,0x83,0x07,0x00,0xD5,0x4A,0x70,
    0x03,0x07,0x00,0xD5,0xCA,0x70,0x43,0x07,0x00,0xD5,0x8A,0x70,0xC0,0x06,0x00,0xD5,
    0x0A,0x71,0x70,0x47,0xA0,0x1E,0x00,0x20,0x70,0x47,0x01,0x20,0x70,0x47,0x70,0x47,
    0x01,0x00,0x02,0x02,0xF7,0xB5,0x86,0xB0,0x02,0x6B,0x6B,0x46,0x00,0x92,0x1A,0x88,
    0x03,0x8F,0x02,0x93,0xD2,0x18,0x3C,0x23,0xC3,0x5E,0x45,0x8F,0x5B,0x10,0xD2,0x18,
    0x6B,0x46,0x5B,0x88,0x04,0x46,0x5B,0x19,0x3E,0x25,0x45,0x5F,0x12,0xB2,0x6D,0x10,
    0x5B,0x19,0x05,0x46,0x1B,0xB2,0x08,0x01,0x01,0x93,0x03,0x46,0x4B,0x43,0xDB,0x11,
    0x59,0x43,0x4E,0x12,0x99,0x00,0x59,0x18,0x83,0x00,0x77,0x00,0x89,0x10,0xC0,0x18,
    0x7F,0x42,0x7F,0x18,0x80,0x10,0xBC,0x46,0x01,0x23,0x3F,0x1A,0x9B,0x02,0xFF,0x18,
    0x00,0x97,0x57,0x43,0x72,0x00,0xB2,0x18,0x49,0x00,0x52,0x1A,0x99,0x00,0x51,0x18,
    0x24,0x35,0x03,0x91,0x2A,0x88,0x60,0x44,0x51,0x43,0xCA,0x19,0xA9,0x88,0xC0,0x18,
    0x04,0x91,0x05,0x90,0x41,0x43,0x88,0x18,0x29,0x89,0x38,0x34,0x71,0x43,0x08,0x18,
    0x03,0x21,0xC9,0x02,0x8A,0x10,0x80,0x18,0xFF,0xF7,0x99,0xF8,0x07,0x46,0x6A,0x88,
    0x03,0x99,0x01,0x9B,0x00,0x98,0x51,0x43,0x58,0x43,0x09,0x18,0xEA,0x88,0x05,0x98,
    0x42,0x43,0x50,0x18,0x69,0x89,0x71,0x43,0x08,0x18,0x03,0x21,0xC9,0x02,0x8A,0x10,
    0x80,0x18,0xFF,0xF7,0x84,0xF8,0x04,0x99,0x02,0x9B,0x02,0x46,0x79,0x1A,0xC8,0x1A,
    0xA0,0x80,0x21,0x80,0x00,0x21,0x08,0x46,0x00,0x2F,0x00,0xDB,0x38,0x46,0x08,0x9B,
    0x18,0x80,0xE8,0x88,0x63,0x88,0x10,0x1A,0xC3,0x1A,0xE3,0x80,0x60,0x80,0x00,0x2A,
    0x00,0xDB,0x11,0x46,0x08,0x98,0x41,0x80,0x09,0xB0,0xF0,0xBD,0xFF,0xB5,0x81,0xB0,
    0x90,0x7D,0x1F,0x46,0x00,0x90,0x00,0x29,0x01,0xD0,0xD6,0x7D,0x00,0xE0,0x16,0x7E,
    0x00,0x29,0x01,0xD0,0x94,0x88,0x00,0xE0,0xD4,0x88,0x01,0x98,0x21,0x02,0x40,0x02,
    0x40,0x1A,0x79,0x00,0xFF,0x30,0x61,0x1A,0x01,0x30,0x49,0x1E,0xFF,0xF7,0x4F,0xF8,
    0x05,0x1E,0x00,0xDA,0x45,0x42,0x78,0x43,0x70,0x43,0x00,0x02,0x64,0x21,0xFF,0xF7,
    0x46,0xF8,0x00,0x9A,0x00,0x21,0x52,0x1E,0x02,0xE0,0x00,0x12,0x68,0x43,0x49,0x1C,
    0x91,0x42,0xFA,0xDB,0x01,0x99,0x09,0x04,0x08,0x18,0x01,0x14,0x00,0x20,0x00,0x29,
    0x04,0xDD,0x62,0x1E,0x08,0x46,0x91,0x42,0x00,0xDB,0x60,0x1E,0x05,0xB0,0xF0,0xBD,
    0xFF,0xB5,0x9C,0x46,0x00,0x24,0x25,0xE0,0x01,0x99,0x65,0x00,0x49,0x5B,0x09,0x04,
    0x1F,0xD5,0x00,0x21,0x66,0x46,0x23,0x46,0x73,0x43,0x9E,0x46,0x0E,0xE0,0x09,0x9B,
    0x06,0x68,0x00,0x2B,0x03,0xD0,0x0F,0x46,0x57,0x43,0x3F,0x19,0x01,0xE0,0x73,0x46,
    0x5F,0x18,0x7F,0x00,0xF3,0x5F,0x5B,0x10,0xF3,0x53,0x49,0x1C,0x61,0x45,0xEE,0xDB,
    0x09,0x99,0x00,0x29,0x01,0xD0,0x81,0x68,0x00,0xE0,0x41,0x68,0x4B,0x5F,0x5B,0x10,
    0x4B,0x53,0x64,0x1C,0x94,0x42,0xD7,0xDB,0xFF,0xBD,0xF0,0xB5,0x83,0x78,0x20,0x31,
    0x00,0x25,0x00,0x2A,0x28,0xD1,0x4E,0x79,0x0A,0x22,0xC4,0x88,0x56,0x43,0xAA,0x1E,
    0xB4,0x42,0x21,0xD3,0x0E,0x79,0x0A,0x27,0x7E,0x43,0xB4,0x42,0x1C,0xD8,0x01,0x2B,
    0x06,0xD0,0x01,0x23,0x83,0x70,0x83,0x8A,0x03,0x81,0xC3,0x8A,0x43,0x81,0x15,0xE0,
    0x82,0x8A,0x03,0x89,0x44,0x89,0xD2,0x1A,0xC3,0x8A,0xC9,0x79,0x1B,0x1B,0x52,0x43,
    0x5B,0x43,0xC9,0x01,0xD2,0x18,0x49,0x43,0x8A,0x42,0x01,0xDA,0x01,0x22,0x01,0xE0,
    0x00,0x22,0xD2,0x43,0x85,0x70,0x0C,0xE0,0x01,0x2B,0x0A,0xD1,0xC9,0x78,0x83,0x88,
    0x0A,0x24,0x61,0x43,0x8B,0x42,0x04,0xD9,0x00,0x2A,0x02,0xDA,0x85,0x70,0x00,0x22,
    0x01,0xE0,0x51,0x1C,0x00,0xDB,0x85,0x70,0x10,0x46,0xF0,0xBD,0xF7,0xB5,0x84,0xB0,
    0x04,0x98,0x00,0x25,0xC4,0x6B,0x80,0x6B,0x00,0x90,0xA0,0x88,0x40,0x1E,0x81,0xB2,
    0x01,0x91,0xE0,0x88,0x40,0x1E,0x81,0xB2,0x26,0x20,0x02,0x91,0x01,0x5D,0x64,0x20,
    0x40,0x1A,0x01,0x99,0x07,0x46,0x48,0x43,0xC8,0x21,0xFE,0xF7,0xA8,0xFF,0x86,0xB2,
    0x02,0x99,0x38,0x46,0x48,0x43,0xC8,0x21,0xFE,0xF7,0xA1,0xFF,0x83,0xB2,0x00,0x21,
    0x21,0xE0,0x08,0x46,0x44,0x22,0x50,0x43,0x00,0x9A,0x27,0x7F,0x12,0x56,0xBA,0x42,
    0x18,0xDD,0x00,0x9A,0x82,0x18,0x05,0x98,0x97,0x8B,0x07,0x80,0x1E,0x20,0x10,0x5E,
    0x06,0x9A,0x10,0x80,0x05,0x9F,0x00,0x22,0xBA,0x5E,0xB2,0x42,0x0A,0xDB,0x98,0x42,
    0x08,0xDB,0x01,0x9F,0xBF,0x1B,0xBA,0x42,0x04,0xDC,0x02,0x9A,0xD2,0x1A,0x90,0x42,
    0x00,0xDC,0x6D,0x1C,0x49,0x1C,0x04,0x98,0xC0,0x6B,0x80,0x78,0x88,0x42,0xD8,0xDC,
    0x28,0x46,0x07,0xB0,0xF0,0xBD,0x00,0x00,0x10,0xB5,0x17,0x48,0x34,0x21,0x01,0x70,
    0x2C,0x21,0x41,0x70,0x08,0x21,0xC1,0x70,0x0A,0x21,0x81,0x70,0x13,0x48,0x00,0x68,
    0x01,0x46,0x20,0x31,0x0A,0x7C,0x34,0x2A,0x13,0xD8,0x49,0x7C,0x2C,0x29,0x10,0xD8,
    0x01,0x46,0x80,0x31,0x0B,0x7D,0x93,0x42,0x0B,0xD8,0x4A,0x7D,0x34,0x2A,0x08,0xD8,
    0x89,0x7D,0x2C,0x29,0x05,0xD8,0xC1,0x7E,0x08,0x29,0x02,0xD8,0x80,0x7E,0x0A,0x28,
    0x09,0xD9,0x0C,0x22,0x06,0xA1,0x0A,0x48,0xFE,0xF7,0xA6,0xFE,0x00,0x21,0x04,0x20,
    0x00,0xF0,0xBA,0xFF,0xFE,0xE7,0x10,0xBD,0x78,0x01,0x00,0x20,0x1C,0x04,0x00,0x20,
    0x63,0x6F,0x6E,0x66,0x69,0x67,0x20,0x65,0x72,0x72,0x0D,0x0A,0x00,0x00,0x00,0x00,
    0x00,0x01,0x00,0x20,0xF3,0xB5,0x01,0x20,0x89,0xB0,0x40,0x02,0x08,0x90,0x00,0x20,
    0x0A,0x99,0x02,0x90,0x88,0x42,0x7D,0xDA,0x14,0x21,0x48,0x43,0x09,0x99,0x0B,0x5C,
    0x42,0x18,0x01,0x92,0x9C,0x00,0x60,0x4B,0x0E,0x20,0x1E,0x59,0x0C,0x21,0x28,0x33,
    0x10,0x5E,0x51,0x5E,0x1D,0x59,0x92,0x78,0x83,0x1B,0x4F,0x1B,0x05,0x2A,0x0D,0xD2,
    0x04,0x2A,0x08,0xD1,0x58,0x4A,0xA0,0x3A,0x13,0x51,0x28,0x32,0x17,0x51,0x28,0x32,
    0x16,0x51,0x28,0x32,0x15,0x51,0x54,0x4A,0x10,0x51,0x9D,0xE0,0x52,0x4A,0xA0,0x3A,
    0x12,0x59,0x96,0x46,0x92,0x00,0xD3,0x18,0x4F,0x4A,0x78,0x3A,0x12,0x59,0x94,0x46,
    0x92,0x00,0xD7,0x19,0x72,0x46,0x9B,0x1A,0x62,0x46,0xBF,0x1A,0x9A,0x10,0xBB,0x10,
    0x49,0x4F,0xA0,0x3F,0x3A,0x51,0x28,0x37,0x3B,0x51,0xB2,0x18,0x57,0x00,0xD2,0x19,
    0x10,0x18,0xEA,0x18,0x53,0x00,0xD2,0x18,0x51,0x18,0x80,0x10,0x89,0x10,0x00,0x28,
    0x05,0xDD,0x42,0x4A,0x12,0x8B,0x82,0x42,0x02,0xDC,0x10,0x46,0x00,0xE0,0x00,0x20,
    0x00,0x29,0x05,0xDD,0x3D,0x4A,0x52,0x8B,0x8A,0x42,0x02,0xDC,0x11,0x46,0x00,0xE0,
    0x00,0x21,0x33,0x1A,0x00,0x91,0x00,0x2B,0x01,0xDD,0x19,0x46,0x00,0xE0,0x81,0x1B,
    0x4A,0x00,0x8F,0x18,0x00,0x99,0x69,0x1A,0x00,0x29,0x01,0xDD,0x0A,0x46,0x01,0xE0,
    0x00,0x9A,0x52,0x1B,0xBA,0x18,0xD7,0x0F,0xBA,0x18,0x52,0x10,0x00,0x29,0x01,0xDC,
    0x00,0x99,0x49,0x1B,0x4F,0x00,0xC9,0x19,0x00,0x2B,0x00,0xDC,0x83,0x1B,0xC9,0x18,
    0xCB,0x0F,0x59,0x18,0x08,0x9B,0x49,0x10,0x8F,0x18,0x9C,0x46,0x9F,0x42,0x00,0xD9,
    0x67,0x46,0x00,0xE0,0x46,0xE0,0x61,0x46,0xC9,0x1B,0x0B,0x46,0x06,0x91,0x71,0x43,
    0x8A,0x00,0x89,0x18,0x8E,0x46,0x20,0x49,0x78,0x43,0x50,0x39,0x0A,0x59,0x19,0x46,
    0x5B,0x00,0xC9,0x18,0x4A,0x43,0x05,0x91,0x61,0x46,0x49,0x08,0x40,0x18,0x04,0x91,
    0x61,0x46,0x72,0x44,0xC0,0x00,0xC9,0x00,0x80,0x18,0x03,0x91,0xFE,0xF7,0xAB,0xFE,
    0x06,0x99,0x07,0x90,0x69,0x43,0x88,0x00,0x08,0x18,0x13,0x49,0x28,0x39,0x0A,0x59,
    0x05,0x99,0x4A,0x43,0x10,0x18,0x00,0x9A,0x04,0x99,0x7A,0x43,0x51,0x18,0xC9,0x00,
    0x08,0x18,0x03,0x99,0xFE,0xF7,0x97,0xFE,0x0B,0x49,0x50,0x39,0x0E,0x51,0x28,0x31,
    0x0D,0x51,0x07,0x99,0x01,0x9A,0x09,0xB2,0xD1,0x81,0x01,0x9A,0x90,0x81,0x06,0x48,
    0x01,0x51,0x01,0x98,0x0C,0x21,0x41,0x5E,0x03,0x48,0x28,0x30,0x01,0x51,0x02,0x98,
    0x40,0x1C,0x35,0xE7,0x0B,0xB0,0xF0,0xBD,0x38,0x1E,0x00,0x20,0x24,0x04,0x00,0x20,
    0x70,0xB5,0x0D,0x4C,0x0D,0x4D,0x20,0x68,0x20,0x30,0x01,0x7C,0x40,0x7C,0x41,0x43,
    0x49,0x00,0x28,0x6D,0xFE,0xF7,0xD7,0xFD,0x20,0x68,0x20,0x30,0x00,0x7C,0x41,0x00,
    0x68,0x6D,0xFE,0xF7,0xD0,0xFD,0x20,0x68,0x20,0x30,0x40,0x7C,0x41,0x00,0xA8,0x6D,
    0xFE,0xF7,0xC9,0xFD,0x70,0xBD,0x00,0x00,0x1C,0x04,0x00,0x20,0xC8,0x01,0x00,0x20,
    0x10,0xB5,0x0E,0x4C,0x60,0x7A,0xC1,0x06,0x0D,0xD5,0x11,0x28,0x02,0xD0,0x12,0x28,
    0x0A,0xD0,0x04,0xE0,0x58,0x22,0x0A,0x49,0x0A,0x48,0xFE,0xF7,0x8D,0xFD,0x01,0x20,
    0x60,0x71,0x00,0x20,0x60,0x72,0x10,0xBD,0x07,0x48,0x98,0x22,0x01,0x68,0x04,0x48,
    0xFF,0x31,0xFF,0x31,0x02,0x31,0xFE,0xF7,0x7F,0xFD,0xEB,0xE7,0xD4,0x02,0x00,0x20,
    0x43,0x03,0x00,0x20,0xEB,0x02,0x00,0x20,0x1C,0x04,0x00,0x20,0x10,0xB5,0x05,0x48,
    0x80,0x68,0x00,0x28,0x00,0xD0,0x80,0x47,0x02,0x48,0x08,0x38,0x81,0x78,0x49,0x1C,
    0x81,0x70,0x10,0xBD,0xA8,0x1E,0x00,0x20,0x02,0x48,0x41,0x88,0x11,0x22,0x11,0x43,
    0x41,0x80,0x70,0x47,0x00,0x10,0x00,0x40,0x0C,0xB5,0x00,0x22,0x69,0x46,0x0A,0x80,
    0x0D,0xE0,0x69,0x46,0x8A,0x80,0x02,0xE0,0x99,0x88,0x49,0x1C,0x99,0x80,0x69,0x46,
    0x89,0x88,0x6B,0x46,0x33,0x29,0xF7,0xD3,0x19,0x88,0x49,0x1C,0x19,0x80,0x69,0x46,
    0x09,0x88,0x81,0x42,0xED,0xD3,0x0C,0xBD,0x10,0xB5,0x05,0x48,0x40,0x69,0x00,0x28,
    0x00,0xD0,0x80,0x47,0x02,0x48,0x08,0x38,0x41,0x79,0x49,0x1C,0x41,0x71,0x10,0xBD,
    0xA8,0x1E,0x00,0x20,0xF7,0xB5,0x0F,0x46,0x01,0x07,0x84,0xB0,0x09,0x0F,0x00,0x09,
    0x01,0x91,0x00,0x90,0xC0,0x00,0x3D,0x49,0x03,0x90,0x46,0x18,0x01,0x99,0x01,0x20,
    0x88,0x40,0xC5,0xB2,0x02,0x90,0x30,0x46,0x00,0xF0,0x1C,0xFE,0x04,0x46,0x00,0x20,
    0x00,0x2F,0x08,0xD0,0x01,0x2F,0x14,0xD0,0x02,0x2F,0x20,0xD0,0x03,0x2F,0x2C,0xD0,
    0x04,0x2F,0x38,0xD0,0x44,0xE0,0x20,0x78,0xA8,0x43,0x20,0x70,0x60,0x78,0x28,0x43,
    0x60,0x70,0xA0,0x78,0xA8,0x43,0xA0,0x70,0xE0,0x78,0xA8,0x43,0xE0,0x70,0x04,0x20,
    0x36,0xE0,0x20,0x78,0x28,0x43,0x20,0x70,0x60,0x78,0x28,0x43,0x60,0x70,0xA0,0x78,
    0xA8,0x43,0xA0,0x70,0xE0,0x78,0xA8,0x43,0xE0,0x70,0x0C,0x20,0x28,0xE0,0x20,0x78,
    0x28,0x43,0x20,0x70,0x60,0x78,0xA8,0x43,0x60,0x70,0xA0,0x78,0xA8,0x43,0xA0,0x70,
    0xE0,0x78,0xA8,0x43,0xE0,0x70,0x08,0x20,0x1A,0xE0,0x20,0x78,0xA8,0x43,0x20,0x70,
    0x60,0x78,0xA8,0x43,0x60,0x70,0xA0,0x78,0x28,0x43,0xA0,0x70,0xE0,0x78,0xA8,0x43,
    0xE0,0x70,0x02,0x20,0x0C,0xE0,0x20,0x78,0xA8,0x43,0x20,0x70,0x60,0x78,0xA8,0x43,
    0x60,0x70,0xA0,0x78,0xA8,0x43,0xA0,0x70,0xE0,0x78,0x28,0x43,0xE0,0x70,0x01,0x20,
    0x06,0x99,0x00,0x29,0x0B,0xD0,0x0E,0x4B,0x00,0x99,0x02,0x9F,0x5D,0x5C,0x01,0x9A,
    0x3D,0x43,0x5D,0x54,0x03,0x99,0x08,0x33,0xC9,0x18,0x88,0x54,0x03,0xE0,0x21,0x46,
    0x00,0x98,0x00,0xF0,0x8D,0xF9,0x20,0x78,0x30,0x70,0x60,0x78,0x70,0x70,0xA0,0x78,
    0xB0,0x70,0xE0,0x78,0xF0,0x70,0x07,0xB0,0xF0,0xBD,0x00,0x00,0x40,0x03,0x00,0x40,
    0x3C,0x1F,0x00,0x20,0x01,0x09,0x00,0x07,0xC9,0x00,0x00,0x0F,0x08,0x18,0x1E,0x28,
    0x05,0xD2,0x09,0x28,0x01,0xD2,0x0C,0x30,0x06,0xE0,0x09,0x38,0x04,0xE0,0x35,0x28,
    0x01,0xD2,0x0B,0x38,0x00,0xE0,0x20,0x38,0xC0,0xB2,0x70,0x47,0x70,0xB5,0x40,0x07,
    0x0D,0x4C,0x40,0x0F,0x24,0x5C,0x48,0x07,0x0B,0x49,0x40,0x0F,0x08,0x31,0x0D,0x5C,
    0x04,0x9E,0x00,0x2B,0x0E,0xD0,0x08,0x46,0x0A,0x21,0x4C,0x43,0x06,0x49,0x10,0x38,
    0x80,0x5C,0x09,0x1F,0xC9,0x5C,0x70,0x43,0x60,0x43,0x69,0x43,0xFE,0xF7,0x43,0xFD,
    0x80,0xB2,0x70,0xBD,0x00,0x20,0x70,0xBD,0x44,0x74,0x00,0x00,0xFE,0xB5,0x0E,0x46,
    0x01,0x46,0x40,0x06,0xC4,0x0F,0x58,0x08,0x9C,0x46,0x01,0x23,0xDB,0x03,0x02,0x90,
    0x08,0x9F,0xC0,0x18,0x7B,0x00,0x8D,0x06,0x8F,0x06,0x00,0x91,0xBF,0x0E,0xB9,0x1C,
    0x01,0x91,0x79,0x1C,0xAD,0x0E,0x7F,0x1E,0x9E,0x46,0x90,0x42,0x16,0xD2,0x60,0x46,
    0x13,0x1A,0x01,0x20,0xC0,0x03,0x1B,0x1A,0x00,0x2B,0x04,0xDC,0x63,0x46,0x98,0x1A,
    0x01,0x22,0xD2,0x03,0x83,0x18,0x98,0xB2,0x00,0x2C,0x14,0xD0,0x00,0x2D,0x1F,0xD1,
    0x00,0x24,0x20,0xE0,0x3F,0x29,0x1F,0xD9,0x3F,0x21,0x1D,0xE0,0x01,0x20,0x02,0x9B,
    0xC0,0x03,0xC3,0x1A,0x93,0x42,0x1E,0xD9,0x83,0x1A,0x00,0x2B,0x00,0xDC,0x13,0x1A,
    0x98,0xB2,0x00,0x2C,0x0A,0xD0,0x86,0x45,0xEC,0xD2,0x01,0x9A,0xB2,0x42,0xE9,0xD2,
    0x08,0x99,0xFE,0xF7,0xF8,0xFC,0x40,0x19,0xC1,0xB2,0xE3,0xE7,0x00,0x2D,0x01,0xD0,
    0xF9,0xB2,0xDF,0xE7,0x01,0x24,0x01,0x21,0xB1,0x42,0x04,0xD2,0xA0,0x01,0x08,0x43,
    0x80,0x21,0x08,0x43,0x00,0x90,0x00,0x98,0xFE,0xBD,0x00,0x00,0xFF,0xB5,0x07,0x46,
    0x83,0xB0,0x44,0x49,0x04,0x20,0x04,0xF0,0x35,0xFE,0x43,0x4C,0x01,0x25,0x25,0x80,
    0x42,0x48,0x61,0x21,0x01,0x72,0x60,0x21,0x41,0x72,0x02,0x20,0x00,0xF0,0xAE,0xF8,
    0x65,0x80,0x3F,0x48,0x0F,0x21,0x81,0x70,0x38,0x21,0x01,0x70,0x07,0x21,0xC1,0x70,
    0xFF,0x20,0xF1,0x30,0xE0,0x80,0x11,0x20,0x00,0x02,0x20,0x81,0x10,0x20,0xA0,0x80,
    0x00,0x24,0x61,0xE0,0x04,0x98,0x36,0x4A,0x00,0x5D,0x20,0x32,0x41,0x00,0x89,0x18,
    0x33,0x4A,0x00,0x91,0xC1,0x08,0x08,0x32,0x8A,0x18,0x31,0x49,0x01,0x92,0x60,0x39,
    0x46,0x18,0x40,0x07,0x40,0x0F,0x2E,0x4A,0x07,0x21,0xD1,0x70,0x80,0x21,0x31,0x70,
    0x01,0x21,0x01,0x9A,0x81,0x40,0x11,0x70,0x38,0x5D,0x00,0x21,0x00,0x9A,0x05,0xF0,
    0x11,0xF8,0x05,0x46,0x38,0x5D,0x80,0x21,0x00,0x9A,0x05,0xF0,0x0B,0xF8,0x25,0x49,
    0x42,0x1B,0x52,0x18,0x49,0x00,0x8A,0x42,0x1A,0xD9,0x21,0x48,0x77,0x21,0xC1,0x70,
    0xF0,0x20,0x30,0x70,0x38,0x5D,0x80,0x21,0x00,0x9A,0x04,0xF0,0xFB,0xFF,0x01,0x21,
    0xC9,0x03,0x41,0x1A,0x8A,0x00,0x89,0x18,0x40,0x1A,0x80,0xB2,0x19,0x49,0x42,0x1B,
    0x52,0x18,0x49,0x00,0x8A,0x42,0x03,0xD8,0x16,0x48,0x40,0x42,0x28,0x18,0x80,0xB2,
    0x00,0x21,0x31,0x70,0x01,0x9A,0x11,0x70,0x41,0x1B,0x00,0x29,0x00,0xDC,0x29,0x1A,
    0x89,0xB2,0xB4,0x29,0x00,0xD2,0x01,0x21,0x06,0x98,0x00,0x28,0x06,0xD0,0x0E,0x48,
    0x49,0x1C,0xFE,0xF7,0x68,0xFC,0x06,0x99,0x62,0x00,0x88,0x52,0x00,0x21,0x01,0x20,
    0x00,0xF0,0xBA,0xFC,0x64,0x1C,0xE4,0xB2,0x05,0x98,0x84,0x42,0x9A,0xD3,0x07,0xB0,
    0xF0,0xBD,0x00,0x00,0xB9,0x15,0x00,0x00,0x00,0x10,0x00,0x40,0x00,0x03,0x00,0x40,
    0x60,0x12,0x00,0x40,0xAC,0x0D,0x00,0x00,0x50,0x34,0x03,0x00,0xFF,0xB5,0x07,0x46,
    0x10,0x4C,0x81,0xB0,0x11,0x20,0x1D,0x46,0x16,0x46,0x60,0x80,0x04,0x20,0xFF,0xF7,
    0x23,0xFB,0x0D,0x49,0xB8,0x02,0x40,0x18,0x02,0x99,0x09,0x01,0x08,0x43,0x00,0x2E,
    0x01,0xD1,0x08,0x21,0x08,0x43,0x20,0x80,0x00,0x2D,0x06,0xD0,0x01,0x2D,0x06,0xD0,
    0x00,0x22,0x20,0x21,0x04,0x20,0x05,0xF0,0x6D,0xFC,0x05,0xB0,0xF0,0xBD,0x00,0x22,
    0x21,0x21,0xF7,0xE7,0x00,0x10,0x00,0x40,0x43,0x03,0x00,0x00,0xF8,0xB5,0x17,0x4D,
    0x07,0x46,0x00,0x26,0x28,0x46,0x00,0xF0,0x55,0xFC,0x04,0x46,0x02,0x2F,0x04,0xD0,
    0x03,0x2F,0x06,0xD0,0x05,0x2F,0x0A,0xD0,0x0E,0xE0,0xFF,0x20,0x20,0x70,0x00,0x20,
    0x07,0xE0,0x00,0x20,0x20,0x70,0x60,0x70,0xFF,0x21,0xA1,0x70,0x03,0xE0,0x00,0x20,
    0x20,0x70,0x60,0x70,0xA0,0x70,0xE0,0x70,0x21,0x46,0x30,0x46,0x00,0xF0,0x10,0xF8,
    0x20,0x78,0x28,0x70,0x60,0x78,0x68,0x70,0xA0,0x78,0xA8,0x70,0xE0,0x78,0xE8,0x70,
    0x76,0x1C,0xF6,0xB2,0x08,0x35,0x08,0x2E,0xD4,0xD3,0xF8,0xBD,0x40,0x03,0x00,0x40,
    0x70,0xB5,0x1A,0x4E,0x32,0x5C,0x00,0x2A,0x2F,0xD0,0x34,0x46,0x00,0x22,0xC3,0x00,
    0x08,0x34,0x1C,0x19,0x33,0x5C,0xD3,0x40,0xDB,0x07,0x22,0xD0,0x01,0x23,0xA5,0x5C,
    0x93,0x40,0x2D,0x07,0x0D,0x78,0xDB,0xB2,0x01,0xD5,0x1D,0x43,0x00,0xE0,0x9D,0x43,
    0x0D,0x70,0xA5,0x5C,0x6D,0x07,0x4D,0x78,0x01,0xD5,0x1D,0x43,0x00,0xE0,0x9D,0x43,
    0x4D,0x70,0xA5,0x5C,0xAD,0x07,0x8D,0x78,0x01,0xD5,0x1D,0x43,0x00,0xE0,0x9D,0x43,
    0x8D,0x70,0xA5,0x5C,0xED,0x07,0xCD,0x78,0x01,0xD0,0x1D,0x43,0x00,0xE0,0x9D,0x43,
    0xCD,0x70,0x52,0x1C,0xD2,0xB2,0x08,0x2A,0xD4,0xD3,0x70,0xBD,0x3C,0x1F,0x00,0x20,
    0x00,0x21,0x0A,0x20,0x01,0xF0,0xB8,0xF9,0x09,0x4C,0x08,0x48,0x60,0x81,0x09,0x48,
    0x80,0x21,0x41,0x73,0x00,0x21,0x01,0x71,0x00,0xF0,0x0E,0xF8,0xA0,0x25,0x01,0x22,
    0x22,0x21,0x08,0x20,0x05,0xF0,0xE6,0xFB,0xA5,0x80,0xF8,0xE7,0xE8,0x83,0x00,0x00,
    0x00,0x02,0x00,0x40,0x00,0x03,0x00,0x40,0x00,0xB5,0x00,0x22,0x01,0x21,0x11,0x48,
    0x00,0xF0,0x34,0xFC,0x0F,0x48,0xFF,0x22,0x01,0x21,0x40,0x1D,0x00,0xF0,0x48,0xFC,
    0x0C,0x48,0xFF,0x22,0x01,0x21,0x00,0x1D,0x00,0xF0,0x42,0xFC,0x09,0x48,0x00,0x22,
    0x01,0x21,0xC0,0x1C,0x00,0xF0,0x3C,0xFC,0x06,0x48,0x00,0x22,0x01,0x21,0x80,0x1C,
    0x00,0xF0,0x36,0xFC,0x03,0x48,0x00,0x22,0x01,0x21,0x40,0x1C,0x00,0xF0,0x30,0xFC,
    0x00,0xBD,0x00,0x00,0x10,0x03,0x00,0x40,0x10,0xB5,0x09,0x4C,0x44,0x21,0x60,0x68,
    0xFE,0xF7,0xD9,0xFA,0xA0,0x69,0xFF,0x22,0x41,0x79,0x60,0x68,0x11,0x30,0xFE,0xF7,
    0xCB,0xFA,0x03,0xF0,0x53,0xF8,0x60,0x61,0x61,0x68,0x00,0x78,0x08,0x74,0x10,0xBD,
    0xD8,0x1F,0x00,0x20,0x01,0x4A,0xD0,0x71,0x11,0x72,0x70,0x47,0x30,0x1F,0x00,0x20,
    0xFF,0xB5,0x0D,0x46,0x81,0xB0,0x1E,0x46,0x17,0x46,0x29,0x49,0x02,0x20,0x04,0xF0,
    0xA9,0xFC,0x01,0x24,0xA4,0x07,0xA0,0x89,0x00,0x07,0x00,0x0F,0xA0,0x81,0x00,0x2D,
    0x35,0xD0,0xA0,0x89,0x02,0x2D,0x35,0xD0,0x30,0x21,0x08,0x43,0xA0,0x81,0x21,0x4D,
    0xC1,0x20,0x68,0x70,0x38,0x01,0x20,0x49,0x30,0x43,0x88,0x83,0x00,0x22,0x38,0x46,
    0x0A,0x99,0x00,0xF0,0x61,0xF8,0x00,0x22,0x30,0x46,0x0A,0x99,0x00,0xF0,0x5C,0xF8,
    0x39,0x46,0x01,0x27,0x38,0x46,0x88,0x40,0x39,0x46,0xB1,0x40,0x08,0x43,0x06,0x46,
    0xC2,0xB2,0x02,0x21,0x15,0x48,0x00,0xF0,0xDB,0xFB,0x14,0x48,0xF2,0xB2,0x02,0x21,
    0x40,0x1E,0x00,0xF0,0xD5,0xFB,0x60,0x89,0x40,0x21,0x08,0x43,0x60,0x81,0x00,0x21,
    0x69,0x71,0x0B,0x98,0x28,0x70,0x01,0x98,0x00,0x28,0x05,0xD0,0x08,0xE0,0xA0,0x89,
    0xE0,0x21,0xCA,0xE7,0x10,0x21,0xC8,0xE7,0x28,0x78,0x80,0x22,0x10,0x43,0x28,0x70,
    0x07,0x48,0x01,0x84,0x20,0x30,0xC7,0x71,0x07,0x72,0x05,0xB0,0xF0,0xBD,0x00,0x00,
    0xE5,0x4D,0x00,0x00,0x00,0x20,0x00,0x40,0x20,0x11,0x00,0x40,0x12,0x03,0x00,0x40,
    0x10,0x1F,0x00,0x20,0x03,0x49,0x00,0x28,0x01,0xD0,0x01,0x20,0x00,0xE0,0x10,0x20,
    0xC8,0x71,0x70,0x47,0x00,0x20,0x00,0x40,0xF0,0xB5,0x0A,0x4C,0x06,0x9F,0x05,0x9E,
    0x09,0x9D,0x0F,0xC4,0x10,0x3C,0x08,0x99,0x07,0x98,0x67,0x61,0x26,0x61,0xE1,0x61,
    0xA0,0x61,0x65,0x84,0x0A,0x98,0x21,0x46,0x28,0x18,0xA0,0x84,0x20,0x31,0x0B,0x98,
    0x08,0x72,0xF0,0xBD,0x10,0x1F,0x00,0x20,0xF7,0xB5,0x81,0xB0,0x0F,0x46,0x01,0x98,
    0x01,0x21,0x81,0x40,0xC8,0xB2,0x3E,0x07,0x36,0x0F,0x3D,0x09,0x01,0x99,0xF3,0x07,
    0x01,0x22,0x8A,0x40,0x00,0x90,0xD1,0xB2,0x23,0x48,0xCC,0x43,0x00,0x2B,0x02,0xD0,
    0x02,0x21,0x00,0x9A,0x01,0xE0,0xE2,0xB2,0x03,0x21,0x00,0xF0,0x57,0xFB,0x1F,0x48,
    0xB1,0x07,0x02,0xD5,0x02,0x21,0x00,0x9A,0x01,0xE0,0xE2,0xB2,0x03,0x21,0x00,0xF0,
    0x67,0xFB,0x70,0x07,0x04,0xD5,0x18,0x48,0x02,0x21,0x40,0x1C,0x00,0x9A,0x03,0xE0,
    0x16,0x48,0xE2,0xB2,0x03,0x21,0x00,0x1D,0x00,0xF0,0x5A,0xFB,0x14,0x48,0xE9,0x07,
    0x02,0xD0,0x02,0x21,0x00,0x9A,0x01,0xE0,0xE2,0xB2,0x03,0x21,0x00,0xF0,0x50,0xFB,
    0x10,0x48,0xA9,0x07,0x02,0xD5,0x02,0x21,0x00,0x9A,0x01,0xE0,0xE2,0xB2,0x03,0x21,
    0x00,0xF0,0x46,0xFB,0x0C,0x48,0x69,0x07,0x02,0xD5,0x02,0x21,0x00,0x9A,0x01,0xE0,
    0xE2,0xB2,0x03,0x21,0x00,0xF0,0x3C,0xFB,0x03,0x98,0x00,0x28,0x03,0xD0,0x07,0x48,
    0x01,0x99,0x01,0x70,0x47,0x70,0xFF,0xBD,0x10,0x03,0x00,0x40,0x12,0x03,0x00,0x40,
    0x13,0x03,0x00,0x40,0x14,0x03,0x00,0x40,0x15,0x03,0x00,0x40,0xC0,0x1E,0x00,0x20,
    0xFF,0xB5,0x3B,0x4D,0x94,0x46,0x6F,0x68,0x4A,0x1E,0xF8,0x78,0x81,0xB0,0x90,0x42,
    0x01,0xDD,0x01,0x20,0x01,0xE0,0x08,0x1A,0xC0,0xB2,0x36,0x4C,0x01,0x22,0x22,0x80,
    0xAC,0x68,0x35,0x4E,0x62,0x78,0x92,0x01,0x18,0x32,0x32,0x70,0x00,0x2B,0x03,0xD0,
    0x33,0x78,0x01,0x22,0x13,0x43,0x33,0x70,0xA2,0x78,0x00,0x2A,0x06,0xD0,0x33,0x78,
    0xF7,0x22,0x13,0x40,0x33,0x70,0x00,0x23,0x73,0x70,0x01,0xE0,0x10,0x22,0x72,0x70,
    0x0B,0x02,0x79,0x78,0x0B,0x43,0x27,0x49,0xCB,0x80,0x3A,0x78,0x12,0x03,0x02,0x43,
    0x0A,0x81,0xE0,0x78,0x22,0x79,0x00,0x01,0x10,0x43,0xF0,0x70,0x60,0x79,0x00,0x01,
    0x40,0x1C,0xB0,0x70,0x01,0x98,0x88,0x80,0x20,0x7A,0x43,0x21,0x00,0x01,0x08,0x43,
    0x1E,0x49,0x08,0x72,0xA0,0x79,0xE2,0x79,0x00,0x01,0x10,0x43,0x48,0x72,0x04,0x20,
    0x04,0x07,0x60,0x80,0x60,0x46,0xFF,0xF7,0x01,0xFE,0xE8,0x68,0x01,0x78,0x40,0x68,
    0x00,0xF0,0x32,0xFB,0xE8,0x68,0x01,0x78,0xC0,0x68,0x00,0xF0,0x07,0xFB,0x0C,0x20,
    0x60,0x80,0x00,0x20,0x60,0x80,0x01,0x98,0x00,0x90,0x68,0x68,0x43,0x79,0x02,0x79,
    0xA8,0x68,0x01,0x79,0xC0,0x78,0xFF,0xF7,0xB1,0xFC,0xA8,0x83,0x00,0x28,0x02,0xD1,
    0xFF,0x20,0x2D,0x30,0xA8,0x83,0x80,0xB2,0x41,0x08,0x68,0x84,0x41,0x18,0x29,0x84,
    0x7D,0x21,0xC9,0x00,0x40,0x18,0x80,0xB2,0xA8,0x83,0x05,0xB0,0xF0,0xBD,0x00,0x00,
    0x84,0x1F,0x00,0x20,0x00,0x10,0x00,0x40,0x60,0x12,0x00,0x40,0x00,0x03,0x00,0x40,
    0xF8,0xB5,0x17,0x4C,0x06,0x46,0xE1,0x68,0x48,0x78,0x0D,0x78,0x01,0x21,0xE1,0x77,
    0x00,0x21,0x21,0x70,0x61,0x70,0xA1,0x70,0xE1,0x70,0x00,0x28,0x00,0xD1,0x01,0x20,
    0x68,0x43,0x41,0x00,0x60,0x69,0xFE,0xF7,0x46,0xF9,0x04,0x20,0x07,0x07,0xA1,0x69,
    0x78,0x80,0xE0,0x68,0x2A,0x46,0x40,0x68,0x00,0xF0,0x0C,0xFB,0x00,0x20,0x00,0xF0,
    0x59,0xF9,0x0C,0x20,0x78,0x80,0x60,0x68,0x00,0x23,0x41,0x79,0x00,0x79,0x01,0x22,
    0xFF,0xF7,0x7C,0xFD,0x00,0x2E,0x02,0xD0,0x20,0x78,0x00,0x28,0xFC,0xD0,0xF8,0xBD,
    0x84,0x1F,0x00,0x20,0xF0,0xB5,0x05,0xAC,0xE0,0xCC,0x04,0x4C,0xA5,0x61,0x63,0x61,
    0x62,0x60,0xA1,0x60,0xE0,0x60,0xA7,0x77,0x26,0x61,0xF0,0xBD,0x84,0x1F,0x00,0x20,
    0xF0,0xB5,0x6B,0x48,0x9D,0xB0,0x41,0x88,0x11,0x22,0x11,0x43,0x41,0x80,0x69,0x48,
    0xC1,0x7F,0x00,0x29,0x7E,0xD0,0x01,0x46,0x06,0x46,0xF0,0x68,0x28,0x31,0x4D,0x78,
    0x42,0x78,0x18,0x92,0x04,0x78,0x70,0x78,0x72,0x69,0x60,0x43,0x40,0x00,0x10,0x18,
    0x1C,0x90,0x89,0x68,0xB0,0x78,0x2A,0x46,0x68,0x43,0x09,0x18,0x19,0xA8,0xFE,0xF7,
    0xD3,0xF8,0xF0,0x68,0x22,0x46,0x40,0x68,0x01,0xA9,0x00,0xF0,0xB3,0xFA,0x30,0x46,
    0x20,0x30,0x17,0x90,0x41,0x79,0x00,0x79,0x81,0x42,0x2E,0xD2,0x00,0x20,0x1B,0x90,
    0x30,0x46,0xC1,0x78,0xC2,0x68,0x80,0x69,0x12,0x78,0x51,0x43,0x0F,0x18,0x00,0x26,
    0x13,0xE0,0x50,0x48,0x01,0xAA,0x41,0x8C,0x00,0x91,0x03,0x8C,0x71,0x00,0x40,0x68,
    0x52,0x5A,0x41,0x78,0xB8,0x5D,0xFF,0xF7,0x31,0xFC,0xB9,0x5D,0x81,0x42,0x02,0xD0,
    0xB8,0x55,0x01,0x20,0x1B,0x90,0x76,0x1C,0xF6,0xB2,0xA6,0x42,0xE9,0xD3,0x1B,0x98,
    0x00,0x28,0x05,0xD0,0x17,0x98,0x41,0x79,0x49,0x1C,0x41,0x71,0x00,0x22,0x5C,0xE0,
    0x00,0x21,0x01,0x22,0x08,0x46,0x00,0xF0,0x11,0xFF,0x17,0x98,0x00,0x26,0x46,0x71,
    0x3C,0x48,0x21,0x46,0x28,0x30,0x03,0x78,0x28,0x38,0x82,0x8B,0x01,0xA8,0x00,0xF0,
    0xFB,0xFC,0x19,0xAB,0x9C,0x46,0x2B,0x02,0x23,0x43,0x9E,0x46,0x11,0x23,0x36,0x48,
    0x00,0x93,0x1C,0x99,0x83,0x88,0x01,0xAA,0x10,0x27,0x3B,0x43,0x83,0x80,0x63,0x46,
    0xC3,0x80,0x02,0x81,0x41,0x81,0x81,0x81,0x73,0x46,0x43,0x80,0x00,0x9B,0x03,0x80,
    0x81,0x88,0xC9,0x06,0xFC,0xD5,0x2B,0x4F,0xF8,0x78,0x40,0x1C,0xF8,0x70,0xB8,0x78,
    0x40,0x1C,0x00,0xE0,0x26,0xE0,0xB8,0x70,0xB8,0x78,0xA8,0x42,0x03,0xD3,0xBE,0x70,
    0x78,0x78,0x40,0x19,0x78,0x70,0x79,0x78,0x18,0x98,0x81,0x42,0x20,0xD2,0x78,0x78,
    0x41,0x19,0x18,0x98,0x81,0x42,0x0D,0xD9,0x40,0x1B,0x78,0x70,0x78,0x78,0x79,0x69,
    0x60,0x43,0x40,0x00,0x7A,0x78,0x08,0x18,0x18,0x99,0x89,0x1A,0x61,0x43,0x49,0x00,
    0xFE,0xF7,0x71,0xF8,0xF8,0x78,0x01,0x28,0x06,0xD0,0x01,0x22,0x11,0x46,0x00,0x20,
    0x00,0xF0,0xBC,0xFE,0x1D,0xB0,0xF0,0xBD,0x01,0x22,0x01,0x21,0x08,0x46,0xF7,0xE7,
    0x17,0x98,0x00,0x79,0x00,0x28,0x17,0xD1,0x04,0x20,0x04,0x07,0x60,0x80,0x02,0x20,
    0xFF,0xF7,0xCC,0xFC,0xF8,0x68,0x01,0x78,0x40,0x68,0x00,0xF0,0xE7,0xF9,0x0C,0x20,
    0x60,0x80,0x0A,0x49,0x40,0x20,0x08,0x72,0x09,0x48,0x06,0x71,0xC1,0x78,0x49,0x06,
    0x49,0x0E,0xC1,0x70,0x86,0x70,0x66,0x80,0x01,0x20,0x38,0x70,0xDA,0xE7,0x00,0x00,
    0x00,0x10,0x00,0x40,0x84,0x1F,0x00,0x20,0x00,0x11,0x00,0x40,0x00,0x03,0x00,0x40,
    0x60,0x12,0x00,0x40,0xF1,0xB5,0x19,0x49,0x04,0x20,0x04,0xF0,0x23,0xFA,0x18,0x48,
    0x81,0x7F,0x00,0x29,0x23,0xD0,0x04,0x46,0x00,0x21,0x20,0x34,0x61,0x71,0x81,0x68,
    0x89,0x7A,0x21,0x71,0x01,0x46,0xC6,0x68,0x28,0x31,0x4D,0x78,0x70,0x78,0x29,0x46,
    0x07,0x46,0xFE,0xF7,0xB8,0xF8,0x00,0x29,0x15,0xD0,0x68,0x1A,0xC1,0x19,0x30,0x78,
    0x0B,0x4D,0x41,0x43,0x80,0x22,0xA8,0x69,0xFE,0xF7,0x0E,0xF8,0x00,0xF0,0x58,0xF8,
    0x01,0x20,0xFF,0xF7,0xB5,0xFE,0x00,0x20,0x60,0x71,0x20,0x71,0xA8,0x77,0x00,0x98,
    0xFF,0xF7,0xAE,0xFE,0xF8,0xBD,0x00,0x20,0xE8,0xE7,0x00,0x00,0xA1,0x1E,0x00,0x00,
    0x84,0x1F,0x00,0x20,0x0D,0x49,0x42,0x08,0x48,0x70,0x0A,0x70,0x04,0x2A,0x01,0xD1,
    0x03,0x22,0x0A,0x70,0x04,0x28,0x06,0xD0,0x08,0x28,0x09,0xD0,0x08,0x48,0x48,0x60,
    0x40,0x1C,0x88,0x60,0x70,0x47,0x06,0x48,0x82,0x30,0x48,0x60,0x10,0x30,0xF8,0xE7,
    0x03,0x48,0x80,0x1C,0x48,0x60,0x40,0x30,0xF3,0xE7,0x00,0x00,0xAC,0x1F,0x00,0x20,
    0x54,0x74,0x00,0x00,0xF8,0xB5,0x10,0x4F,0x04,0x46,0x38,0x46,0x00,0xF0,0xAA,0xF8,
    0x0E,0x4A,0xD1,0x68,0x49,0x78,0x00,0x29,0x15,0xD0,0x00,0x21,0x13,0x69,0xE6,0x00,
    0x72,0x18,0x54,0x00,0x1D,0x5D,0x8A,0x00,0x85,0x54,0x64,0x1C,0x1D,0x5D,0x14,0x18,
    0x65,0x70,0x85,0x5C,0xCA,0x00,0xD2,0x19,0x15,0x70,0x64,0x78,0x54,0x70,0x49,0x1C,
    0xC9,0xB2,0x08,0x29,0xEC,0xD3,0xF8,0xBD,0x40,0x03,0x00,0x40,0x84,0x1F,0x00,0x20,
    0xF0,0xB5,0x3E,0x48,0x85,0xB0,0x44,0x78,0x28,0x38,0xC0,0x68,0x00,0x26,0x40,0x78,
    0x01,0x96,0x00,0x90,0x6C,0xE0,0x31,0x19,0x81,0x42,0x01,0xD9,0x00,0x1B,0xC6,0xB2,
    0x00,0x27,0x61,0xE0,0x35,0x48,0x41,0x68,0x20,0x46,0x78,0x43,0x08,0x18,0x00,0x25,
    0x02,0x90,0x1B,0xE0,0x02,0x98,0x40,0x57,0x01,0x28,0x02,0xD0,0x40,0x1C,0x09,0xD0,
    0x12,0xE0,0x2E,0x48,0x28,0x38,0xC0,0x68,0x01,0x69,0x70,0x19,0x08,0x5C,0x00,0x22,
    0x11,0x46,0x07,0xE0,0x29,0x48,0x00,0x22,0x28,0x38,0xC0,0x68,0x01,0x69,0x70,0x19,
    0x08,0x5C,0x01,0x21,0xFF,0xF7,0x26,0xFA,0x6D,0x1C,0xED,0xB2,0xA5,0x42,0xE1,0xD3,
    0x01,0x98,0x00,0x25,0xC0,0x00,0x04,0x90,0xE8,0x00,0x21,0x49,0x03,0x90,0x40,0x18,
    0x00,0x22,0x11,0x46,0x00,0xF0,0xC4,0xF8,0x1C,0x49,0x28,0x39,0x0A,0x69,0x04,0x99,
    0x49,0x19,0x49,0x00,0x02,0x91,0x50,0x54,0x19,0x49,0x03,0x98,0x49,0x1C,0x40,0x18,
    0x00,0x22,0x11,0x46,0x00,0xF0,0xB4,0xF8,0x14,0x49,0x6D,0x1C,0x28,0x39,0x0A,0x69,
    0x02,0x99,0xED,0xB2,0x49,0x1C,0x50,0x54,0x08,0x2D,0xDD,0xD3,0x00,0x25,0x0B,0xE0,
    0x0E,0x48,0x00,0x22,0x28,0x38,0xC0,0x68,0x01,0x69,0x70,0x19,0x08,0x5C,0x02,0x21,
    0xFF,0xF7,0xF0,0xF9,0x6D,0x1C,0xED,0xB2,0xA5,0x42,0xF1,0xD3,0x01,0x98,0x40,0x1C,
    0xC0,0xB2,0x7F,0x1C,0xFF,0xB2,0x01,0x90,0xA7,0x42,0x9B,0xD3,0x30,0x19,0xC6,0xB2,
    0x00,0x98,0x86,0x42,0x8F,0xD3,0x05,0xB0,0xF0,0xBD,0x00,0x00,0xAC,0x1F,0x00,0x20,
    0x40,0x03,0x00,0x40,0x02,0x48,0x01,0x78,0x00,0x29,0xFC,0xD0,0x70,0x47,0x00,0x00,
    0x84,0x1F,0x00,0x20,0x0E,0x4A,0x00,0x21,0xC9,0x43,0x82,0x18,0x07,0x2A,0x01,0xD8,
    0x51,0xB2,0x0C,0xE0,0x0A,0x4A,0x2F,0x3A,0x80,0x18,0x3B,0x28,0x07,0xD8,0xC0,0xB2,
    0xC1,0x08,0x40,0x07,0x89,0x00,0x40,0x0F,0x08,0x18,0x10,0x30,0x41,0xB2,0x48,0x1C,
    0x01,0xD0,0x40,0x29,0x01,0xD3,0x00,0x20,0x70,0x47,0x02,0x48,0x40,0x18,0x70,0x47,
    0xEF,0xFC,0xFF,0xBF,0xD0,0x1E,0x00,0x20,0x70,0xB5,0x00,0x26,0xCA,0xB2,0x1C,0x4C,
    0x1C,0x4D,0x03,0x00,0xFD,0xF7,0x76,0xFF,0x0A,0x06,0x0B,0x0D,0x1E,0x20,0x22,0x24,
    0x26,0x2A,0x30,0x31,0x49,0x1E,0xFE,0x29,0x27,0xD2,0xE2,0x71,0x25,0xE0,0xA6,0x71,
    0x23,0xE0,0x15,0x4A,0xD1,0x68,0xD0,0x68,0xD2,0x68,0x81,0x42,0x01,0xD9,0x0B,0x46,
    0x00,0xE0,0x03,0x46,0x93,0x42,0x03,0xD9,0x81,0x42,0x00,0xD9,0x08,0x46,0x70,0xBD,
    0x10,0x46,0x70,0xBD,0xA1,0x60,0x10,0xE0,0xA2,0x70,0x0E,0xE0,0xE2,0x70,0x0C,0xE0,
    0xE0,0x78,0x70,0xBD,0x01,0x20,0x80,0x07,0x40,0x88,0x70,0xBD,0x08,0x03,0x01,0x21,
    0xC9,0x03,0x08,0x43,0xE8,0x83,0x00,0xE0,0xEE,0x83,0x00,0x20,0x70,0xBD,0x00,0x00,
    0xC0,0x1E,0x00,0x20,0x20,0x11,0x00,0x40,0x00,0x02,0x00,0x40,0x30,0xB5,0x03,0x46,
    0x01,0x29,0x02,0xD1,0x1A,0x70,0x10,0x46,0x30,0xBD,0x18,0x78,0x1D,0x78,0x1C,0x78,
    0xA8,0x42,0xFA,0xD1,0xA0,0x42,0xF8,0xD1,0x00,0x29,0xF5,0xD0,0x02,0x29,0x04,0xD0,
    0x03,0x29,0xF1,0xD1,0x10,0x40,0x18,0x70,0x30,0xBD,0x10,0x43,0xFB,0xE7,0x00,0x00,
    0x10,0xB5,0x18,0x4C,0x00,0x23,0xDB,0x43,0x04,0x19,0x07,0x2C,0x01,0xD8,0x63,0xB2,
    0x0C,0xE0,0x14,0x4C,0x2F,0x3C,0x04,0x19,0x3B,0x2C,0x07,0xD8,0xE3,0xB2,0xDC,0x08,
    0x5B,0x07,0xA4,0x00,0x5B,0x0F,0xE3,0x18,0x10,0x33,0x5B,0xB2,0x5C,0x1C,0x01,0xD0,
    0x40,0x2B,0x01,0xD3,0x00,0x20,0x10,0xBD,0x0B,0x4C,0x00,0x29,0x10,0xD0,0x01,0x29,
    0x04,0xD0,0x02,0x29,0x05,0xD0,0x03,0x29,0x06,0xD0,0x09,0xE0,0xE2,0x54,0x02,0x70,
    0x06,0xE0,0xE1,0x5C,0x11,0x43,0x01,0xE0,0xE1,0x5C,0x11,0x40,0xE1,0x54,0x01,0x70,
    0xE0,0x5C,0x10,0xBD,0xEF,0xFC,0xFF,0xBF,0xD0,0x1E,0x00,0x20,0x70,0xB5,0x0D,0x46,
    0x06,0x46,0x00,0x24,0x06,0xE0,0x30,0x5D,0x00,0x22,0x04,0x21,0xFF,0xF7,0x12,0xF9,
    0x64,0x1C,0xE4,0xB2,0xAC,0x42,0xF6,0xD3,0x70,0xBD,0x00,0x00,0xF0,0xB5,0x00,0x22,
    0x08,0x4E,0x0B,0xE0,0x83,0x5C,0xDC,0x08,0xA4,0x19,0x25,0x7A,0x5F,0x07,0x7F,0x0F,
    0x01,0x23,0xBB,0x40,0x9D,0x43,0x25,0x72,0x52,0x1C,0xD2,0xB2,0x8A,0x42,0xF1,0xD3,
    0xF0,0xBD,0x00,0x00,0x60,0x12,0x00,0x40,0xF0,0xB5,0x00,0x22,0x08,0x4E,0x0B,0xE0,
    0x83,0x5C,0xDC,0x08,0xA4,0x19,0x25,0x7A,0x5F,0x07,0x7F,0x0F,0x01,0x23,0xBB,0x40,
    0x1D,0x43,0x25,0x72,0x52,0x1C,0xD2,0xB2,0x8A,0x42,0xF1,0xD3,0xF0,0xBD,0x00,0x00,
    0x60,0x12,0x00,0x40,0x06,0x4B,0xD8,0x80,0x59,0x81,0x98,0x88,0x10,0x21,0x08,0x43,
    0x98,0x80,0x5A,0x80,0x21,0x20,0x18,0x80,0x98,0x88,0xC0,0x06,0xFC,0xD5,0x70,0x47,
    0x00,0x11,0x00,0x40,0x30,0xB5,0x07,0x4B,0x9C,0x88,0x10,0x25,0x2C,0x43,0x9C,0x80,
    0xD8,0x80,0x19,0x81,0x5A,0x80,0x31,0x20,0x18,0x80,0x98,0x88,0xC0,0x06,0xFC,0xD5,
    0x30,0xBD,0x00,0x00,0x00,0x11,0x00,0x40,0x70,0xB5,0x03,0x4C,0x05,0x9E,0x04,0x9D,
    0xA5,0x61,0x40,0xC4,0x0F,0xC4,0x70,0xBD,0xD8,0x1F,0x00,0x20,0xF3,0xB5,0xEE,0x4C,
    0x91,0xB0,0x20,0x69,0x0D,0x46,0x00,0x78,0x0A,0x90,0xA0,0x69,0xEB,0x49,0x06,0x79,
    0x04,0x20,0x27,0x68,0x03,0xF0,0xF6,0xFF,0xA1,0x69,0x08,0x78,0x89,0x78,0x00,0x29,
    0x00,0xD1,0x28,0x46,0x00,0x23,0x05,0x22,0x0F,0x21,0xFF,0xF7,0x21,0xFC,0xE2,0x4C,
    0xC2,0x22,0x20,0x69,0x01,0x78,0x38,0x46,0xFD,0xF7,0xEE,0xFD,0x20,0x69,0x39,0x46,
    0x02,0x78,0x40,0x68,0xFF,0xF7,0xBE,0xFF,0x60,0x68,0x00,0x78,0x00,0x28,0x04,0xD0,
    0x20,0x46,0x80,0x69,0x80,0x78,0x00,0x28,0x22,0xD1,0xD7,0x4D,0xA8,0x69,0x81,0x78,
    0x00,0x29,0x40,0xD0,0x69,0x69,0x0C,0x78,0x2B,0x68,0x0A,0x99,0x0A,0x9A,0x89,0x00,
    0x52,0x00,0x0A,0x9F,0x59,0x18,0x9A,0x18,0x02,0x97,0x00,0x92,0x01,0x91,0x29,0x69,
    0x4A,0x68,0xC1,0x78,0x20,0x46,0x00,0xF0,0x9F,0xF9,0x01,0x46,0x68,0x68,0x0A,0x0A,
    0x01,0x75,0x42,0x75,0x32,0x29,0x28,0xD3,0xA9,0x69,0x89,0x78,0x00,0x29,0x24,0xD0,
    0x00,0x20,0xC5,0x4C,0x0C,0x90,0x09,0x90,0x08,0x90,0x0A,0x99,0x20,0x68,0x89,0x00,
    0x41,0x18,0x06,0x91,0x0A,0x99,0x0E,0x90,0x49,0x00,0x41,0x18,0x00,0x20,0x07,0x91,
    0x0B,0x90,0xA0,0x69,0xBE,0x4D,0x41,0x79,0x00,0x29,0x04,0xD0,0x60,0x68,0xC0,0x79,
    0xFD,0xF7,0x41,0xFE,0x0B,0x91,0x0B,0x98,0x70,0x43,0x0F,0x90,0x62,0x69,0x10,0x18,
    0x00,0x24,0x0D,0x90,0x7F,0xE0,0x11,0x9C,0xBE,0xE7,0x00,0x21,0xC1,0x73,0x81,0x70,
    0xC1,0x71,0x04,0x74,0x50,0xE1,0x0D,0x98,0x6B,0x46,0x00,0x5D,0x0A,0x9A,0x84,0x46,
    0x07,0x98,0x06,0x99,0x07,0xC3,0xAC,0x4F,0x0E,0x9B,0x38,0x69,0x42,0x68,0xB8,0x69,
    0xC1,0x78,0x60,0x46,0x00,0xF0,0x58,0xF9,0x61,0x00,0x03,0xAA,0x50,0x52,0x0F,0x9A,
    0x78,0x68,0x12,0x19,0x52,0x00,0x00,0x92,0x2C,0x32,0x87,0x18,0x7A,0x78,0x3B,0x78,
    0x12,0x06,0x12,0x14,0x1A,0x43,0x94,0x46,0x03,0xAA,0x52,0x5A,0x3A,0x70,0x12,0x0A,
    0x7A,0x70,0x03,0xAA,0x53,0x5E,0x62,0x46,0x9A,0x1A,0x00,0x2A,0x01,0xDC,0x67,0x46,
    0xFA,0x1A,0x9A,0x18,0x13,0xB2,0x03,0xAA,0x53,0x52,0x00,0x9A,0x14,0x32,0x82,0x18,
    0x94,0x46,0x57,0x78,0x12,0x78,0x3F,0x02,0x17,0x43,0xDA,0x1B,0x19,0x2A,0x06,0xDD,
    0x5A,0x00,0x9A,0x18,0xBA,0x18,0x93,0x10,0x03,0xAA,0x53,0x52,0x05,0xE0,0x7A,0x00,
    0xBA,0x18,0xD2,0x18,0x03,0xAF,0x92,0x10,0x7A,0x52,0x03,0xAF,0x7B,0x5A,0x62,0x46,
    0x13,0x70,0x1B,0x0A,0x53,0x70,0x79,0x5E,0xA9,0x42,0x01,0xDA,0x0D,0x46,0x0C,0x94,
    0x08,0x9A,0x91,0x42,0x01,0xDD,0x09,0x94,0x08,0x91,0x32,0x2D,0x19,0xDA,0x01,0x78,
    0x00,0x29,0x16,0xD1,0x41,0x78,0xA1,0x42,0x13,0xD1,0x82,0x78,0x0B,0x99,0x8A,0x42,
    0x0F,0xD1,0x7D,0x49,0x6A,0x46,0x49,0x68,0xC9,0x79,0x49,0x1E,0xC1,0x71,0x44,0x70,
    0x0B,0x99,0x81,0x70,0x0C,0x21,0x51,0x5E,0x28,0x29,0x01,0xDA,0x00,0x21,0x41,0x70,
    0xA3,0xE0,0x64,0x1C,0xE4,0xB2,0xB4,0x42,0x85,0xD3,0x04,0x2E,0x1B,0xD1,0x09,0x98,
    0x03,0x28,0x02,0xD0,0x00,0x28,0x0B,0xD0,0x15,0xE0,0x6A,0x46,0x0E,0x21,0x0C,0x20,
    0x51,0x5E,0x10,0x5E,0x81,0x42,0x01,0xDA,0x01,0x20,0x0B,0xE0,0x00,0x20,0x09,0xE0,
    0x6A,0x46,0x10,0x21,0x12,0x20,0x51,0x5E,0x10,0x5E,0x81,0x42,0x01,0xDA,0x02,0x20,
    0x00,0xE0,0x03,0x20,0x0C,0x90,0x64,0x49,0x0B,0x98,0x4C,0x68,0x0C,0x9A,0x11,0x30,
    0x22,0x54,0xA0,0x78,0x02,0x90,0x06,0x90,0x60,0x78,0x00,0x90,0x01,0x90,0x89,0x69,
    0x5F,0x4D,0x49,0x79,0x00,0x20,0x0B,0x9F,0x8C,0x46,0x18,0xE0,0x01,0x46,0x11,0x31,
    0x61,0x5C,0xFF,0x29,0x11,0xD0,0x02,0x46,0x72,0x43,0x51,0x18,0x49,0x00,0x14,0x31,
    0x09,0x19,0x4A,0x78,0x0B,0x78,0x12,0x02,0x1A,0x43,0xAA,0x42,0x05,0xDA,0x4A,0x78,
    0xD9,0xB2,0x12,0x06,0x15,0x14,0x0D,0x43,0x07,0x46,0x40,0x1C,0xC0,0xB2,0x84,0x45,
    0xE4,0xD8,0x4F,0x48,0x85,0x42,0x04,0xD0,0x38,0x46,0x11,0x30,0x06,0x97,0x20,0x5C,
    0x01,0x90,0x20,0x46,0x08,0x30,0x07,0x90,0xFD,0xF7,0xD0,0xFC,0x00,0x28,0x2D,0xD0,
    0x01,0x9A,0x00,0x99,0x91,0x42,0x03,0xD1,0x06,0x9A,0x02,0x99,0x91,0x42,0x22,0xD0,
    0x02,0x99,0x00,0x9A,0x71,0x43,0x89,0x18,0x49,0x00,0x14,0x31,0x09,0x19,0x4A,0x78,
    0x09,0x78,0x12,0x02,0x0A,0x43,0x06,0x99,0x01,0x9B,0x71,0x43,0xC9,0x18,0x49,0x00,
    0x14,0x31,0x61,0x18,0x4B,0x78,0x0F,0x78,0x19,0x02,0x39,0x43,0x1E,0x31,0x8A,0x42,
    0x19,0xD9,0x40,0x1C,0x07,0x99,0xFD,0xF7,0xB3,0xFC,0x06,0x28,0x19,0xD3,0x01,0x98,
    0x60,0x70,0x06,0x98,0xA0,0x70,0x01,0x20,0x07,0x99,0x10,0xE0,0x38,0x46,0xA7,0x73,
    0x11,0x30,0x21,0x5C,0xE1,0x73,0xA7,0x70,0x20,0x5C,0x60,0x70,0x01,0x20,0x07,0x99,
    0xFD,0xF7,0x9E,0xFC,0x09,0xE0,0x01,0x28,0x03,0xD9,0x40,0x1E,0x07,0x99,0xFD,0xF7,
    0x97,0xFC,0x01,0x98,0xE0,0x73,0x06,0x98,0xA0,0x73,0x08,0x98,0x64,0x28,0x0B,0xDD,
    0x21,0x49,0x1E,0x20,0x49,0x68,0x23,0x4B,0x08,0x70,0x08,0x9A,0x9A,0x42,0x1B,0xDD,
    0x08,0x73,0x00,0x0A,0x48,0x73,0x17,0xE0,0x1B,0x48,0x40,0x68,0x41,0x7B,0x02,0x7B,
    0x09,0x02,0x11,0x43,0x03,0xD0,0x49,0x1E,0x01,0x73,0x09,0x0A,0x41,0x73,0x08,0x99,
    0x32,0x29,0x09,0xDA,0x01,0x78,0x00,0x29,0x06,0xD0,0x49,0x1E,0x09,0x06,0x09,0x0E,
    0x01,0x70,0x01,0xD1,0xFF,0xF7,0x78,0xF9,0x0F,0x4B,0x2A,0x0A,0x58,0x68,0xC5,0x70,
    0x02,0x71,0x08,0x9A,0x42,0x71,0x12,0x0A,0x82,0x71,0x81,0x78,0x5A,0x69,0x71,0x43,
    0x51,0x18,0x42,0x78,0x89,0x5C,0x01,0x74,0x02,0x20,0xFF,0xF7,0xB7,0xF8,0x06,0x4C,
    0x20,0x69,0x01,0x78,0x40,0x68,0xFF,0xF7,0xD1,0xFD,0x60,0x68,0xC1,0x79,0x49,0x1C,
    0xC1,0x71,0x00,0x7C,0x13,0xB0,0xF0,0xBD,0xD8,0x1F,0x00,0x20,0x75,0x66,0x00,0x00,
    0xFF,0x7F,0x00,0x00,0x4C,0x04,0x00,0x00,0xFF,0xB5,0x83,0xB0,0x02,0x21,0x0C,0x9D,
    0x36,0x4B,0x02,0x91,0x01,0x91,0xD9,0x68,0x0D,0x9C,0xC9,0x78,0x42,0x1E,0x91,0x42,
    0x01,0xDD,0x01,0x22,0x01,0xE0,0x41,0x1A,0xCA,0xB2,0x31,0x49,0xCE,0x88,0xF6,0xB2,
    0xCE,0x80,0xCE,0x88,0x00,0x02,0x06,0x43,0xCE,0x80,0x08,0x89,0x00,0x0A,0x00,0x02,
    0x08,0x81,0x08,0x89,0x10,0x43,0x08,0x81,0x98,0x69,0x02,0x9A,0x00,0x78,0x00,0x90,
    0x98,0x68,0x01,0x9B,0x01,0x79,0xC0,0x78,0xFE,0xF7,0x40,0xFF,0x00,0x90,0x00,0x20,
    0x03,0x46,0x24,0x4A,0x04,0xE0,0x41,0x00,0x6A,0x52,0x40,0x1C,0x63,0x52,0xC0,0xB2,
    0x0E,0x99,0x88,0x42,0xF7,0xD3,0x00,0x26,0x24,0xE0,0x01,0x23,0x1A,0x46,0x01,0x99,
    0x02,0x98,0xFF,0xF7,0x3B,0xF8,0x0E,0x9A,0x06,0x99,0x05,0x98,0xFF,0xF7,0xAA,0xFD,
    0x00,0x23,0x00,0x9A,0x0E,0x99,0x06,0x98,0x00,0xF0,0x2E,0xF8,0x00,0x23,0x0C,0xE0,
    0x5F,0x00,0x06,0x98,0xE9,0x5F,0xC0,0x5B,0x81,0x42,0x00,0xDD,0xE8,0x53,0xE1,0x5F,
    0x81,0x42,0x00,0xDA,0xE0,0x53,0x5B,0x1C,0xDB,0xB2,0x0E,0x98,0x83,0x42,0xEF,0xD3,
    0x76,0x1C,0xF6,0xB2,0x04,0x98,0x86,0x42,0xD7,0xD3,0x00,0x21,0x08,0x46,0x07,0xE0,
    0x42,0x00,0xA3,0x5A,0xAA,0x5A,0x9A,0x1A,0x51,0x18,0x40,0x1C,0x89,0xB2,0xC0,0xB2,
    0x0E,0x9A,0x90,0x42,0xF4,0xD3,0x88,0x08,0x07,0xB0,0xF0,0xBD,0xD8,0x1F,0x00,0x20,
    0x00,0x10,0x00,0x40,0xFF,0x7F,0x00,0x00,0xF0,0xB5,0x00,0x24,0x01,0x25,0xED,0x03,
    0xAE,0x1A,0x27,0x46,0x0C,0xE0,0x62,0x00,0x85,0x5A,0xB5,0x42,0x02,0xDD,0xAD,0x1B,
    0x85,0x52,0x00,0xE0,0x87,0x52,0x85,0x5A,0xDD,0x40,0x64,0x1C,0x85,0x52,0xA4,0xB2,
    0x8C,0x42,0xF0,0xD3,0xF0,0xBD,0x00,0x00,0xF8,0xB5,0x28,0x4D,0x4C,0x1E,0x2A,0x68,
    0xD3,0x78,0xA3,0x42,0x01,0xDD,0x01,0x23,0x01,0xE0,0xCB,0x1A,0xDB,0xB2,0x24,0x4E,
    0x09,0x24,0x34,0x80,0x14,0x78,0x24,0x03,0x1C,0x43,0x34,0x81,0x6C,0x68,0x41,0x26,
    0x23,0x7A,0x1B,0x01,0x33,0x43,0x1F,0x4E,0x33,0x72,0xA3,0x79,0xE7,0x79,0x1B,0x01,
    0x3B,0x43,0x73,0x72,0x63,0x78,0x9E,0x01,0x1B,0x4B,0x18,0x36,0x1E,0x70,0x00,0x26,
    0x5E,0x70,0x26,0x79,0x00,0x2E,0x66,0x79,0x02,0xD0,0x36,0x01,0x09,0x36,0x01,0xE0,
    0x36,0x01,0x76,0x1C,0x9E,0x70,0xA6,0x78,0xE7,0x78,0x36,0x01,0x3E,0x43,0xDE,0x70,
    0x0B,0x02,0x51,0x78,0x0B,0x43,0x0E,0x49,0xCB,0x80,0x88,0x80,0x00,0x90,0x53,0x79,
    0x12,0x79,0xE1,0x78,0xA0,0x78,0xFE,0xF7,0x99,0xFE,0xA8,0x83,0x00,0x28,0x02,0xD1,
    0xFF,0x20,0xF5,0x30,0xA8,0x83,0x7D,0x21,0x80,0xB2,0xC9,0x00,0x40,0x18,0xA8,0x83,
    0x02,0x20,0xFE,0xF7,0xC3,0xFF,0xA8,0x8B,0xF8,0xBD,0x00,0x00,0xB8,0x1F,0x00,0x20,
    0x00,0x10,0x00,0x40,0x00,0x03,0x00,0x40,0x60,0x12,0x00,0x40,0xF0,0xB5,0x05,0xAC,
    0xE0,0xCC,0x05,0x4C,0x67,0x61,0xA6,0x61,0xE5,0x60,0x23,0x61,0x22,0x60,0x61,0x60,
    0xA0,0x60,0x08,0x98,0xA0,0x77,0xF0,0xBD,0xB8,0x1F,0x00,0x20,0xF8,0xB5,0x05,0x46,
    0x1B,0x49,0x04,0x20,0x03,0xF0,0x1E,0xFD,0x1A,0x48,0x80,0x7F,0x00,0x28,0x15,0xD0,
    0x19,0x4F,0xBE,0x88,0x20,0x20,0xB8,0x80,0x01,0x24,0x25,0x42,0x03,0xD0,0x01,0x21,
    0x20,0x46,0x00,0xF0,0x2F,0xF8,0x60,0x06,0x04,0x0E,0x08,0x2C,0xF5,0xD3,0x02,0x20,
    0xFE,0xF7,0x8C,0xFF,0xBE,0x80,0x0F,0x49,0x00,0x20,0x88,0x77,0x2E,0x46,0x01,0x24,
    0x26,0x42,0x03,0xD0,0x00,0x21,0x20,0x46,0x00,0xF0,0x1C,0xF8,0x60,0x06,0x04,0x0E,
    0x08,0x2C,0xF5,0xD3,0x02,0x20,0xFE,0xF7,0x79,0xFF,0x08,0x48,0x40,0x21,0x01,0x72,
    0x07,0x48,0x00,0x21,0x01,0x71,0xC1,0x78,0x49,0x06,0x49,0x0E,0xC1,0x70,0xF8,0xBD,
    0xB9,0x15,0x00,0x00,0xB8,0x1F,0x00,0x20,0x00,0x10,0x00,0x40,0x00,0x03,0x00,0x40,
    0x60,0x12,0x00,0x40,0xF3,0xB5,0xBF,0xB0,0x20,0x20,0x8D,0x4C,0x00,0x90,0x20,0x68,
    0x43,0x79,0x02,0x79,0x60,0x68,0xC1,0x78,0x80,0x78,0xFE,0xF7,0x1F,0xFE,0x05,0x00,
    0x01,0xD1,0xFF,0x25,0x2D,0x35,0x68,0x08,0x40,0x19,0x80,0xB2,0x03,0x90,0x84,0x48,
    0x40,0x68,0x00,0x79,0x00,0x28,0x01,0xD0,0x03,0x20,0x00,0xE0,0x02,0x20,0xFE,0xF7,
    0x45,0xFF,0x3F,0x98,0x01,0x28,0x09,0xD0,0x7D,0x4F,0x02,0x28,0x24,0xD0,0xB8,0x68,
    0x3A,0x46,0x41,0x78,0x97,0x69,0x4C,0x08,0x00,0x21,0x57,0xE0,0x78,0x4E,0xB0,0x68,
    0x04,0x78,0x41,0x68,0x22,0x46,0x25,0xA8,0xFD,0xF7,0x96,0xFA,0xB0,0x68,0x22,0x46,
    0xC1,0x68,0x30,0xA8,0xFD,0xF7,0x90,0xFA,0x40,0x98,0x00,0x28,0x05,0xD0,0x80,0x22,
    0x21,0x46,0x04,0xA8,0xFD,0xF7,0xA8,0xFA,0x04,0xE0,0x22,0x46,0x04,0xA8,0x71,0x69,
    0xFD,0xF7,0x82,0xFA,0xF0,0x68,0x3E,0xE0,0xB9,0x68,0x69,0x4A,0x48,0x78,0x97,0x69,
    0x44,0x08,0xC0,0x07,0xC0,0x0F,0x24,0x18,0x00,0x20,0x14,0xE0,0x8E,0x68,0x42,0x00,
    0xB6,0x5C,0x25,0xAB,0x1E,0x54,0x0E,0x69,0x30,0xAB,0xB6,0x5C,0x1E,0x54,0x40,0x9E,
    0x00,0x2E,0x03,0xD0,0x80,0x22,0x04,0xAE,0x32,0x54,0x02,0xE0,0xBE,0x5C,0x04,0xAA,
    0x16,0x54,0x40,0x1C,0xC0,0xB2,0xA0,0x42,0xE8,0xD3,0x59,0x48,0x00,0x69,0x1A,0xE0,
    0x4A,0x00,0x86,0x68,0x52,0x1C,0xB6,0x5C,0x25,0xAB,0x5E,0x54,0x06,0x69,0x30,0xAB,
    0xB6,0x5C,0x5E,0x54,0x40,0x9E,0x00,0x2E,0x03,0xD0,0x80,0x22,0x04,0xAE,0x72,0x54,
    0x02,0xE0,0xBE,0x5C,0x04,0xAA,0x56,0x54,0x49,0x1C,0xC9,0xB2,0xA1,0x42,0xE7,0xD3,
    0x4B,0x48,0x00,0x69,0x80,0x1C,0x01,0x90,0x21,0x46,0x25,0xA8,0xFF,0xF7,0x0C,0xFC,
    0x21,0x46,0x30,0xA8,0xFF,0xF7,0xE2,0xFB,0x45,0x48,0x40,0x68,0x80,0x7A,0x02,0x90,
    0x37,0xE0,0x00,0x27,0x22,0x46,0x04,0xA9,0x25,0xA8,0xFF,0xF7,0x23,0xFC,0x40,0x48,
    0x01,0x23,0x00,0x68,0x00,0x22,0x41,0x79,0x00,0x79,0xFE,0xF7,0x97,0xFE,0x22,0x46,
    0x0F,0xA9,0x25,0xA8,0xFF,0xF7,0x06,0xFC,0x40,0x98,0x00,0x28,0x26,0xD0,0x00,0x26,
    0x16,0xE0,0x71,0x00,0x0F,0xA8,0x00,0x95,0x42,0x5A,0x35,0x48,0x03,0x9B,0x00,0x68,
    0x41,0x78,0x04,0xA8,0x80,0x5D,0xFE,0xF7,0x91,0xFD,0x04,0xA9,0x89,0x5D,0x81,0x42,
    0x02,0xD1,0x7F,0x1C,0xFF,0xB2,0x01,0xE0,0x04,0xA9,0x88,0x55,0x76,0x1C,0xF6,0xB2,
    0xA6,0x42,0xE6,0xD3,0xA7,0x42,0x09,0xD0,0x00,0x21,0x01,0x20,0xFF,0xF7,0x14,0xFB,
    0x02,0x98,0x41,0x1E,0xC9,0xB2,0x02,0x91,0x00,0x28,0xC2,0xD1,0x21,0x46,0x25,0xA8,
    0xFF,0xF7,0xAC,0xFB,0x40,0x98,0x00,0x28,0x25,0xD0,0x3F,0x98,0x01,0x28,0x06,0xD0,
    0x02,0x28,0x09,0xD0,0x1E,0x49,0x00,0x20,0x04,0xAD,0x89,0x69,0x18,0xE0,0x1C,0x48,
    0x22,0x46,0x40,0x69,0x04,0xA9,0x26,0xE0,0x19,0x4A,0x00,0x20,0x04,0xA9,0x92,0x69,
    0x04,0xE0,0x0B,0x5C,0x45,0x00,0x40,0x1C,0x53,0x55,0xC0,0xB2,0xA0,0x42,0xF8,0xD3,
    0x41,0xB0,0xF0,0xBD,0x42,0x00,0x2B,0x5C,0x52,0x1C,0x40,0x1C,0x8B,0x54,0xC0,0xB2,
    0xA0,0x42,0xF7,0xD3,0xF4,0xE7,0x0E,0x48,0x00,0x23,0x82,0x8B,0x21,0x46,0x0F,0xA8,
    0xFF,0xF7,0x32,0xFE,0x3F,0x98,0x01,0x28,0x02,0xD0,0x00,0x20,0x0F,0xAA,0x0C,0xE0,
    0x62,0x00,0x0F,0xA9,0x01,0x98,0xFD,0xF7,0xB7,0xF9,0xE1,0xE7,0x41,0x00,0x53,0x5A,
    0x85,0x00,0x01,0x99,0x40,0x1C,0x4B,0x53,0xC0,0xB2,0xA0,0x42,0xF6,0xD3,0xD7,0xE7,
    0xB8,0x1F,0x00,0x20,0x01,0x22,0x82,0x40,0x00,0xB5,0x06,0x48,0xD2,0xB2,0x00,0x29,
    0x01,0xD0,0x02,0x21,0x02,0xE0,0xD1,0x43,0xCA,0xB2,0x03,0x21,0xFF,0xF7,0xF6,0xFA,
    0x00,0xBD,0x00,0x00,0x10,0x03,0x00,0x40,0x02,0x00,0x00,0xB5,0x06,0x48,0x41,0x78,
    0x00,0x78,0x03,0xD0,0xC9,0x07,0xC9,0x17,0x49,0x1C,0x01,0xE0,0xC9,0x07,0xC9,0x0F,
    0xFF,0xF7,0xE0,0xFF,0x00,0xBD,0x00,0x00,0xC0,0x1E,0x00,0x20,0xF8,0xB5,0x21,0x4E,
    0x0D,0x46,0xF1,0x78,0x14,0x46,0xF3,0x68,0xB7,0x69,0x1A,0x78,0x51,0x43,0xC9,0x19,
    0x00,0x28,0x05,0xD0,0x58,0x68,0xFF,0xF7,0x6D,0xFB,0xF0,0x78,0xFF,0xF7,0xBA,0xF9,
    0x00,0x2D,0x0A,0xD0,0x0C,0x20,0x01,0x21,0x89,0x07,0x48,0x80,0x70,0x68,0x00,0x23,
    0x41,0x79,0x00,0x79,0x01,0x22,0xFE,0xF7,0xD9,0xFD,0x00,0x2C,0x1E,0xD0,0x11,0x48,
    0xF4,0x68,0x28,0x30,0x45,0x78,0x60,0x78,0x29,0x46,0x07,0x46,0xFD,0xF7,0x1B,0xFA,
    0x00,0x29,0x14,0xD0,0x68,0x1A,0x40,0x1E,0xF1,0x78,0xC0,0x19,0x88,0x42,0x0D,0xDD,
    0xF0,0x78,0x22,0x78,0x40,0x1C,0xB1,0x69,0x50,0x43,0x41,0x18,0x60,0x68,0xFF,0xF7,
    0x41,0xFB,0xF0,0x78,0x40,0x1C,0xC0,0xB2,0xFF,0xF7,0x8C,0xF9,0xF8,0xBD,0x00,0x20,
    0xE9,0xE7,0x00,0x00,0x84,0x1F,0x00,0x20,0x70,0xB5,0x0C,0x46,0x05,0x46,0x0E,0x49,
    0x08,0x20,0x03,0xF0,0x4F,0xFB,0x0D,0x4B,0x0D,0x48,0x5D,0x71,0x02,0x88,0x69,0x01,
    0x20,0x25,0x2A,0x40,0x88,0x32,0x02,0x80,0xC2,0x13,0x11,0x43,0x01,0x81,0x01,0x88,
    0x08,0x22,0x91,0x43,0x01,0x80,0xAA,0x21,0x81,0x80,0x01,0x88,0x29,0x43,0x01,0x80,
    0x00,0x2C,0x00,0xD0,0xDC,0x60,0x70,0xBD,0xCD,0x70,0x00,0x00,0xC0,0x1E,0x00,0x20,
    0x00,0x02,0x00,0x40,0x70,0xB5,0x1F,0x48,0xCA,0x21,0x01,0x74,0x41,0x74,0x00,0x25,
    0x40,0x06,0xC5,0x80,0x1B,0x49,0x20,0x39,0x8D,0x72,0x01,0x89,0x04,0x22,0x11,0x43,
    0x01,0x81,0x01,0x89,0x08,0x22,0x11,0x43,0x01,0x81,0x41,0x89,0x80,0x22,0x11,0x43,
    0x41,0x81,0x01,0xF0,0x39,0xFB,0x13,0x4C,0x0F,0x3C,0xE6,0x1D,0x00,0x22,0x11,0x46,
    0x20,0x46,0xFF,0xF7,0x53,0xFA,0x02,0x46,0x01,0x21,0x20,0x46,0xFF,0xF7,0x68,0xFA,
    0x64,0x1C,0xB4,0x42,0xF2,0xD9,0x0B,0x4C,0x0A,0x4E,0x20,0x34,0x5B,0x36,0x00,0x22,
    0x01,0x21,0x20,0x46,0xFF,0xF7,0x5C,0xFA,0x64,0x1C,0xB4,0x42,0xF7,0xD9,0x06,0x48,
    0xFF,0x21,0x85,0x71,0xC1,0x71,0x85,0x70,0x01,0x21,0xC1,0x70,0x41,0x71,0xC5,0x60,
    0x70,0xBD,0x00,0x00,0x20,0x03,0x00,0x40,0xC0,0x1E,0x00,0x20,0xFF,0xB5,0x10,0x7B,
    0x91,0x7A,0x91,0xB0,0x40,0x1A,0x40,0x1C,0x0C,0x90,0x50,0x7B,0xD1,0x7A,0x1A,0x9E,
    0x40,0x1A,0x40,0x1C,0x0A,0x90,0x0C,0x98,0x14,0x46,0x02,0x28,0x05,0xDC,0x0A,0x98,
    0x02,0x28,0x02,0xDC,0x00,0x20,0x15,0xB0,0xF0,0xBD,0x0A,0x99,0x0C,0x98,0x45,0x18,
    0x28,0x01,0x41,0x1B,0x18,0x31,0x30,0x46,0xFD,0xF7,0xDD,0xF8,0x0C,0x20,0x68,0x43,
    0x81,0x19,0x0B,0x91,0x0C,0x98,0x08,0x71,0x0B,0x99,0x0A,0x98,0x88,0x72,0x0B,0x99,
    0x68,0x1E,0x08,0x74,0x0B,0x99,0x88,0x75,0x0C,0x98,0x0A,0x99,0x80,0x00,0x80,0x19,
    0x07,0x90,0x89,0x00,0x40,0x18,0x08,0x90,0xE8,0x00,0x80,0x19,0x00,0x1F,0x09,0x90,
    0x0E,0x21,0x11,0x98,0x06,0x96,0x41,0x56,0x00,0x22,0x00,0x91,0x68,0xE0,0xA0,0x7A,
    0x00,0x99,0x80,0x18,0x48,0x43,0xE1,0x7A,0x40,0x18,0x84,0x46,0x00,0x21,0x5B,0xE0,
    0x60,0x46,0x43,0x00,0x12,0x98,0x25,0x78,0x18,0x18,0x40,0x78,0x80,0x06,0x80,0x0E,
    0xA8,0x42,0x01,0xD0,0x15,0x28,0x4B,0xD1,0x12,0x9D,0x00,0x20,0xEB,0x5C,0x14,0x3B,
    0x00,0x2B,0x00,0xDD,0x18,0x46,0x95,0x00,0x06,0x9B,0xAE,0x46,0x5D,0x59,0x01,0x26,
    0x03,0x46,0x36,0x04,0x33,0x43,0xEE,0x18,0x06,0x9F,0x75,0x46,0x7E,0x51,0x8E,0x00,
    0x07,0x9F,0x05,0x96,0xBD,0x59,0xEF,0x18,0x07,0x9D,0xAF,0x51,0x56,0x18,0xB6,0x00,
    0x08,0x9F,0x03,0x96,0xBD,0x59,0xEF,0x18,0x08,0x9D,0xAF,0x51,0x0A,0x9E,0x55,0x1A,
    0xAE,0x19,0xB6,0x00,0x09,0x9F,0x01,0x96,0x36,0x1F,0xBD,0x59,0xEB,0x18,0xBB,0x51,
    0x75,0x46,0x06,0x9B,0xED,0x1C,0x5B,0x5D,0x83,0x42,0x01,0xDA,0x06,0x9B,0x58,0x55,
    0x05,0x9B,0x07,0x9D,0xDB,0x1C,0xED,0x5C,0x85,0x42,0x01,0xDA,0x07,0x9D,0xE8,0x54,
    0x03,0x9B,0x08,0x9D,0xDB,0x1C,0xED,0x5C,0x85,0x42,0x01,0xDA,0x08,0x9D,0xE8,0x54,
    0x01,0x9B,0x09,0x9D,0x5B,0x1E,0xED,0x5C,0x85,0x42,0x01,0xDA,0x09,0x9D,0xE8,0x54,
    0x49,0x1C,0x60,0x46,0x40,0x1C,0x84,0x46,0x0A,0x98,0x81,0x42,0xA0,0xDB,0x52,0x1C,
    0x0C,0x98,0x82,0x42,0x93,0xDB,0x00,0x20,0x46,0x1E,0x02,0x90,0x37,0x46,0x20,0x81,
    0x05,0x46,0x00,0x20,0x01,0xAB,0x00,0x93,0x01,0x90,0xA9,0x00,0x06,0xA8,0x40,0x58,
    0x6A,0xB2,0x1B,0x9B,0x0B,0x99,0x01,0xF0,0x7F,0xF8,0x00,0x28,0x0F,0xDD,0x1B,0x99,
    0x09,0x78,0x09,0x09,0x04,0xD0,0x00,0x2D,0x02,0xD1,0x01,0x99,0x14,0x39,0x01,0x91,
    0x02,0x9A,0x01,0x99,0x91,0x42,0x02,0xDD,0x2E,0x46,0x07,0x46,0x02,0x91,0x21,0x89,
    0x01,0x98,0x81,0x42,0x00,0xDB,0x08,0x46,0x6D,0x1C,0x20,0x81,0x04,0x2D,0xD8,0xDB,
    0x70,0x1C,0x01,0x23,0x00,0x28,0x12,0xD0,0x20,0x89,0x00,0x28,0x0F,0xD0,0x1B,0x99,
    0x06,0x22,0x8A,0x5E,0xFF,0x21,0x24,0x31,0x89,0x1A,0x88,0x42,0x07,0xDB,0xB1,0x00,
    0x06,0xA8,0x41,0x58,0xB8,0x00,0x80,0x1C,0x08,0x5C,0x08,0x28,0x01,0xD3,0xA3,0x70,
    0x20,0xE7,0x0D,0xAB,0x39,0xB2,0x30,0xB2,0x14,0x9A,0x6D,0x46,0x0F,0xC5,0x11,0x98,
    0x0E,0x22,0x0F,0x21,0x82,0x56,0x41,0x56,0x23,0x46,0x12,0x98,0x00,0xF0,0x9E,0xFD,
    0x03,0xB2,0x1B,0x99,0x0D,0xAA,0x68,0x46,0x0E,0xC0,0x22,0x46,0x14,0x9B,0x11,0x99,
    0x12,0x98,0x00,0xF0,0x9F,0xFE,0x06,0xE7,0xF0,0xB5,0x00,0x23,0x1F,0x46,0x0C,0xE0,
    0x05,0x68,0x5E,0x00,0xAD,0x5F,0x3C,0x46,0x6D,0x10,0x00,0x2D,0x03,0xDD,0xFF,0x24,
    0xFF,0x2D,0x00,0xDA,0x2C,0x46,0x8C,0x55,0x5B,0x1C,0x0F,0x24,0x0E,0x25,0x04,0x57,
    0x45,0x57,0x6C,0x43,0x9C,0x42,0xEB,0xDC,0x90,0x79,0x80,0x21,0x08,0x43,0x90,0x71,
    0xF0,0xBD,0xFF,0xB5,0x85,0xB0,0x00,0x21,0x15,0x46,0x1C,0x46,0x08,0x46,0x03,0x93,
    0x13,0xE0,0x0E,0x22,0x42,0x43,0x52,0x19,0x13,0x7B,0x96,0x7A,0xD7,0x7A,0x9B,0x1B,
    0x56,0x7B,0xF6,0x1B,0x9B,0x19,0x9B,0x1C,0x5B,0xB2,0x8B,0x42,0x00,0xDC,0x0B,0x46,
    0x19,0x46,0xFF,0x23,0x40,0x1C,0x53,0x70,0x40,0xB2,0xA0,0x42,0xE9,0xDB,0x00,0x29,
    0x06,0xD0,0x08,0x01,0x40,0x1A,0x18,0x30,0x02,0xF0,0x3A,0xFC,0x02,0x90,0x25,0xE0,
    0x20,0x46,0x09,0xB0,0xF0,0xBD,0x14,0x2C,0x23,0xDA,0x76,0x1E,0x76,0xB2,0x0E,0x20,
    0x70,0x43,0x40,0x19,0x04,0x90,0x80,0x78,0x01,0x28,0x18,0xD0,0x0E,0x20,0x60,0x43,
    0x47,0x19,0x0E,0x21,0x38,0x46,0xFC,0xF7,0x96,0xFF,0x3C,0x70,0x0F,0x9B,0x02,0x9A,
    0x01,0x93,0x00,0x92,0x3B,0x46,0x04,0x9A,0x06,0x99,0x05,0x98,0xFF,0xF7,0x8E,0xFE,
    0x40,0xB2,0x00,0x28,0x03,0xD0,0x01,0xDD,0x64,0x1C,0x64,0xB2,0x26,0x46,0x00,0x2E,
    0xD9,0xD1,0x00,0x21,0x08,0x46,0x09,0xE0,0x0E,0x22,0x42,0x43,0x52,0x19,0x12,0x89,
    0x00,0x2A,0x01,0xD0,0x49,0x1C,0x49,0xB2,0x40,0x1C,0x40,0xB2,0xA0,0x42,0xF3,0xDB,
    0x0E,0x98,0x00,0x22,0x82,0x56,0xA2,0x42,0x2F,0xDD,0x05,0x22,0x82,0x56,0x03,0x98,
    0x82,0x42,0x2A,0xD1,0x0E,0x98,0x04,0x22,0x82,0x56,0x8A,0x42,0x25,0xDA,0x00,0x26,
    0x21,0xE0,0x14,0x2C,0x21,0xDA,0x0E,0x20,0x70,0x43,0x41,0x19,0x08,0x89,0x00,0x28,
    0x17,0xD0,0x0E,0x20,0x60,0x43,0x40,0x19,0x04,0x70,0x0F,0x9A,0x0F,0x9B,0xD2,0x88,
    0x32,0x32,0xDA,0x80,0x0F,0x9B,0x02,0x9A,0x01,0x93,0x00,0x92,0x03,0x46,0x0A,0x46,
    0x06,0x99,0x05,0x98,0xFF,0xF7,0x4A,0xFE,0x40,0xB2,0x00,0x28,0x01,0xD0,0x64,0x1C,
    0x64,0xB2,0x76,0x1C,0x76,0xB2,0xA6,0x42,0xDB,0xDB,0x00,0x21,0x08,0x46,0x09,0xE0,
    0x0E,0x22,0x42,0x43,0x52,0x19,0x12,0x89,0x00,0x2A,0x01,0xD0,0x49,0x1C,0x49,0xB2,
    0x40,0x1C,0x40,0xB2,0xA0,0x42,0xF3,0xDB,0x0E,0x9A,0x03,0x98,0x50,0x71,0x0E,0x98,
    0x01,0x71,0x02,0x98,0x02,0xF0,0x2E,0xFC,0x7A,0xE7,0xFF,0xB5,0x00,0x20,0x89,0xB0,
    0x14,0x9C,0x05,0x90,0x00,0x90,0xA0,0x70,0xA0,0x80,0x94,0x46,0x05,0x46,0x06,0x46,
    0x02,0x46,0x13,0x9F,0x02,0x90,0x03,0x90,0x01,0x90,0x16,0x98,0x0A,0x37,0x00,0x28,
    0x1A,0xD0,0x39,0x78,0x10,0x46,0x4B,0x1E,0x00,0xD4,0x48,0x1E,0x38,0x70,0x78,0x78,
    0x41,0x1E,0x00,0xD4,0x0A,0x46,0x7A,0x70,0xB9,0x78,0x60,0x46,0x40,0x1E,0x4A,0x1C,
    0x82,0x42,0x00,0xDC,0x48,0x1C,0xB8,0x70,0x0C,0x98,0xF9,0x78,0x40,0x1E,0x4A,0x1C,
    0x82,0x42,0x00,0xDC,0x48,0x1C,0xF8,0x70,0x12,0x98,0x39,0x78,0xC0,0x30,0x08,0x90,
    0x9C,0xE0,0x78,0x78,0x95,0xE0,0x0C,0x9A,0x4A,0x43,0x12,0x18,0x53,0x00,0x09,0x9A,
    0x9E,0x46,0xD2,0x5E,0x16,0x9B,0x94,0x46,0x00,0x2B,0x07,0xD0,0x0A,0x9B,0x72,0x46,
    0x9B,0x5C,0x62,0x46,0xD3,0x1A,0x5B,0x00,0x1A,0x46,0x28,0x32,0x04,0x92,0x00,0x2A,
    0x7E,0xDD,0x0A,0x9B,0x13,0x9A,0x73,0x44,0x5B,0x78,0x12,0x78,0x9B,0x06,0x9B,0x0E,
    0x93,0x42,0x01,0xD0,0x14,0x2B,0x73,0xD3,0x0A,0x9B,0x72,0x46,0x9A,0x5C,0x28,0x2A,
    0x02,0xD9,0xA2,0x78,0x52,0x1C,0xA2,0x70,0x13,0x9A,0x92,0x88,0x00,0x2A,0x0A,0xD1,
    0x15,0x9B,0x9A,0x00,0x9A,0x18,0x62,0x45,0x02,0xDA,0x02,0x9A,0x52,0x1C,0x02,0x92,
    0xA2,0x88,0x62,0x44,0xA2,0x80,0x08,0x9A,0xD2,0x68,0x00,0x2A,0x2F,0xD0,0x08,0x9B,
    0x1B,0x69,0x9C,0x46,0x00,0x2B,0x2A,0xD0,0x4B,0x00,0xD2,0x5A,0x43,0x00,0x96,0x46,
    0x62,0x46,0xD3,0x5A,0x72,0x46,0x1A,0x43,0x9C,0x46,0xD2,0x0B,0x06,0xD0,0x72,0x46,
    0x52,0x04,0x52,0x0C,0x96,0x46,0x5A,0x04,0x52,0x0C,0x94,0x46,0x01,0x22,0x04,0x9B,
    0x52,0x02,0x93,0x42,0x00,0xDA,0x1A,0x46,0x05,0x9B,0x93,0x42,0x03,0xDA,0x13,0xB2,
    0x05,0x93,0x21,0x70,0x60,0x70,0x52,0x43,0x00,0x9B,0x06,0x92,0x07,0x92,0xD2,0x18,
    0x00,0x92,0x07,0x9A,0x63,0x46,0x5A,0x43,0x03,0x9B,0x1A,0x41,0x0D,0xE0,0xCA,0x01,
    0x40,0x32,0x92,0xB2,0x96,0x46,0xC2,0x01,0x40,0x32,0x92,0xB2,0xDD,0xE7,0x03,0x9B,
    0x6D,0x08,0x5B,0x1C,0x62,0x46,0x52,0x08,0x03,0x93,0x94,0x46,0x01,0x23,0xAA,0x18,
    0x5B,0x06,0x9A,0x42,0xF3,0xD2,0x06,0x9A,0x73,0x46,0x5A,0x43,0x01,0x9B,0x65,0x44,
    0x1A,0x41,0x06,0xE0,0x0C,0xE0,0x01,0x9A,0x76,0x08,0x52,0x1C,0x01,0x92,0x62,0x46,
    0x52,0x08,0x94,0x46,0xB3,0x18,0x01,0x22,0x52,0x06,0x93,0x42,0xF3,0xD2,0x66,0x44,
    0x40,0x1C,0xFA,0x78,0x82,0x42,0x00,0xDB,0x65,0xE7,0x49,0x1C,0xB8,0x78,0x88,0x42,
    0x00,0xDB,0x5E,0xE7,0xA1,0x78,0x03,0x20,0x03,0x29,0x00,0xD9,0x08,0x46,0xA0,0x70,
    0x00,0x99,0x00,0x29,0x04,0xD0,0x13,0x99,0x89,0x88,0x00,0x29,0x03,0xD0,0x1F,0xE0,
    0x00,0x20,0x0D,0xB0,0xF0,0xBD,0x06,0x21,0x06,0x28,0x00,0xD9,0x01,0x46,0x02,0x9B,
    0xA2,0x88,0x3C,0x20,0x37,0x2B,0x00,0xDA,0x58,0x1D,0x14,0x23,0x58,0x43,0x42,0x43,
    0x15,0x98,0x41,0x43,0x06,0x20,0x41,0x43,0x10,0x46,0xFC,0xF7,0xA8,0xFE,0x01,0x46,
    0x20,0x28,0x05,0xDD,0x80,0x10,0xFF,0x21,0x18,0x30,0xFF,0x28,0x00,0xDA,0x01,0x46,
    0xA1,0x80,0x00,0x99,0x03,0x98,0xC1,0x40,0x28,0x46,0xFC,0xF7,0xB4,0xFE,0x02,0x90,
    0x00,0x99,0x01,0x98,0xC1,0x40,0x30,0x46,0xFC,0xF7,0xAD,0xFE,0x05,0x46,0x40,0x23,
    0x01,0x21,0x12,0x9A,0x02,0x98,0xFD,0xF7,0x21,0xFE,0x20,0x81,0x40,0x23,0x00,0x21,
    0x28,0x46,0x12,0x9A,0xFD,0xF7,0x1A,0xFE,0x60,0x81,0x13,0x98,0x00,0x78,0xE0,0x70,
    0x38,0x88,0xA0,0x81,0x78,0x88,0xE0,0x81,0x04,0x20,0x20,0x5E,0xB9,0xE7,0xFF,0xB5,
    0x00,0x20,0x83,0xB0,0x84,0x46,0x05,0x46,0x04,0x46,0x86,0x46,0x04,0x98,0x03,0x78,
    0x80,0x78,0x01,0x90,0x2F,0xE0,0x04,0x98,0x42,0x78,0xC0,0x78,0x00,0x90,0x26,0xE0,
    0x03,0x98,0x0E,0x21,0x41,0x56,0x00,0x68,0x59,0x43,0x89,0x18,0x4E,0x00,0x81,0x5F,
    0x00,0x29,0x1A,0xDD,0x06,0x9F,0x05,0x98,0xF7,0x19,0x7F,0x78,0xBF,0x06,0xBF,0x0E,
    0x87,0x42,0x01,0xD0,0x15,0x2F,0x10,0xD1,0x60,0x46,0x40,0x18,0x84,0x46,0x71,0x45,
    0x00,0xDD,0x8E,0x46,0x06,0x9F,0xB8,0x5D,0x28,0x28,0x00,0xD9,0x6D,0x1C,0x0C,0x9E,
    0xB7,0x00,0xF0,0x19,0x88,0x42,0x00,0xDA,0x64,0x1C,0x00,0x98,0x52,0x1C,0x90,0x42,
    0xD6,0xDA,0x01,0x98,0x5B,0x1C,0x98,0x42,0xCD,0xDA,0x00,0x20,0x0D,0x9A,0xC0,0x43,
    0x96,0x45,0x1B,0xDB,0x3C,0x22,0x37,0x2C,0x00,0xDA,0x62,0x1D,0x06,0x21,0x06,0x2D,
    0x00,0xDD,0x29,0x46,0x0C,0x98,0x41,0x43,0x06,0x20,0x41,0x43,0x60,0x46,0x50,0x43,
    0x14,0x22,0x50,0x43,0xFC,0xF7,0x23,0xFE,0x01,0x46,0x20,0x28,0x05,0xDD,0x80,0x10,
    0xFF,0x21,0x18,0x30,0xFF,0x28,0x00,0xDA,0x01,0x46,0x08,0x46,0x07,0xB0,0xF0,0xBD,
    0xFF,0xB5,0x88,0x6B,0x99,0xB0,0x0D,0x46,0x00,0x28,0x11,0xD0,0x19,0x98,0x0F,0x21,
    0x41,0x56,0x11,0x91,0x0E,0x21,0x41,0x56,0x08,0x91,0x00,0x68,0x09,0x90,0xEF,0x6B,
    0x0D,0x97,0x00,0x20,0x11,0x9E,0x84,0x46,0x7B,0x7C,0x2C,0x6B,0x4E,0x43,0x0D,0xE0,
    0xE3,0x23,0xDB,0x00,0xB2,0x4A,0xB3,0xA1,0x03,0x20,0x03,0xF0,0xA1,0xFD,0x3F,0xE0,
    0x09,0x99,0x42,0x00,0x89,0x5E,0x99,0x42,0x05,0xDA,0x40,0x1C,0x86,0x42,0xF7,0xDC,
    0x60,0x46,0x00,0x28,0x27,0xD0,0x78,0x7A,0xC0,0x07,0x0F,0xD0,0xA0,0x79,0xC1,0x09,
    0x0C,0xD0,0x42,0x06,0x52,0x0E,0x29,0x46,0x19,0x98,0x00,0xF0,0xFB,0xFC,0xA1,0x79,
    0x40,0x06,0x40,0x0E,0xC9,0x09,0xC9,0x01,0x01,0x43,0xA1,0x71,0x29,0x46,0x1B,0x9A,
    0x19,0x98,0x00,0xF0,0x86,0xFE,0x07,0x1E,0x1C,0xDD,0x01,0x20,0x20,0x56,0x7F,0x28,
    0x01,0xDA,0x40,0x1C,0x60,0x70,0x22,0x46,0xE9,0x6A,0x19,0x98,0xFF,0xF7,0x5C,0xFD,
    0x38,0x46,0x1D,0xB0,0xF0,0xBD,0x00,0x20,0xE9,0x6A,0x20,0x70,0x60,0x71,0xA0,0x79,
    0x22,0x46,0xC0,0x09,0xC0,0x01,0x00,0x1D,0xA0,0x71,0x19,0x98,0xFF,0xF7,0x4C,0xFD,
    0x00,0x20,0xEE,0xE7,0xE8,0x6A,0x06,0x90,0x03,0x46,0x11,0x9A,0x08,0x99,0x09,0x98,
    0x01,0xF0,0xF2,0xF9,0x06,0x98,0x0B,0x90,0x00,0x20,0x01,0x46,0x02,0x90,0x19,0xE0,
    0x06,0x9B,0x4A,0x00,0x09,0x98,0x9B,0x5E,0x80,0x5E,0x5B,0x10,0xC0,0x1A,0x1F,0x23,
    0x14,0x30,0x1B,0x02,0x02,0x28,0x0A,0xDB,0xFF,0x27,0xFF,0x28,0x00,0xDA,0x07,0x46,
    0x1F,0x43,0x3B,0xB2,0x16,0x28,0x02,0xDB,0x02,0x98,0x40,0x1C,0x02,0x90,0x0B,0x98,
    0x49,0x1C,0x83,0x52,0x8E,0x42,0xE3,0xDC,0x08,0x99,0x11,0x98,0x80,0x27,0x40,0x18,
    0x06,0x21,0x48,0x43,0x80,0x28,0x00,0xD9,0x07,0x46,0x38,0x46,0xFF,0x30,0x19,0x30,
    0x02,0xF0,0x8E,0xF9,0x06,0x90,0xFF,0x22,0x80,0x21,0x01,0x90,0xFC,0xF7,0xF4,0xFC,
    0x06,0x98,0xFF,0x21,0xC0,0x19,0x19,0x31,0x0A,0x90,0xFC,0xF7,0xF4,0xFC,0xE8,0x6B,
    0x6A,0x46,0x41,0x7C,0x11,0x75,0x80,0x7C,0x50,0x75,0xE8,0x6B,0x05,0xAB,0xC0,0x7C,
    0x90,0x75,0xE8,0x6B,0x20,0x30,0x00,0x7A,0xD0,0x75,0x00,0x93,0x0A,0x9B,0x01,0x9A,
    0x19,0x99,0x0B,0x98,0x00,0xF0,0xC2,0xFC,0x0C,0x90,0x00,0x28,0x01,0xD1,0x20,0x70,
    0x60,0x70,0x01,0x27,0x06,0x9A,0x00,0x92,0x01,0x97,0x0C,0x9B,0x0A,0x9A,0x19,0x99,
    0x0B,0x98,0x00,0xF0,0xC9,0xF8,0x7F,0x1E,0xF4,0xD5,0x70,0x10,0x5A,0x21,0x5A,0x28,
    0x00,0xDD,0x01,0x46,0xE8,0x6B,0x42,0x7E,0x00,0x2A,0x2C,0xD0,0x02,0x9A,0x8A,0x42,
    0x29,0xDC,0x02,0x7A,0x52,0x06,0xD2,0x0F,0x12,0x01,0x11,0x46,0x6A,0x46,0x11,0x72,
    0xC0,0x7C,0x90,0x72,0xE8,0x6B,0x0A,0x21,0x40,0x7C,0xD0,0x72,0xE8,0x6B,0x40,0x7D,
    0x48,0x43,0x15,0x30,0x2A,0x21,0xFC,0xF7,0x46,0xFD,0x6A,0x46,0x50,0x72,0xE8,0x6B,
    0x19,0x21,0x40,0x7E,0x02,0xAB,0x48,0x43,0xD0,0x81,0xE8,0x6B,0x20,0x30,0x00,0x7A,
    0x10,0x73,0x01,0x93,0x0C,0x98,0x00,0x94,0x43,0xB2,0x0A,0x9A,0x0B,0x99,0x19,0x98,
    0xFF,0xF7,0xC7,0xFC,0x0C,0x90,0xE8,0x6B,0x00,0x26,0x81,0x78,0x0C,0x9A,0x89,0x1C,
    0x0E,0x91,0x31,0x46,0x01,0x2A,0x03,0xD1,0x00,0x7A,0xC0,0x09,0x00,0xD0,0x01,0x21,
    0x00,0x20,0x12,0xAF,0x0F,0x91,0x07,0x90,0x3B,0xE0,0x0E,0x21,0x48,0x43,0x0A,0x99,
    0x40,0x18,0x86,0x46,0x80,0x78,0x00,0x28,0x30,0xD0,0x70,0x46,0x80,0x88,0x00,0x21,
    0x84,0x46,0x0E,0x98,0xC9,0x43,0x86,0x42,0x02,0xDA,0x31,0x46,0x76,0x1C,0x0E,0xE0,
    0x33,0x4A,0x00,0x20,0x06,0xE0,0x43,0x00,0xFB,0x5E,0x93,0x42,0x01,0xDA,0x1A,0x46,
    0x01,0x46,0x40,0x1C,0x0E,0x9B,0x98,0x42,0xF5,0xDB,0x94,0x45,0x16,0xDB,0x4A,0x00,
    0x60,0x46,0xB8,0x52,0xE8,0x6B,0x0F,0x9B,0xC2,0x7C,0x1B,0x98,0x09,0x01,0x09,0x18,
    0x04,0x93,0x70,0x46,0x01,0xAB,0x07,0xC3,0x0D,0x9B,0x08,0x98,0x00,0x93,0x43,0xB2,
    0x11,0x98,0x0B,0x99,0x42,0xB2,0x09,0x98,0xFF,0xF7,0x27,0xFD,0x07,0x98,0x40,0x1C,
    0x07,0x90,0x0C,0x99,0x88,0x42,0xC0,0xDB,0x22,0x46,0x0B,0x99,0x19,0x98,0xFF,0xF7,
    0x53,0xFC,0x00,0x20,0x20,0x56,0xB0,0x42,0x1A,0x48,0x20,0x56,0x16,0xD0,0x03,0x28,
    0x08,0xDA,0x26,0x70,0x02,0x20,0x20,0x56,0xB0,0x42,0x01,0xD1,0xE0,0x78,0x10,0xE0,
    0x00,0x20,0x0E,0xE0,0x02,0x21,0x61,0x56,0xB1,0x42,0x02,0xD1,0xE1,0x78,0x49,0x1C,
    0x01,0xE0,0xA6,0x70,0x00,0x21,0xE1,0x70,0x40,0x10,0x02,0xE0,0x7F,0x28,0x01,0xDA,
    0x40,0x1C,0x60,0x70,0x06,0x98,0x02,0xF0,0x25,0xF9,0x30,0x46,0xD1,0xE6,0x00,0x00,
    0x5B,0x75,0x00,0x00,0x5B,0x25,0x73,0x28,0x29,0x3A,0x25,0x34,0x64,0x5D,0x45,0x3A,
    0x20,0x70,0x61,0x72,0x61,0x6D,0x20,0x69,0x73,0x20,0x6E,0x75,0x6C,0x6C,0x0A,0x00,
    0xFF,0xFF,0x00,0x00,0x01,0x00,0x00,0x00,0xFF,0xB5,0x8F,0xB0,0x12,0x9A,0x18,0x98,
    0x02,0x2A,0x02,0xDA,0x01,0x20,0x13,0xB0,0xF0,0xBD,0x0E,0x25,0x0F,0x22,0x4D,0x57,
    0x8A,0x56,0x03,0x92,0x09,0x68,0x0A,0x91,0x19,0x99,0x01,0x22,0x51,0x1A,0x02,0x91,
    0x19,0x99,0x03,0x9A,0x09,0x91,0x51,0x19,0x4A,0x00,0x8A,0x18,0x00,0x92,0x49,0x00,
    0x0A,0x18,0x01,0x92,0x8A,0x18,0x05,0x90,0x06,0x92,0xFC,0xF7,0xE4,0xFB,0x01,0x20,
    0x08,0x90,0x00,0x20,0xB9,0xE0,0x0E,0x21,0x48,0x43,0x11,0x99,0x46,0x18,0x34,0x46,
    0x08,0x98,0x0A,0x34,0x00,0x28,0x0D,0xD1,0xA0,0x78,0x21,0x78,0x40,0x1A,0x03,0x28,
    0x04,0xDA,0xE0,0x78,0x61,0x78,0x40,0x1A,0x03,0x28,0x7E,0xDB,0x00,0x99,0x01,0x98,
    0xFC,0xF7,0xC9,0xFB,0x0C,0x96,0x21,0x78,0x2F,0xE0,0x60,0x78,0x29,0xE0,0x0C,0x9A,
    0x0F,0x9E,0x13,0x78,0x0A,0x46,0x6A,0x43,0x12,0x18,0x52,0x00,0x96,0x19,0x76,0x78,
    0xB6,0x06,0xB6,0x0E,0xB3,0x42,0x1B,0xD1,0x0A,0x9B,0x9A,0x5E,0x28,0x2A,0x17,0xDB,
    0x08,0x9B,0x01,0x2B,0x02,0x9B,0x20,0xD0,0x09,0x9E,0x4B,0x43,0x46,0x43,0x9B,0x19,
    0x01,0x9E,0x5B,0x00,0xF6,0x5A,0xB2,0x18,0x01,0x9E,0xF2,0x52,0x09,0x9A,0x02,0x9B,
    0x4A,0x43,0x43,0x43,0xD2,0x18,0x06,0x9B,0x06,0x9E,0x9B,0x5C,0x5B,0x1C,0xB3,0x54,
    0x40,0x1C,0xE2,0x78,0x82,0x42,0xD2,0xDA,0x49,0x1C,0xA0,0x78,0x88,0x42,0xCC,0xDA,
    0x08,0x98,0x01,0x28,0x67,0xD0,0x21,0x78,0x62,0xE0,0x09,0x9E,0x4B,0x43,0x46,0x43,
    0x9B,0x19,0x05,0x9E,0x5B,0x00,0xF6,0x5A,0xB2,0x18,0x05,0x9E,0xF2,0x52,0xE7,0xE7,
    0x60,0x78,0x51,0xE0,0x0A,0x46,0x6A,0x43,0x12,0x18,0x96,0x46,0x0C,0x9A,0x0F,0x9E,
    0x13,0x78,0x72,0x46,0x52,0x00,0x0D,0x92,0x92,0x19,0x52,0x78,0x92,0x06,0x92,0x0E,
    0x93,0x42,0x40,0xD1,0x19,0x9B,0x0A,0x46,0xAC,0x46,0x07,0x90,0x01,0x2B,0x02,0xD1,
    0x02,0x46,0x9C,0x46,0x07,0x91,0x05,0x9E,0x53,0x00,0xF7,0x5A,0x01,0x9E,0xF3,0x5A,
    0xFB,0x1A,0x04,0x93,0x64,0x2B,0x2E,0xDD,0x07,0x9E,0x06,0x9B,0x9F,0x5D,0x04,0x2F,
    0x29,0xD9,0x00,0x2A,0x07,0xD0,0x73,0x46,0x66,0x46,0x9B,0x1B,0x5E,0x00,0x0A,0x9B,
    0x9B,0x5F,0x28,0x2B,0x1F,0xDB,0x03,0x9E,0x00,0xE0,0x24,0xE0,0x02,0x9B,0x73,0x43,
    0x09,0x9E,0x6E,0x43,0x9B,0x19,0x5B,0x1E,0x93,0x42,0x06,0xD0,0x72,0x46,0x62,0x44,
    0x53,0x00,0x0A,0x9A,0xD2,0x5E,0x28,0x2A,0x0D,0xDB,0x04,0x9A,0x0F,0x9E,0x7A,0x43,
    0x93,0x11,0x5F,0x10,0x0D,0x9B,0xFF,0x22,0xF3,0x5C,0xFB,0x18,0xFF,0x2B,0x00,0xDA,
    0x1A,0x46,0x0D,0x9B,0xF2,0x54,0x40,0x1C,0xE2,0x78,0x82,0x42,0xAA,0xDA,0x49,0x1C,
    0xA0,0x78,0x88,0x42,0xA4,0xDA,0x0B,0x98,0x40,0x1C,0x12,0x99,0x0B,0x90,0x88,0x42,
    0x00,0xDA,0x40,0xE7,0x08,0x98,0x40,0x1E,0x08,0x90,0x00,0xD4,0x39,0xE7,0x00,0x20,
    0x19,0xE7,0x00,0x00,0xFF,0xB5,0x87,0xB0,0x00,0x20,0x0E,0x46,0x02,0x90,0x59,0x78,
    0x18,0x78,0x09,0x02,0x40,0x18,0x69,0x46,0x88,0x82,0x59,0x78,0x01,0x27,0x18,0x78,
    0x09,0x02,0x40,0x18,0x69,0x46,0x1D,0x46,0xBC,0x46,0xC8,0x82,0x02,0x98,0x0E,0x22,
    0x40,0x00,0x29,0x5C,0x40,0x19,0x00,0x91,0x40,0x78,0x01,0x90,0x02,0x98,0x40,0x1C,
    0x80,0x06,0x80,0x0E,0x02,0x90,0xB2,0x56,0x01,0x98,0x4A,0x43,0x33,0x68,0x10,0x18,
    0x40,0x00,0x19,0x5E,0x11,0x98,0x40,0x78,0x81,0x42,0x3C,0xDB,0x03,0x24,0x01,0x9A,
    0x00,0x99,0xE0,0x07,0x06,0xD0,0x0E,0x20,0x12,0x19,0x30,0x56,0x92,0x1E,0x90,0x42,
    0x2F,0xD9,0x05,0xE0,0x0F,0x20,0x09,0x19,0x30,0x56,0x49,0x1E,0x88,0x42,0x28,0xD9,
    0x0E,0x20,0x30,0x56,0x07,0x9B,0x48,0x43,0x80,0x18,0x40,0x00,0xC3,0x18,0x86,0x46,
    0x03,0x93,0x58,0x78,0x04,0x90,0x83,0x06,0x9B,0x0E,0x14,0x2B,0x19,0xD3,0x07,0x9B,
    0x70,0x46,0x1B,0x5C,0x16,0x2B,0x14,0xD3,0x04,0x98,0x09,0x9B,0x80,0x09,0x9B,0x06,
    0x80,0x01,0x9B,0x0E,0x18,0x43,0x03,0x9B,0x58,0x70,0x60,0x46,0x40,0x00,0x29,0x54,
    0x40,0x19,0x42,0x70,0x05,0xA8,0x02,0xF0,0x4F,0xFD,0x7F,0x1C,0xB8,0x06,0x80,0x0E,
    0x84,0x46,0x64,0x1E,0xC3,0xD5,0x02,0x98,0x60,0x45,0xA7,0xD1,0x11,0x98,0x05,0xA9,
    0x03,0x78,0x82,0x78,0x09,0x98,0x00,0x92,0x01,0x93,0xC2,0xB2,0x30,0x46,0x07,0x9B,
    0xFF,0xF7,0xA5,0xFC,0x04,0x46,0x11,0x98,0xC1,0x78,0xA1,0x42,0x0A,0xDC,0x09,0x98,
    0x0E,0x21,0x48,0x43,0x10,0x99,0x40,0x18,0x81,0x78,0x02,0x29,0x13,0xD1,0x81,0x88,
    0xA1,0x42,0x10,0xDD,0x68,0x46,0xC3,0x7D,0x82,0x7D,0x41,0x7D,0x00,0x7D,0x00,0x94,
    0x01,0xAC,0x0F,0xC4,0x09,0x4B,0x0A,0x4A,0x0A,0xA1,0x01,0x20,0x03,0xF0,0xA8,0xFA,
    0x00,0x20,0x0B,0xB0,0xF0,0xBD,0x69,0x46,0x89,0x8A,0x41,0x81,0x69,0x46,0xC9,0x8A,
    0x81,0x81,0x02,0x21,0x81,0x70,0x84,0x80,0x38,0x46,0xF2,0xE7,0x0D,0x02,0x00,0x00,
    0x36,0x75,0x00,0x00,0x5B,0x25,0x73,0x28,0x29,0x3A,0x25,0x34,0x64,0x5D,0x4B,0x3A,
    0x20,0x6C,0x6F,0x77,0x20,0x70,0x72,0x65,0x73,0x73,0x20,0x25,0x64,0x28,0x25,0x64,
    0x20,0x25,0x64,0x20,0x25,0x64,0x20,0x25,0x64,0x29,0x0A,0x00,0xFF,0xB5,0x89,0xB0,
    0x06,0x46,0x0C,0x98,0x82,0x4B,0x0A,0x30,0x03,0x90,0x82,0x78,0x01,0x78,0x52,0x1A,
    0x52,0x1C,0x00,0x92,0xC2,0x78,0x40,0x78,0x07,0x90,0x12,0x1A,0x52,0x1C,0x0C,0x98,
    0x06,0x92,0x43,0x81,0x0C,0x9A,0x00,0x20,0x90,0x81,0x14,0x9A,0x05,0x46,0x53,0x81,
    0x14,0x9A,0x90,0x81,0x01,0x90,0x14,0x98,0x02,0x91,0x0A,0x30,0x05,0x90,0x5F,0xE0,
    0x00,0x24,0x07,0x9F,0x55,0xE0,0x00,0x20,0x12,0x99,0xC0,0x43,0x00,0x29,0x06,0xD0,
    0x01,0x29,0x06,0xD0,0x02,0x29,0x06,0xD0,0x03,0x29,0x06,0xD0,0x09,0xE0,0x28,0x46,
    0x07,0xE0,0x20,0x46,0x05,0xE0,0x28,0x19,0x03,0xE0,0x06,0x98,0x29,0x1B,0x08,0x18,
    0x40,0x1E,0x0B,0x9A,0x02,0x99,0x0C,0x9B,0x51,0x43,0xC9,0x19,0x49,0x00,0x89,0x19,
    0x4A,0x78,0x1B,0x78,0x96,0x46,0x92,0x06,0x92,0x0E,0x9C,0x46,0x9A,0x42,0x01,0xD0,
    0x15,0x2A,0x2C,0xD1,0x13,0x9B,0x98,0x42,0x17,0xD1,0x01,0x98,0x15,0x9B,0x40,0x00,
    0x02,0x9A,0x1A,0x54,0x15,0x9A,0x01,0x23,0x80,0x18,0x47,0x70,0x01,0x98,0x40,0x1C,
    0x01,0x90,0x48,0x78,0x80,0x09,0x80,0x01,0x15,0x30,0x82,0x06,0x80,0x09,0x92,0x0E,
    0x18,0x43,0x80,0x01,0x02,0x43,0x4A,0x70,0x11,0xE0,0x98,0x42,0x1D,0xDD,0x62,0x45,
    0x08,0xD1,0x14,0x9A,0x70,0x46,0x12,0x78,0x80,0x09,0x80,0x01,0x92,0x06,0x92,0x0E,
    0x10,0x43,0x48,0x70,0x3A,0x46,0x02,0x99,0x05,0x98,0x02,0xF0,0x7D,0xFC,0x64,0x1C,
    0x7F,0x1C,0x06,0x98,0x84,0x42,0xA6,0xDB,0x02,0x98,0x6D,0x1C,0x40,0x1C,0x02,0x90,
    0x00,0x98,0x85,0x42,0x9C,0xDB,0x00,0x20,0x7B,0xE0,0x3A,0x46,0x02,0x99,0x03,0x98,
    0xEB,0xE7,0x40,0x00,0x15,0x99,0x00,0x24,0x03,0x23,0x04,0x90,0x40,0x18,0x02,0x90,
    0x04,0x98,0x25,0x46,0x09,0x5C,0x02,0x98,0x40,0x78,0x84,0x46,0x0F,0x46,0x60,0x46,
    0xDA,0x07,0x05,0xD0,0xC0,0x18,0x0B,0x9A,0x80,0x1E,0x90,0x42,0x1C,0xD2,0x04,0xE0,
    0xCF,0x18,0x0A,0x9A,0x7F,0x1E,0x97,0x42,0x16,0xD2,0x0B,0x9A,0x57,0x43,0x38,0x18,
    0x47,0x00,0xB8,0x19,0x40,0x78,0x0C,0x9A,0x80,0x06,0x12,0x78,0x80,0x0E,0x90,0x42,
    0x03,0xD1,0xF0,0x5D,0x14,0x3C,0x04,0x19,0x06,0xE0,0x14,0x9A,0x12,0x78,0x90,0x42,
    0x02,0xD1,0xF0,0x5D,0x14,0x3D,0x45,0x19,0x5B,0x1E,0xD7,0xD5,0x0B,0x98,0x15,0x27,
    0x48,0x43,0x60,0x44,0x40,0x00,0x30,0x5C,0x62,0x46,0x14,0x38,0xA0,0x42,0x03,0xDD,
    0xA8,0x42,0x01,0xDD,0x1F,0x27,0x0C,0xE0,0xA5,0x42,0x06,0xDB,0x00,0x2D,0x04,0xD0,
    0xAC,0x42,0x04,0xDB,0x00,0x2C,0x02,0xD0,0x03,0xE0,0x0C,0x98,0x00,0xE0,0x14,0x98,
    0x07,0x78,0x0C,0x98,0x00,0x78,0xB8,0x42,0x01,0xD1,0x03,0x98,0x0C,0xE0,0x14,0x98,
    0x00,0x78,0xB8,0x42,0x07,0xD0,0x03,0x98,0x02,0xF0,0x0E,0xFC,0x02,0x98,0x15,0x99,
    0x42,0x78,0x04,0x98,0x09,0x5C,0x05,0x98,0x02,0xF0,0x06,0xFC,0x15,0x99,0x04,0x98,
    0xBA,0x06,0x08,0x5C,0x0B,0x99,0x92,0x0E,0x48,0x43,0x02,0x99,0x49,0x78,0x40,0x18,
    0x40,0x00,0x80,0x19,0x41,0x78,0x89,0x09,0x89,0x01,0x11,0x43,0x41,0x70,0x00,0x98,
    0x40,0x1C,0x01,0x99,0x00,0x90,0x88,0x42,0x83,0xDB,0x08,0x46,0x0D,0xB0,0xF0,0xBD,
    0xFF,0xFF,0x00,0x00,0xFF,0xB5,0x89,0xB0,0x14,0x46,0x1F,0x26,0x12,0x9F,0x02,0x96,
    0x1D,0x46,0xFB,0x78,0xBA,0x78,0x01,0x93,0x00,0x92,0x21,0x46,0x22,0x78,0x0A,0x31,
    0x09,0x9B,0x0A,0x98,0xFF,0xF7,0x43,0xFB,0x07,0x90,0x39,0x79,0x81,0x42,0x02,0xDD,
    0x26,0x78,0x28,0x78,0x02,0x90,0xFB,0x78,0xBA,0x78,0x01,0x93,0x00,0x92,0x29,0x46,
    0x2A,0x78,0x0A,0x31,0x09,0x9B,0x0A,0x98,0xFF,0xF7,0x31,0xFB,0x06,0x90,0x39,0x79,
    0x81,0x42,0x02,0xDD,0x2E,0x78,0x20,0x78,0x02,0x90,0x1F,0x2E,0x7E,0xD0,0xA1,0x7A,
    0xA8,0x7A,0x81,0x42,0x00,0xD3,0x01,0x46,0xE0,0x7A,0xEA,0x7A,0x90,0x42,0x00,0xD3,
    0x10,0x46,0x00,0x90,0x20,0x7B,0x2A,0x7B,0x90,0x42,0x00,0xD8,0x10,0x46,0x01,0x90,
    0x60,0x7B,0x6A,0x7B,0x90,0x42,0x00,0xD8,0x10,0x46,0x03,0x90,0x20,0x78,0x27,0x46,
    0xB0,0x42,0x25,0xD0,0x2F,0x46,0x23,0xE0,0x00,0x98,0x1D,0xE0,0x0A,0x9A,0x0E,0x23,
    0xD3,0x56,0x4B,0x43,0x1A,0x18,0x53,0x00,0x09,0x9A,0x9A,0x18,0x96,0x46,0x52,0x78,
    0x94,0x46,0x92,0x06,0x92,0x0E,0xB2,0x42,0x17,0xD0,0x15,0x2A,0x15,0xD0,0x02,0x9B,
    0x9A,0x42,0x08,0xD1,0x62,0x46,0x23,0x78,0x92,0x09,0x92,0x01,0x9B,0x06,0x9B,0x0E,
    0x1A,0x43,0x73,0x46,0x5A,0x70,0x40,0x1C,0x03,0x9A,0x90,0x42,0xDE,0xDD,0x49,0x1C,
    0x01,0x98,0x81,0x42,0xD8,0xDD,0x00,0x20,0x27,0xE0,0xBA,0x7A,0x8A,0x42,0xF2,0xDC,
    0x3A,0x7B,0x8A,0x42,0xEF,0xDB,0xFA,0x7A,0x82,0x42,0xEC,0xDC,0x7A,0x7B,0x82,0x42,
    0xE9,0xDB,0x62,0x46,0x92,0x09,0x92,0x01,0x1F,0x32,0xE2,0xE7,0x0A,0x99,0x0E,0x22,
    0x8A,0x56,0x13,0x9B,0x41,0x00,0x5B,0x5C,0x5A,0x43,0x13,0x9B,0xC9,0x18,0x49,0x78,
    0x23,0x78,0x51,0x18,0x4A,0x00,0x09,0x99,0x9B,0x06,0x51,0x18,0x4A,0x78,0x9B,0x0E,
    0x92,0x09,0x92,0x01,0x1A,0x43,0x4A,0x70,0x40,0x1C,0x14,0x99,0x88,0x42,0xE5,0xDB,
    0x20,0x78,0xB0,0x42,0x05,0xD1,0x68,0x89,0x60,0x81,0xA8,0x89,0xA0,0x81,0x06,0x98,
    0xA0,0x80,0x7B,0x7B,0x3A,0x7B,0xF9,0x7A,0xB8,0x7A,0x00,0xE0,0x11,0xE0,0x02,0xAF,
    0x0F,0xC7,0x07,0x9B,0x06,0x9A,0x00,0x93,0x01,0x92,0x0D,0x4B,0x0D,0x4A,0x0E,0xA1,
    0x01,0x20,0x03,0xF0,0xBD,0xF8,0x1F,0x2E,0x03,0xD0,0x00,0x20,0xC0,0x43,0x0D,0xB0,
    0xF0,0xBD,0x07,0x98,0xA0,0x80,0x06,0x98,0xA8,0x80,0x20,0x89,0xE8,0x80,0x00,0x20,
    0x20,0x81,0x02,0x20,0xA8,0x70,0x20,0x78,0x68,0x70,0x01,0x20,0xEF,0xE7,0x00,0x00,
    0xEB,0x02,0x00,0x00,0x49,0x75,0x00,0x00,0x5B,0x25,0x73,0x28,0x29,0x3A,0x25,0x34,
    0x64,0x5D,0x4B,0x3A,0x20,0x70,0x31,0x3A,0x25,0x64,0x20,0x70,0x32,0x3A,0x25,0x64,
    0x2C,0x64,0x65,0x6C,0x28,0x25,0x64,0x20,0x25,0x64,0x20,0x25,0x64,0x20,0x25,0x64,
    0x29,0x0A,0x00,0x00,0xF8,0xB5,0x0F,0x23,0xCD,0x6A,0xC3,0x56,0x04,0x68,0x0E,0x27,
    0x00,0x93,0xC7,0x57,0xC8,0x6B,0x04,0x26,0x20,0x30,0x41,0x7E,0x80,0x7E,0x08,0x18,
    0x01,0x01,0x09,0x1A,0xB4,0x20,0x40,0x1A,0x04,0x28,0x00,0xDD,0x06,0x46,0x00,0x2A,
    0x07,0xD0,0x20,0x2E,0x05,0xDD,0xB2,0x42,0x03,0xDA,0x50,0x01,0x80,0x1A,0x80,0x19,
    0x46,0x11,0x01,0x20,0x31,0x46,0x80,0x02,0xFC,0xF7,0xC1,0xF8,0x01,0x21,0x09,0x03,
    0x8E,0x46,0x00,0x99,0x00,0x23,0x79,0x43,0x8C,0x46,0x18,0xE0,0x29,0x78,0x00,0x22,
    0xA2,0x5E,0x4F,0x00,0xBA,0x1A,0x11,0x46,0x42,0x43,0x92,0x11,0x4A,0x43,0x42,0x43,
    0x12,0x14,0x10,0xD0,0x04,0x2A,0x00,0xDD,0x04,0x22,0x49,0x42,0x4A,0x43,0x71,0x46,
    0x4A,0x43,0x92,0x13,0xD1,0x19,0x21,0x80,0xA4,0x1C,0xAD,0x1C,0x5B,0x1C,0x9C,0x45,
    0xE4,0xDC,0xF0,0xB2,0xF8,0xBD,0x01,0x22,0xEF,0xE7,0x00,0x00,0xFF,0xB5,0x00,0x26,
    0x83,0xB0,0x34,0x46,0x37,0x46,0x4A,0xE0,0x00,0x25,0x42,0xE0,0x78,0x43,0x40,0x19,
    0x03,0x99,0x40,0x00,0x09,0x5C,0x28,0x29,0x3A,0xD3,0x04,0x99,0x09,0x68,0x0A,0x5E,
    0x0C,0x99,0x49,0x78,0x8A,0x42,0x33,0xDB,0x03,0x99,0x40,0x18,0x41,0x78,0x89,0x06,
    0x89,0x0E,0x14,0x29,0x2C,0xD3,0x05,0x99,0xA2,0x06,0x0F,0x70,0x05,0x99,0x92,0x0E,
    0x4D,0x70,0x41,0x78,0x89,0x09,0x89,0x01,0x11,0x43,0x41,0x70,0x0E,0x20,0x06,0x99,
    0x60,0x43,0x0C,0x54,0x06,0x9A,0x0C,0x9B,0x00,0x92,0x01,0x93,0x03,0xA8,0x0B,0xC8,
    0x62,0xB2,0xFF,0xF7,0xCF,0xFC,0x00,0x28,0x12,0xD0,0x76,0x1C,0x0C,0x2E,0x0E,0xDB,
    0x10,0x4A,0x00,0x20,0x0E,0x21,0x06,0x9B,0x41,0x43,0xC9,0x18,0x89,0x88,0x91,0x42,
    0x01,0xDA,0x0A,0x46,0x04,0x46,0x40,0x1C,0x0C,0x28,0xF3,0xDB,0x00,0xE0,0x34,0x46,
    0x6D,0x1C,0x04,0x99,0x0E,0x20,0x08,0x56,0xA8,0x42,0xB7,0xDC,0x7F,0x1C,0x04,0x98,
    0x0F,0x21,0x41,0x56,0xB9,0x42,0xAF,0xDC,0x0C,0x20,0x0C,0x2E,0x00,0xDA,0x30,0x46,
    0x07,0xB0,0xF0,0xBD,0xFF,0x7F,0x00,0x00,0xFF,0xB5,0x10,0x46,0x06,0x21,0x91,0xB0,
    0x48,0x43,0x12,0x99,0x0E,0x90,0x40,0x18,0x04,0x21,0x0C,0x90,0x41,0x56,0x01,0x20,
    0x14,0x46,0x02,0x2A,0x00,0xDB,0x00,0x20,0x00,0x25,0x08,0x18,0xED,0x43,0x03,0x28,
    0x02,0xDC,0x28,0x46,0x15,0xB0,0xF0,0xBD,0x01,0x2C,0x06,0xDD,0x14,0x98,0xC2,0x78,
    0x11,0x98,0x00,0xF0,0x4B,0xF9,0x02,0x2C,0x02,0xDA,0x14,0x98,0x41,0x78,0x04,0xE0,
    0x14,0x98,0x2D,0x21,0x40,0x78,0x48,0x43,0x81,0x09,0x01,0x20,0x80,0x04,0x0A,0x91,
    0xFC,0xF7,0x0D,0xF8,0x00,0x27,0x00,0x26,0x0B,0x90,0xFF,0x43,0x11,0x98,0x03,0x97,
    0x09,0x96,0x00,0x88,0x06,0x96,0x0F,0x96,0x01,0x90,0x05,0x96,0x01,0x20,0x07,0x97,
    0x00,0x90,0x0C,0x98,0x08,0x97,0x04,0x21,0x41,0x56,0x34,0x46,0x04,0x91,0x78,0xE0,
    0x88,0x00,0x11,0x99,0x00,0x9A,0x41,0x18,0x20,0x39,0x89,0x8B,0x4D,0x42,0x04,0x99,
    0x91,0x42,0x02,0xDD,0x11,0x99,0x08,0x5A,0x45,0x19,0x01,0x98,0x68,0x43,0x00,0x28,
    0x51,0xDA,0x01,0x99,0x10,0x46,0x48,0x43,0x09,0x99,0x69,0x43,0x40,0x1A,0x0A,0x99,
    0x48,0x43,0x01,0x99,0x49,0x1B,0xFB,0xF7,0xDA,0xFF,0x02,0x90,0x03,0x98,0x40,0x1C,
    0x24,0xD0,0x78,0x1C,0x25,0xD0,0x03,0x99,0x02,0x98,0x40,0x1A,0x0F,0x99,0x88,0x42,
    0x33,0xDD,0x0F,0x90,0x0B,0x98,0x03,0x99,0x07,0x91,0x78,0x43,0x02,0x99,0x80,0x14,
    0x08,0x91,0x81,0x00,0x11,0x98,0x42,0x5A,0x00,0x2A,0x32,0xD0,0xA6,0x42,0x02,0xDD,
    0x66,0x40,0x74,0x40,0x66,0x40,0x14,0x98,0x00,0x78,0x00,0x07,0x0B,0xD0,0x14,0x21,
    0x14,0x2A,0x0F,0xD9,0x3C,0x21,0x3C,0x2A,0x0B,0xD3,0x0B,0xE0,0x02,0x98,0x03,0x90,
    0x19,0xE0,0x02,0x9F,0x1A,0xE0,0x28,0x21,0x28,0x2A,0x03,0xD9,0xFA,0x21,0xFA,0x2A,
    0x00,0xD2,0x11,0x46,0x8C,0x42,0x00,0xDB,0x0C,0x46,0x30,0x19,0x80,0x00,0xF2,0x00,
    0x80,0x18,0xFB,0xF7,0x9C,0xFF,0x06,0x97,0x05,0x90,0x00,0x27,0xFF,0x43,0x02,0x98,
    0x00,0x26,0x34,0x46,0x03,0x90,0x03,0x98,0x40,0x1C,0x07,0xD0,0x78,0x1C,0x03,0xD0,
    0x06,0xE0,0x7D,0x20,0xC0,0x00,0xEE,0xE7,0x76,0x1B,0x02,0xE0,0x78,0x1C,0x00,0xD0,
    0x64,0x19,0x00,0x2D,0x02,0xD0,0x00,0x98,0x01,0x95,0x09,0x90,0x00,0x98,0x40,0x1C,
    0x00,0x90,0x00,0x99,0x04,0x98,0x88,0x42,0x82,0xDA,0x06,0x98,0x0B,0x99,0x40,0x00,
    0x40,0x1C,0x48,0x43,0xC0,0x14,0x11,0x99,0x82,0x00,0x51,0x18,0x89,0x78,0x00,0x29,
    0x1C,0xD0,0x12,0x9B,0x0E,0x9A,0x07,0x99,0x99,0x52,0x0C,0x9A,0x08,0x99,0x51,0x80,
    0x0A,0x9A,0x0F,0x99,0x53,0x00,0xD2,0x18,0x8A,0x42,0x00,0xDC,0x11,0x46,0x05,0x9B,
    0x01,0x22,0x4B,0x43,0x92,0x02,0x9C,0x10,0x94,0x42,0x00,0xDA,0x22,0x46,0x1A,0x9C,
    0x0F,0x2B,0x22,0x60,0x02,0xDB,0x0F,0x29,0x00,0xDB,0x2B,0xE7,0x00,0x20,0xC0,0x43,
    0x28,0xE7,0xF7,0xB5,0x0C,0x46,0xCD,0x6B,0x2D,0x21,0x4A,0x5D,0x21,0x46,0x20,0x31,
    0x8E,0xB0,0x00,0x2A,0x03,0xD0,0x08,0x22,0x8A,0x56,0x0A,0x2A,0x02,0xDB,0x00,0x20,
    0x08,0x72,0x2E,0xE0,0x52,0x1C,0x0A,0x72,0x45,0x21,0x49,0x5D,0x1E,0x29,0x28,0xD8,
    0x0F,0x21,0x41,0x56,0x06,0x91,0x0E,0x21,0x41,0x56,0x05,0x91,0x00,0x68,0x08,0x90,
    0xE0,0x6A,0x07,0x90,0xA8,0x7C,0x0E,0x46,0x43,0x08,0x06,0x99,0x00,0x20,0x71,0x43,
    0x8C,0x46,0x11,0xE0,0x08,0x9E,0x41,0x00,0x76,0x5E,0x01,0x27,0x76,0x10,0x3A,0x46,
    0x9E,0x42,0x00,0xDA,0x00,0x22,0x07,0x9E,0x71,0x5C,0x99,0x42,0x00,0xDA,0x00,0x27,
    0xD1,0x19,0x01,0x29,0x05,0xD0,0x40,0x1C,0x84,0x45,0xEB,0xDC,0x00,0x27,0x3E,0x46,
    0x36,0xE0,0x00,0x20,0xC0,0x43,0x11,0xB0,0xF0,0xBD,0x31,0x46,0x44,0x22,0xA0,0x6B,
    0x51,0x43,0x42,0x56,0x00,0x2A,0x2A,0xDD,0x4A,0x1C,0x80,0x5C,0x00,0x28,0x26,0xD1,
    0x09,0x90,0x0A,0x90,0x0B,0x90,0x0C,0x90,0x01,0x20,0x08,0xAA,0x90,0x71,0x0A,0x46,
    0xA0,0x6B,0x0F,0x32,0x83,0x5C,0x08,0xAA,0x13,0x71,0x18,0x31,0x40,0x18,0x01,0x88,
    0x6A,0x46,0xD1,0x85,0x40,0x88,0x10,0x86,0xE0,0x6B,0x00,0x23,0xC2,0x7C,0x10,0x98,
    0x39,0x01,0x09,0x18,0x04,0x93,0x09,0xA8,0x00,0x95,0x01,0xAB,0x07,0xC3,0x05,0x9B,
    0x06,0x9A,0x07,0x99,0x08,0x98,0xFE,0xF7,0x38,0xFF,0x7F,0x1C,0x7F,0xB2,0x76,0x1C,
    0xE0,0x6B,0x80,0x78,0xB0,0x42,0xC8,0xDC,0x38,0x46,0xC4,0xE7,0xF8,0xB5,0x04,0x46,
    0x00,0x20,0x0E,0x46,0x84,0x46,0x4B,0x1E,0x0A,0xE0,0x81,0x00,0x0D,0x19,0xE9,0x78,
    0xED,0x79,0xA9,0x42,0x03,0xD3,0x91,0x42,0x01,0xD9,0x84,0x46,0x02,0xE0,0x40,0x1C,
    0xB0,0x42,0xF2,0xDB,0x75,0x1E,0x0B,0xE0,0xA8,0x00,0x07,0x19,0xF9,0x78,0x20,0x3F,
    0xFF,0x7F,0xB9,0x42,0x03,0xD3,0x91,0x42,0x01,0xD9,0x2B,0x46,0x02,0xE0,0x6D,0x1E,
    0x00,0x2D,0xF1,0xDC,0xFF,0x20,0xF5,0x30,0x00,0x25,0x61,0x46,0x09,0xE0,0x8A,0x00,
    0x12,0x19,0xD2,0x78,0x82,0x42,0x00,0xDA,0x10,0x46,0xAA,0x42,0x00,0xDD,0x15,0x46,
    0x49,0x1C,0x99,0x42,0xF3,0xDD,0x14,0x21,0x14,0x28,0x03,0xDD,0x64,0x21,0x64,0x28,
    0x00,0xDA,0x01,0x46,0x28,0x1A,0x0A,0x22,0x50,0x43,0xFB,0xF7,0x90,0xFE,0x80,0x1C,
    0x00,0x90,0x0A,0x28,0x1F,0xDA,0x81,0x1C,0x01,0x20,0x00,0x27,0x25,0x88,0x00,0x04,
    0xFB,0xF7,0x85,0xFE,0x03,0x46,0x00,0x20,0x71,0x1E,0x8C,0x46,0x11,0xE0,0x39,0x46,
    0x2F,0x46,0x60,0x45,0x01,0xD1,0x00,0x25,0x02,0xE0,0x82,0x00,0x12,0x19,0x95,0x88,
    0x00,0x9A,0x49,0x19,0x7A,0x43,0x51,0x18,0x59,0x43,0x09,0x0C,0x82,0x00,0xA1,0x52,
    0x40,0x1C,0xB0,0x42,0xEB,0xDB,0xF8,0xBD,0x08,0x49,0x00,0x20,0x08,0x60,0x48,0x60,
    0xC8,0x60,0x88,0x60,0x08,0x61,0x48,0x61,0x08,0x39,0x08,0x70,0xC8,0x70,0x88,0x70,
    0x48,0x70,0x08,0x71,0x48,0x71,0x62,0xB6,0x70,0x47,0x00,0x00,0xA8,0x1E,0x00,0x20,
    0xF8,0xB5,0x21,0x4C,0xF0,0x20,0xA0,0x70,0x00,0x20,0x20,0x71,0x60,0x71,0xE0,0x71,
    0xA0,0x71,0x1E,0x48,0x05,0x21,0x00,0x7A,0x20,0x72,0x1D,0x48,0xC0,0x78,0xE0,0x70,
    0x20,0x1D,0x00,0xF0,0x3F,0xFB,0x20,0x70,0x00,0x0A,0x60,0x70,0x17,0x48,0x19,0x49,
    0x40,0x38,0x02,0xF0,0xE9,0xFB,0x17,0x48,0x00,0x24,0x60,0x30,0x00,0x90,0x1F,0xE0,
    0x15,0x49,0x14,0x4F,0x0D,0x68,0x66,0x00,0x69,0x7F,0x2A,0x7F,0xB8,0x5B,0x09,0x02,
    0x11,0x43,0x48,0x43,0x0D,0x49,0x40,0x39,0x09,0x8B,0xFB,0xF7,0x28,0xFE,0xB8,0x53,
    0xE9,0x7F,0xF6,0x19,0xAA,0x7F,0xB0,0x8F,0x09,0x02,0x11,0x43,0x48,0x43,0x07,0x49,
    0x40,0x39,0x49,0x8B,0xFB,0xF7,0x1B,0xFE,0xB0,0x87,0x64,0x1C,0x00,0x98,0xE4,0xB2,
    0x00,0x7E,0xA0,0x42,0xDC,0xD8,0xF8,0xBD,0x1A,0x01,0x00,0x20,0x64,0x04,0x00,0x20,
    0xD4,0x02,0x00,0x20,0x1C,0x1D,0x00,0x20,0x1C,0x04,0x00,0x20,0xF7,0xB5,0x88,0xB0,
    0x09,0x99,0x10,0x01,0x08,0x43,0x51,0x49,0x17,0x46,0xC8,0x70,0x09,0x98,0xC0,0x19,
    0x07,0x90,0x0D,0xD0,0xFF,0x20,0x88,0x70,0x4D,0x48,0x00,0x24,0x00,0x68,0x06,0x90,
    0x4C,0x4A,0x10,0x30,0x05,0x90,0x50,0x8B,0x02,0x90,0x10,0x8B,0x01,0x90,0x74,0xE0,
    0x00,0x20,0x88,0x70,0x0B,0xB0,0xF0,0xBD,0x14,0x21,0x08,0x9A,0x61,0x43,0x8E,0x18,
    0x70,0x78,0x40,0x06,0x40,0x0E,0x01,0x28,0x08,0xD0,0xE0,0x19,0x82,0x00,0x82,0x18,
    0x3E,0x48,0x10,0x18,0x02,0x7A,0x12,0x07,0x12,0x0F,0x0B,0xE0,0xB0,0x78,0x01,0x28,
    0x69,0xD0,0xE0,0x19,0x82,0x00,0x82,0x18,0x38,0x48,0x10,0x18,0x02,0x7A,0x12,0x07,
    0x12,0x0F,0x20,0x32,0x02,0x72,0xE0,0x19,0x82,0x00,0x82,0x18,0x33,0x48,0x15,0x18,
    0x08,0x9A,0x28,0x7A,0x51,0x5C,0x00,0x09,0x09,0x07,0x00,0x01,0x09,0x0F,0x08,0x43,
    0x28,0x72,0x06,0x99,0x0E,0x20,0x4A,0x7F,0x0B,0x7F,0x11,0x02,0x30,0x5E,0x19,0x43,
    0x48,0x43,0x04,0x91,0x01,0x99,0xFB,0xF7,0xB2,0xFD,0x80,0xB2,0x00,0x90,0x05,0x99,
    0x0C,0x20,0xCA,0x7B,0x8B,0x7B,0x11,0x02,0x30,0x5E,0x19,0x43,0x48,0x43,0x03,0x91,
    0x02,0x99,0xFB,0xF7,0xA4,0xFD,0x24,0x49,0x80,0xB2,0x09,0x78,0x00,0x29,0x10,0xD0,
    0x0A,0x20,0x30,0x5E,0x04,0x99,0x48,0x43,0x01,0x99,0xFB,0xF7,0x98,0xFD,0x80,0xB2,
    0x00,0x90,0x08,0x20,0x30,0x5E,0x03,0x99,0x48,0x43,0x02,0x99,0xFB,0xF7,0x8F,0xFD,
    0x80,0xB2,0x00,0x99,0x29,0x71,0x00,0x9A,0x68,0x71,0x12,0x05,0x12,0x0F,0x11,0x07,
    0x00,0x09,0xF0,0x22,0x09,0x0F,0x10,0x40,0x01,0x43,0xE9,0x71,0xF0,0x88,0xFF,0x28,
    0x00,0xD9,0xFF,0x20,0x64,0x1C,0xA8,0x71,0x64,0xB2,0x09,0x98,0x84,0x42,0x8B,0xDB,
    0x07,0x98,0x0A,0x4C,0x81,0x00,0x41,0x18,0x20,0x1D,0x00,0xF0,0x6B,0xFA,0x20,0x70,
    0x00,0x0A,0x60,0x70,0x7E,0xE7,0xE0,0x19,0x82,0x00,0x82,0x18,0x03,0x48,0x10,0x18,
    0x02,0x7A,0x12,0x07,0x12,0x0F,0x10,0x32,0x94,0xE7,0x00,0x00,0x1A,0x01,0x00,0x20,
    0x1C,0x04,0x00,0x20,0x24,0x04,0x00,0x20,0xD4,0x02,0x00,0x20,0x00,0x29,0x02,0xD0,
    0x00,0x69,0x02,0x49,0xC1,0x60,0x00,0x20,0x70,0x47,0x00,0x00,0x4B,0x0E,0x00,0x00,
    0xFF,0xB5,0x85,0xB0,0x05,0x46,0x01,0x20,0x07,0x99,0x10,0x9E,0x48,0x55,0x00,0x24,
    0x17,0xE0,0x08,0x98,0x00,0x5D,0x00,0x28,0x12,0xD1,0x0E,0x98,0x69,0x00,0x42,0x5E,
    0x0F,0x99,0x60,0x00,0x09,0x5E,0x52,0x18,0x12,0x99,0x69,0x43,0x09,0x19,0x4B,0x00,
    0x11,0x99,0xC9,0x5A,0x52,0x1A,0x0A,0xD0,0x31,0x5E,0x91,0x42,0x00,0xDD,0x32,0x52,
    0x64,0x1C,0x12,0x98,0x84,0x42,0xE4,0xDB,0x00,0x20,0x09,0xB0,0xF0,0xBD,0x08,0x99,
    0x01,0x20,0x08,0x55,0x06,0x98,0x07,0x57,0x78,0x1C,0x0F,0xD0,0x12,0x9B,0x0F,0x98,
    0x11,0x9A,0x04,0x93,0x01,0x90,0x0E,0x9B,0x02,0x96,0x03,0x92,0x00,0x93,0x06,0xA9,
    0x0E,0xC9,0x38,0x46,0xFF,0xF7,0xC4,0xFF,0x00,0x28,0xE1,0xD0,0x06,0x98,0x05,0x55,
    0x01,0x20,0xE2,0xE7,0xF0,0xB5,0xA1,0x48,0x87,0xB0,0x2B,0x21,0x01,0x70,0x00,0x26,
    0x9F,0x4D,0x46,0x70,0x28,0x68,0xFF,0x30,0xA1,0x30,0x40,0x7C,0x01,0xF0,0x66,0xFE,
    0x00,0x20,0xFE,0xF7,0xC1,0xFA,0x29,0x68,0x9A,0x48,0xFF,0x31,0x04,0x6D,0xFF,0x31,
    0x98,0x22,0x02,0x31,0x98,0x48,0xFB,0xF7,0x4F,0xFC,0x58,0x22,0x96,0x49,0x97,0x48,
    0xFB,0xF7,0x4A,0xFC,0x95,0x48,0x96,0x49,0x86,0x72,0x06,0x77,0x30,0x20,0x48,0x70,
    0x92,0x48,0x01,0x27,0x18,0x30,0x05,0x90,0x08,0x46,0x20,0x30,0x04,0x90,0xF0,0xE0,
    0x8A,0x48,0x01,0x78,0x08,0x46,0x20,0x38,0x10,0x28,0x77,0xD8,0x87,0x4D,0x2B,0x29,
    0x01,0xD0,0xF0,0x21,0x69,0x70,0x03,0x00,0xFB,0xF7,0xC4,0xFC,0x0B,0x07,0x0B,0x15,
    0x18,0x39,0x3C,0x11,0x89,0x9B,0xA8,0xB1,0x93,0x00,0x84,0x48,0x07,0x21,0x81,0x73,
    0x01,0xE0,0x82,0x48,0x86,0x73,0xE8,0x78,0x21,0x46,0x00,0xF0,0xD7,0xF9,0xAF,0x70,
    0xFC,0x20,0x68,0x70,0xB3,0xE0,0xFD,0xF7,0x1B,0xF9,0x89,0xE0,0x77,0x48,0xC0,0x78,
    0x00,0x28,0x0F,0xD0,0x7B,0x4D,0x23,0x46,0x2A,0x78,0xA9,0x69,0xE8,0x68,0xFC,0xF7,
    0xE5,0xFF,0x28,0x78,0x6A,0x78,0x40,0x00,0x69,0x69,0x03,0x19,0x28,0x69,0xFC,0xF7,
    0xDD,0xFF,0x3E,0xE0,0x6F,0x4D,0x23,0x46,0x2A,0x78,0xE9,0x69,0xE8,0x68,0xFC,0xF7,
    0xD5,0xFF,0x28,0x78,0x6A,0x78,0x40,0x00,0x03,0x19,0xA9,0x69,0xEE,0xE7,0x02,0x20,
    0xA8,0x70,0x7E,0xE0,0xE8,0x78,0x00,0x28,0x31,0xD0,0x6A,0x49,0xC8,0x69,0x09,0x78,
    0x02,0x90,0x42,0x18,0x48,0x00,0x00,0x94,0x01,0x92,0x03,0x19,0x03,0x97,0x63,0x4A,
    0x64,0x48,0x05,0x99,0xFE,0xF7,0xC2,0xF8,0x60,0x48,0x81,0x78,0x00,0x7E,0xFE,0xF7,
    0x63,0xF8,0x00,0x90,0x07,0x20,0xFE,0xF7,0xC9,0xF8,0x58,0x48,0xC0,0x78,0x00,0x28,
    0x22,0xD0,0x5C,0x4D,0x20,0x46,0x2A,0x78,0xEB,0x69,0x00,0x99,0x01,0xF0,0x70,0xFE,
    0x28,0x78,0xE9,0x69,0x6A,0x78,0x0B,0x18,0x40,0x00,0x00,0x19,0x00,0x99,0x01,0xF0,
    0x67,0xFE,0x4E,0x48,0xFC,0x21,0x87,0x70,0x41,0x70,0x58,0xE0,0x21,0xE0,0x4D,0x48,
    0x01,0xAB,0xC1,0x6B,0xC2,0x6C,0x86,0xC3,0x00,0x94,0x00,0x78,0x4B,0x4A,0x40,0x00,
    0x03,0x19,0x48,0x48,0x05,0x99,0xCD,0xE7,0x46,0x4D,0x20,0x46,0x2A,0x78,0xEB,0x6C,
    0x00,0x99,0x01,0xF0,0x4D,0xFE,0x6A,0x78,0x28,0x78,0xEB,0x6B,0xDC,0xE7,0x02,0x20,
    0xA8,0x70,0x6E,0x70,0x2B,0x20,0x28,0x70,0x00,0x22,0x21,0x21,0x10,0x46,0x02,0xF0,
    0x99,0xFC,0x3A,0x48,0x81,0x78,0x02,0x29,0x23,0xD0,0x40,0x78,0xFC,0x28,0x2E,0xD0,
    0x43,0xE0,0x37,0x48,0x00,0x68,0xFF,0x30,0xC1,0x30,0x00,0x7B,0x01,0x21,0x0B,0xE0,
    0x02,0x20,0xA8,0x70,0x2B,0x20,0x28,0x70,0x6E,0x70,0x36,0xE0,0x30,0x48,0x00,0x21,
    0x00,0x68,0xFF,0x30,0xC1,0x30,0x00,0x7B,0xFE,0xF7,0xD4,0xF9,0xF0,0xE7,0x78,0x20,
    0xFC,0xF7,0x1A,0xFE,0xFD,0xF7,0x98,0xF8,0x00,0x21,0x01,0x20,0xFD,0xF7,0x8C,0xFC,
    0xFA,0xE7,0x26,0x4D,0x68,0x78,0xFC,0x28,0x1F,0xD1,0x01,0x20,0xFE,0xF7,0xD4,0xF9,
    0x05,0x20,0xFC,0xF7,0x09,0xFE,0x00,0x20,0xFE,0xF7,0xCE,0xF9,0xDA,0xE7,0x04,0x98,
    0x86,0x70,0x01,0x20,0xFE,0xF7,0xC8,0xF9,0x1D,0x48,0x00,0x68,0xFF,0x30,0xF1,0x30,
    0x41,0x7A,0x02,0x7A,0x08,0x02,0x10,0x43,0x02,0xF0,0x3A,0xFC,0x00,0x20,0xFE,0xF7,
    0xBB,0xF9,0x16,0x48,0x2B,0x21,0x01,0x70,0x46,0x70,0x00,0x21,0x01,0x20,0xFD,0xF7,
    0x63,0xFC,0x17,0x48,0x00,0x78,0x11,0x28,0x00,0xD1,0x09,0xE7,0x10,0x48,0x98,0x22,
    0x01,0x68,0x11,0x48,0x0C,0x46,0xFF,0x31,0xFF,0x31,0x02,0x31,0xFB,0xF7,0x3C,0xFB,
    0x58,0x22,0x0D,0x49,0x0D,0x48,0xFB,0xF7,0x37,0xFB,0x0D,0x48,0x31,0x0A,0x86,0x72,
    0xC1,0x72,0x04,0x99,0xFF,0x34,0x4F,0x71,0x06,0x72,0x31,0x0A,0x41,0x72,0xA1,0x34,
    0x20,0x7C,0x01,0xF0,0x33,0xFD,0x07,0xB0,0xF0,0xBD,0x00,0x00,0xDE,0x02,0x00,0x20,
    0x1C,0x04,0x00,0x20,0xC8,0x01,0x00,0x20,0x43,0x03,0x00,0x20,0xEB,0x02,0x00,0x20,
    0xB4,0x02,0x00,0x20,0x60,0x02,0x00,0x20,0xFF,0xB5,0x81,0xB0,0x00,0x24,0x33,0xE0,
    0x20,0x46,0x48,0x43,0x01,0x9A,0x40,0x00,0x83,0x18,0x04,0x9A,0x9C,0x46,0x85,0x18,
    0x02,0x20,0x00,0x22,0x18,0x5E,0x9A,0x5E,0x43,0x00,0x93,0x42,0x02,0xDA,0x53,0x00,
    0xD3,0x18,0x00,0xE0,0x53,0x00,0x1B,0x18,0x2B,0x80,0x01,0x23,0x4E,0x1E,0x00,0x96,
    0x0D,0xE0,0x46,0x00,0xB6,0x18,0x02,0x46,0x58,0x00,0x67,0x46,0x86,0x46,0xC7,0x19,
    0x02,0x20,0x38,0x5E,0x37,0x18,0x76,0x46,0xAF,0x53,0x00,0x9E,0x5B,0x1C,0xB3,0x42,
    0xEF,0xDB,0x56,0x00,0x86,0x42,0x02,0xDA,0x46,0x00,0x80,0x19,0x00,0xE0,0x40,0x00,
    0x80,0x18,0x5A,0x00,0xA8,0x52,0x64,0x1C,0x03,0x98,0x84,0x42,0xC8,0xDB,0x00,0x25,
    0x30,0xE0,0x04,0x98,0x6A,0x00,0x14,0x18,0x48,0x00,0x00,0x22,0x20,0x5E,0xA2,0x5E,
    0x43,0x00,0x93,0x42,0x02,0xDA,0x53,0x00,0xD3,0x18,0x00,0xE0,0x53,0x00,0x1B,0x18,
    0x1B,0x11,0x23,0x80,0x03,0x9E,0x0B,0x46,0x76,0x1E,0x4E,0x43,0xB4,0x46,0x0B,0xE0,
    0x46,0x00,0xB2,0x18,0x17,0xB2,0x02,0x46,0x5E,0x18,0x70,0x00,0x20,0x5E,0x3F,0x18,
    0x3F,0x11,0x5B,0x00,0xE7,0x52,0x33,0x46,0x9C,0x45,0xF1,0xDC,0x56,0x00,0x86,0x42,
    0x02,0xDA,0x46,0x00,0x80,0x19,0x00,0xE0,0x40,0x00,0x80,0x18,0x00,0x11,0x5A,0x00,
    0xA0,0x52,0x6D,0x1C,0x8D,0x42,0xCC,0xDB,0x05,0xB0,0xF0,0xBD,0xF8,0xB5,0x16,0x46,
    0x02,0x7F,0x1F,0x46,0x92,0x06,0x01,0xD4,0x00,0x20,0xF8,0xBD,0xC8,0x25,0x00,0x29,
    0x0D,0xD0,0xFF,0x23,0x48,0x22,0x13,0x54,0x00,0x69,0x06,0x4A,0x02,0x61,0x0C,0x46,
    0x41,0x63,0xC8,0x21,0x20,0x46,0xFB,0xF7,0xB6,0xFA,0x27,0x61,0xE6,0x60,0x28,0x46,
    0xF8,0xBD,0x00,0x00,0xE1,0x06,0x00,0x00,0x10,0xB5,0x00,0x23,0x1A,0x46,0xFF,0xF7,
    0xDD,0xFF,0x10,0xBD,0x10,0xB5,0x00,0x29,0x06,0xD1,0x84,0x88,0x0C,0x4B,0xA2,0x18,
    0x9A,0x42,0x00,0xDA,0x13,0x46,0x83,0x80,0x42,0x78,0x00,0x2A,0x07,0xD0,0x01,0x2A,
    0x04,0xD1,0x81,0x88,0x05,0x29,0x01,0xD3,0x02,0x21,0x41,0x70,0x10,0xBD,0x01,0x29,
    0xFC,0xD1,0x41,0x70,0x00,0x21,0x01,0x70,0xC1,0x80,0x81,0x80,0x10,0xBD,0x00,0x00,
    0xFF,0xFF,0x00,0x00,0x03,0x46,0x10,0xB5,0x55,0x20,0x00,0x22,0x03,0xE0,0x9C,0x5C,
    0x20,0x18,0x80,0xB2,0x52,0x1C,0x8A,0x42,0xF9,0xDB,0x10,0xBD,0x06,0x48,0x80,0x69,
    0x01,0x79,0x04,0x29,0x03,0xD0,0x03,0x29,0x03,0xD0,0x1B,0x30,0x70,0x47,0x80,0x1D,
    0x70,0x47,0x12,0x30,0x70,0x47,0x00,0x00,0xD8,0x1F,0x00,0x20,0xFE,0xB5,0x04,0x46,
    0x0F,0x46,0x01,0x20,0xFD,0xF7,0x66,0xFA,0x01,0x20,0x1A,0x4A,0x1A,0x49,0x1B,0x4D,
    0x1B,0x4E,0x00,0x2C,0x1F,0xD0,0xD2,0x6C,0xF3,0x69,0x01,0x92,0x00,0x93,0x02,0x90,
    0x0A,0x46,0x3B,0x46,0x08,0x3A,0x30,0x46,0xFD,0xF7,0x2C,0xF9,0x12,0x48,0x00,0x23,
    0x08,0x38,0x81,0x78,0x00,0x7A,0x02,0x22,0xFD,0xF7,0x72,0xF8,0x00,0x90,0x01,0x20,
    0xFD,0xF7,0x10,0xFA,0x00,0x2C,0x10,0xD0,0x32,0x78,0xF3,0x69,0x38,0x46,0x00,0x99,
    0x01,0xF0,0xBE,0xFC,0xFE,0xBD,0x92,0x6C,0xEB,0x6A,0x01,0x92,0x06,0x4A,0x00,0x93,
    0x02,0x90,0x3B,0x46,0x08,0x3A,0x05,0x48,0xDE,0xE7,0x2A,0x78,0x68,0x78,0xEB,0x6A,
    0x42,0x43,0xEB,0xE7,0x78,0x01,0x00,0x20,0xF3,0x02,0x00,0x20,0xC8,0x01,0x00,0x20,
    0x60,0x02,0x00,0x20,0x10,0xB5,0x05,0x48,0x00,0x69,0x00,0x28,0x00,0xD0,0x80,0x47,
    0x02,0x48,0x08,0x38,0x01,0x79,0x49,0x1C,0x01,0x71,0x10,0xBD,0xA8,0x1E,0x00,0x20,
    0x03,0x49,0x02,0x48,0xC8,0x60,0xBF,0xF3,0x40,0x8F,0xFE,0xE7,0x04,0x00,0xFA,0x05,
    0x00,0xED,0x00,0xE0,0x70,0xB5,0x05,0x46,0x00,0x24,0x18,0x20,0x60,0x43,0x42,0x19,
    0x14,0x32,0x50,0x68,0x00,0x28,0x05,0xD0,0x10,0x20,0x10,0x5E,0x41,0x00,0xD0,0x68,
    0xFB,0xF7,0x01,0xFA,0x64,0x1C,0x05,0x2C,0xEF,0xDB,0x70,0xBD,0xF7,0xB5,0x88,0x69,
    0x85,0xB0,0x84,0x46,0x05,0x98,0x0F,0x25,0x0E,0x23,0x45,0x57,0xC3,0x56,0xCF,0x69,
    0x0C,0x6A,0x00,0x26,0x00,0x96,0x01,0x96,0x96,0x46,0x89,0x6A,0x01,0x22,0x8A,0x56,
    0x02,0x92,0x02,0x22,0x8A,0x56,0x5D,0x43,0x03,0x92,0x28,0x19,0x72,0x46,0x00,0x2A,
    0x01,0xD1,0x28,0x4A,0x02,0x92,0x03,0x22,0x8A,0x56,0x91,0x10,0x04,0x91,0x71,0x46,
    0x00,0x29,0x39,0xD1,0x23,0x4B,0x37,0xE0,0x05,0x99,0x0E,0x22,0x8A,0x56,0x9A,0x42,
    0x01,0xD1,0x00,0x23,0x28,0xE0,0x00,0x21,0x61,0x56,0x32,0x31,0x65,0x29,0x02,0xD3,
    0x00,0x21,0x01,0x70,0x20,0xE0,0x62,0x46,0x00,0x21,0x51,0x5E,0x00,0x22,0xBA,0x5E,
    0x89,0x1A,0x02,0x9A,0x91,0x42,0x02,0xDC,0x03,0x9A,0x91,0x42,0x02,0xDA,0x01,0x99,
    0x49,0x1C,0x01,0x91,0x00,0x21,0x41,0x56,0x7F,0x22,0x8E,0x46,0x49,0x1C,0x7F,0x29,
    0x01,0xDA,0x72,0x46,0x52,0x1C,0x51,0xB2,0x01,0x70,0x04,0x9A,0x76,0x1C,0x91,0x42,
    0x02,0xDB,0x00,0x99,0x49,0x1C,0x00,0x91,0x61,0x46,0x89,0x1C,0x6D,0x1E,0x5B,0x1C,
    0x64,0x1C,0x40,0x1C,0x8C,0x46,0xBF,0x1C,0x00,0x2D,0xC5,0xD1,0x00,0x99,0x00,0x20,
    0x8E,0x42,0x05,0xD1,0x03,0x2E,0x03,0xDD,0x01,0x99,0x02,0x29,0x00,0xDD,0x01,0x20,
    0x08,0xB0,0xF0,0xBD,0x10,0x27,0x00,0x00,0x78,0xB5,0x06,0x46,0x00,0x25,0x18,0x20,
    0x68,0x43,0x84,0x19,0x14,0x34,0x62,0x68,0x00,0x2A,0x07,0xD0,0x10,0x23,0xE3,0x5E,
    0x00,0x93,0xE3,0x68,0xA1,0x68,0x20,0x68,0xFC,0xF7,0xBB,0xF8,0x6D,0x1C,0x05,0x2D,
    0xED,0xDB,0x78,0xBD,0xFE,0xB5,0x49,0x4E,0xF0,0x79,0xC0,0x07,0x08,0xD0,0xF0,0x79,
    0x00,0x06,0x01,0xD5,0x10,0x20,0xF0,0x71,0x45,0x49,0xA0,0x20,0x88,0x80,0xFE,0xBD,
    0xB0,0x79,0x44,0x4D,0xCF,0x21,0x2C,0x46,0x08,0x40,0x20,0x34,0x21,0x7A,0x01,0x28,
    0x38,0xD0,0x05,0x28,0x12,0xD0,0x00,0x27,0x09,0x28,0x75,0xD1,0xA7,0x71,0x30,0x78,
    0x00,0x06,0x08,0xD4,0x00,0x29,0x06,0xD0,0x70,0x88,0x29,0x69,0xC0,0x05,0x00,0x0E,
    0x88,0x47,0x00,0x28,0x68,0xD0,0x70,0x88,0xC0,0x07,0x0B,0xD0,0xE0,0x79,0x00,0x28,
    0x15,0xD0,0x28,0x8C,0x69,0x8C,0x88,0x42,0x11,0xD3,0xA9,0x8C,0x88,0x42,0x0E,0xD2,
    0xE8,0x68,0x10,0xE0,0x2F,0x84,0x20,0x7A,0x00,0x28,0x01,0xD0,0x68,0x69,0x80,0x47,
    0xE0,0x79,0x00,0x28,0x01,0xD0,0x68,0x68,0x80,0x47,0x10,0x20,0x08,0xE0,0x20,0x7A,
    0x00,0x28,0x02,0xD0,0xE8,0x69,0x80,0x47,0x00,0xE0,0xA5,0x20,0x70,0x80,0x14,0x20,
    0xB0,0x71,0xFE,0xBD,0x21,0x48,0x40,0x88,0x22,0x4A,0xC0,0xB2,0x00,0x90,0xA7,0x79,
    0x27,0x20,0x01,0x97,0x80,0x5C,0x96,0x8C,0x86,0x46,0x50,0x8C,0x93,0x69,0x84,0x46,
    0x10,0x8C,0x92,0x68,0x02,0x2F,0x1C,0xD2,0x00,0x06,0x00,0x9F,0x00,0x0C,0x38,0x43,
    0x77,0x46,0x28,0x84,0x00,0x2F,0x0C,0xD0,0x01,0x9F,0x00,0x2F,0x09,0xD0,0x60,0x45,
    0x07,0xD3,0xB0,0x42,0x05,0xD2,0x00,0x0A,0x90,0x47,0xA9,0x68,0x00,0x98,0x88,0x47,
    0x03,0xE0,0x00,0x29,0x01,0xD0,0x00,0x98,0x98,0x47,0xA0,0x79,0x40,0x1C,0xA0,0x71,
    0x0D,0xE0,0x74,0x46,0x00,0x2C,0x06,0xD0,0x60,0x45,0x04,0xD3,0xB0,0x42,0x02,0xD2,
    0x00,0x98,0x90,0x47,0x03,0xE0,0x00,0x29,0x01,0xD0,0x00,0x98,0x98,0x47,0x03,0x49,
    0x10,0x20,0x88,0x71,0xFE,0xBD,0xFF,0xE7,0xB7,0x71,0xFB,0xE7,0x00,0x20,0x00,0x40,
    0x00,0x02,0x00,0x40,0x10,0x1F,0x00,0x20,0x10,0xB5,0x05,0x48,0x40,0x68,0x00,0x28,
    0x00,0xD0,0x80,0x47,0x02,0x48,0x08,0x38,0x41,0x78,0x49,0x1C,0x41,0x70,0x10,0xBD,
    0xA8,0x1E,0x00,0x20,0xF0,0xB5,0x17,0x48,0x89,0xB0,0x00,0x68,0xFF,0x30,0xA1,0x30,
    0x42,0x7E,0x41,0x7F,0x01,0x92,0x00,0x91,0x83,0x7E,0xC2,0x7E,0x01,0x7F,0x00,0x7E,
    0xFC,0xF7,0xFE,0xFD,0x10,0x48,0x01,0x27,0x01,0x1D,0x1A,0xC9,0x02,0x68,0x08,0x92,
    0xA4,0x46,0x07,0x91,0x10,0x30,0x72,0xC8,0x0A,0x48,0x9E,0x46,0x00,0x68,0x30,0x22,
    0x43,0x7E,0x00,0x7E,0x1B,0x02,0x03,0x43,0x06,0x97,0x68,0x46,0x72,0xC0,0x04,0x93,
    0x05,0x92,0x63,0x46,0x72,0x46,0x07,0x99,0x08,0x98,0xFC,0xF7,0x4D,0xFE,0x09,0xB0,
    0xF0,0xBD,0x00,0x00,0x1C,0x04,0x00,0x20,0xCC,0x73,0x00,0x00,0x0A,0x49,0x0B,0x48,
    0x0A,0x6D,0x02,0x60,0x4A,0x6D,0x42,0x60,0x8A,0x6D,0x82,0x60,0x08,0x4A,0xC2,0x60,
    0x00,0x22,0x02,0x74,0x42,0x74,0x07,0x48,0x00,0x68,0x20,0x30,0x02,0x7C,0x4A,0x75,
    0x40,0x7C,0x08,0x75,0x70,0x47,0x00,0x00,0xC8,0x01,0x00,0x20,0x8C,0x1E,0x00,0x20,
    0x1A,0x01,0x00,0x20,0x1C,0x04,0x00,0x20,0x70,0xB5,0x00,0x24,0x18,0x4D,0x19,0x4E,
    0x08,0xE0,0x00,0x19,0x20,0x30,0x00,0x7D,0xFC,0xF7,0x9C,0xFB,0xA9,0x69,0x08,0x55,
    0x64,0x1C,0xE4,0xB2,0x30,0x68,0x30,0x21,0x09,0x5C,0xA1,0x42,0xF1,0xD8,0x00,0x24,
    0x08,0xE0,0x00,0x19,0x60,0x30,0x00,0x7A,0xFC,0xF7,0x8C,0xFB,0xE9,0x69,0x08,0x55,
    0x64,0x1C,0xE4,0xB2,0x30,0x68,0x31,0x21,0x09,0x5C,0xA1,0x42,0xF1,0xD8,0x01,0x46,
    0x20,0x31,0x4A,0x7C,0x2A,0x70,0x09,0x7C,0x69,0x70,0xE9,0x69,0x69,0x60,0xA9,0x69,
    0xA9,0x60,0x01,0x46,0x68,0x31,0x34,0x30,0xE9,0x60,0x28,0x61,0x70,0xBD,0x00,0x00,
    0xC8,0x01,0x00,0x20,0x1C,0x04,0x00,0x20,0x70,0xB5,0x15,0x4C,0x10,0x20,0x20,0x70,
    0x20,0x20,0x60,0x70,0x00,0x21,0x07,0x20,0xFD,0xF7,0x2E,0xF9,0xA0,0x70,0xFF,0x20,
    0x60,0x77,0x10,0x48,0x18,0x22,0x05,0x68,0xFF,0x20,0xB1,0x30,0x40,0x5D,0x20,0x77,
    0x0D,0x48,0x81,0x78,0x20,0x46,0x20,0x30,0x01,0x71,0x01,0x21,0x41,0x71,0xA9,0x18,
    0x0A,0x48,0xFB,0xF7,0x01,0xF8,0x09,0x49,0x09,0x48,0x18,0x31,0xFB,0xF7,0x38,0xF8,
    0x29,0x46,0x40,0x22,0xA8,0x31,0x07,0x48,0xFA,0xF7,0xF6,0xFF,0x70,0xBD,0x00,0x00,
    0xB4,0x02,0x00,0x20,0x1C,0x04,0x00,0x20,0xEB,0x02,0x00,0x20,0xDA,0x00,0x00,0x20,
    0x01,0x00,0x02,0x02,0xDB,0x03,0x00,0x20,0x7C,0xB5,0x22,0x4D,0x20,0x20,0x68,0x70,
    0xFD,0xF7,0xC8,0xFE,0x20,0x4C,0x21,0x4E,0xE1,0x1D,0xFF,0x31,0x98,0x22,0xFA,0x31,
    0x1F,0x48,0x34,0x60,0xFA,0xF7,0xD8,0xFF,0x58,0x22,0x1D,0x49,0x1D,0x48,0xFA,0xF7,
    0xD3,0xFF,0xFF,0x34,0xC1,0x34,0x61,0x7B,0x20,0x7B,0x01,0x22,0xFC,0xF7,0xB4,0xFD,
    0xFF,0xF7,0x20,0xFF,0xFC,0xF7,0xF8,0xF8,0xFB,0xF7,0xF6,0xFB,0x01,0xF0,0xD6,0xF8,
    0xFB,0xF7,0x7D,0xFF,0xFF,0xF7,0xA0,0xFF,0xFF,0xF7,0x66,0xFF,0x30,0x68,0xFF,0x30,
    0xA1,0x30,0x41,0x7D,0x00,0x20,0xFD,0xF7,0xCF,0xF8,0x0F,0x48,0x0D,0x49,0x00,0x6A,
    0x34,0x31,0x00,0x91,0x01,0x90,0x0C,0x4B,0x0A,0x4A,0x2C,0x39,0x0B,0x48,0xFD,0xF7,
    0xB3,0xF9,0x28,0x7F,0x00,0x21,0xFD,0xF7,0x67,0xFE,0xFF,0xF7,0x2F,0xFF,0xFB,0xF7,
    0xEF,0xF8,0x7C,0xBD,0xB4,0x02,0x00,0x20,0x00,0x8C,0x00,0x00,0x1C,0x04,0x00,0x20,
    0x43,0x03,0x00,0x20,0xEB,0x02,0x00,0x20,0xC8,0x01,0x00,0x20,0x7C,0x01,0x00,0x20,
    0x70,0xB5,0x09,0x24,0xA4,0x03,0x01,0x21,0x05,0x78,0x11,0xE0,0x06,0x22,0x4A,0x43,
    0x12,0x18,0x83,0x8A,0x96,0x8A,0xD2,0x8A,0x9B,0x1B,0xC6,0x8A,0x5B,0x43,0xB2,0x1A,
    0x52,0x43,0x9A,0x18,0xA2,0x42,0x02,0xDD,0x00,0x20,0xC0,0x43,0x70,0xBD,0x49,0x1C,
    0x8D,0x42,0xEB,0xDC,0x00,0x20,0x70,0xBD,0xFF,0xB5,0x83,0xB0,0x69,0x46,0x88,0x89,
    0x09,0x8A,0x8E,0x46,0x88,0x42,0x02,0xD2,0x02,0x46,0x0B,0x46,0x01,0xE0,0x0A,0x46,
    0x03,0x46,0x6C,0x46,0xA1,0x8A,0x24,0x8B,0xA4,0x46,0xA1,0x42,0x02,0xD2,0x0C,0x46,
    0x65,0x46,0x00,0xE0,0x0D,0x46,0xA3,0x42,0x42,0xD3,0x95,0x42,0x40,0xD3,0x6B,0x46,
    0xDA,0x89,0x5B,0x8A,0x00,0x93,0x9A,0x42,0x02,0xD2,0x17,0x46,0x1E,0x46,0x01,0xE0,
    0x1F,0x46,0x16,0x46,0x6C,0x46,0xE3,0x8A,0x64,0x8B,0x01,0x94,0xA3,0x42,0x02,0xD2,
    0x1C,0x46,0x01,0x9D,0x00,0xE0,0x1D,0x46,0xA6,0x42,0x29,0xD3,0xBD,0x42,0x27,0xD3,
    0x01,0x9C,0xD6,0x1A,0xE7,0x1A,0x64,0x46,0x64,0x1A,0x45,0x1A,0x66,0x43,0x7D,0x43,
    0x02,0x94,0xAD,0x1B,0x74,0x46,0x66,0x1A,0x00,0x9C,0x7E,0x43,0xE7,0x1A,0x02,0x9C,
    0x67,0x43,0xF4,0x1B,0x65,0x40,0x00,0x2D,0x12,0xDC,0x0C,0x1A,0x00,0x99,0x9D,0x1A,
    0x73,0x46,0x89,0x1A,0x1B,0x1A,0x4C,0x43,0x5D,0x43,0x64,0x1B,0x65,0x46,0x28,0x1A,
    0x48,0x43,0x01,0x99,0x89,0x1A,0x59,0x43,0x40,0x1A,0x44,0x40,0x00,0x2C,0x02,0xDD,
    0x00,0x20,0x07,0xB0,0xF0,0xBD,0x01,0x20,0xFB,0xE7,0x00,0x00,0xFE,0xB5,0x02,0x46,
    0x2F,0x48,0x00,0x24,0x01,0x7D,0x01,0x25,0x27,0x23,0x40,0x7D,0x27,0x46,0x26,0x46,
    0xA4,0x46,0xDB,0x43,0x8E,0x46,0x00,0x90,0x16,0xE0,0x00,0x21,0x0D,0xE0,0x00,0x20,
    0x10,0x5E,0x28,0x28,0x02,0xDD,0xC7,0x19,0x76,0x1C,0x03,0xE0,0x98,0x42,0x01,0xDA,
    0x04,0x19,0x6D,0x1C,0x92,0x1C,0x49,0x1C,0xC9,0xB2,0x8E,0x45,0xEF,0xD8,0x60,0x46,
    0x40,0x1C,0xC0,0xB2,0x84,0x46,0x00,0x98,0x60,0x45,0xE6,0xD8,0x00,0x2D,0x04,0xDD,
    0x29,0x46,0x20,0x46,0xFA,0xF7,0x8B,0xFF,0x00,0xE0,0x00,0x20,0x72,0x19,0x00,0x90,
    0x01,0x92,0xF0,0x00,0x29,0x46,0xFA,0xF7,0x82,0xFF,0x01,0x9A,0x15,0x49,0x46,0x2A,
    0x03,0xDD,0x32,0x28,0x01,0xDA,0x0A,0x20,0x05,0xE0,0x48,0x7C,0x00,0x28,0x03,0xD0,
    0x3C,0x2A,0x01,0xDA,0x40,0x1E,0x48,0x74,0x0F,0x48,0x84,0x42,0x05,0xDA,0x00,0x2C,
    0x00,0xDC,0x64,0x42,0x64,0x37,0xBC,0x42,0x0D,0xDC,0x4F,0x20,0x00,0x99,0xC0,0x43,
    0x81,0x42,0x01,0xDA,0x00,0x2E,0x06,0xD0,0x14,0x2D,0x06,0xDD,0x81,0x42,0x04,0xDA,
    0x0A,0x36,0xAE,0x42,0x01,0xDA,0x01,0x20,0xFE,0xBD,0x00,0x20,0xFE,0xBD,0x00,0x00,
    0xC8,0x01,0x00,0x20,0x8C,0x1E,0x00,0x20,0x0C,0xFE,0xFF,0xFF,0xFF,0xF7,0xC4,0xFE,
    0x0A,0x4C,0x20,0x78,0x10,0x28,0x04,0xD0,0x11,0x28,0xFA,0xD1,0xFF,0xF7,0x3A,0xFA,
    0xF7,0xE7,0x00,0xF0,0xCB,0xFD,0x00,0xF0,0x6D,0xFC,0x00,0xF0,0x31,0xFE,0x00,0xF0,
    0x2F,0xFD,0x00,0xF0,0x79,0xFC,0x00,0xF0,0xE5,0xFD,0xEA,0xE7,0xB4,0x02,0x00,0x20,
    0x03,0x68,0x0B,0x60,0x01,0x68,0xD2,0x1C,0x89,0x18,0x89,0x08,0x89,0x00,0x01,0x60,
    0x70,0x47,0x00,0x00,0xFF,0xB5,0x87,0xB0,0x11,0x98,0x12,0x99,0x00,0x28,0x0E,0xD0,
    0x0A,0x98,0x00,0x28,0x0B,0xD0,0x11,0x9A,0x90,0x42,0x00,0xDC,0x10,0x46,0xC7,0xB2,
    0x88,0x8F,0x20,0x31,0x02,0x90,0xC8,0x7D,0x00,0x26,0x05,0x90,0x5F,0xE0,0x00,0x20,
    0x0B,0xB0,0xF0,0xBD,0x00,0x25,0x57,0xE0,0x11,0x98,0x86,0x42,0x02,0xDA,0x0A,0x98,
    0x85,0x42,0x01,0xDB,0x30,0x49,0x58,0xE0,0x10,0x98,0x44,0x21,0x80,0x5D,0x48,0x43,
    0x08,0x99,0x44,0x18,0x09,0x98,0x29,0x01,0x08,0x18,0x80,0x68,0x01,0x90,0x68,0x46,
    0xC0,0x88,0x00,0x90,0x68,0x46,0x80,0x88,0x01,0x90,0x61,0x8E,0x20,0x8E,0x00,0x9B,
    0x01,0x9A,0x00,0xF0,0x2B,0xFE,0x03,0x90,0xE1,0x8A,0xA0,0x8A,0x00,0x9B,0x01,0x9A,
    0x00,0xF0,0x24,0xFE,0x04,0x90,0xE3,0x8A,0xA2,0x8A,0x61,0x8E,0x20,0x8E,0x00,0xF0,
    0x1D,0xFE,0x04,0x46,0x02,0x99,0x03,0x98,0x88,0x42,0x1D,0xDB,0x04,0x98,0x88,0x42,
    0x1A,0xDB,0x10,0x98,0x44,0x21,0x80,0x5D,0x01,0x22,0x48,0x43,0x08,0x99,0x05,0x9B,
    0x41,0x18,0x89,0x78,0xC9,0x09,0x05,0xD1,0x08,0x99,0x08,0x56,0x58,0x43,0x32,0x28,
    0x00,0xDB,0x00,0x22,0x01,0x93,0x00,0x92,0x20,0x46,0x02,0x9B,0x03,0x9A,0x04,0x99,
    0x00,0xF0,0x76,0xF8,0x00,0x28,0x0E,0xD0,0x31,0x46,0x79,0x43,0x49,0x19,0x4A,0x00,
    0x07,0x99,0x03,0x98,0x88,0x52,0x6D,0x1C,0xBD,0x42,0xA5,0xDB,0x76,0x1C,0xBE,0x42,
    0xA0,0xDB,0x38,0x46,0x9C,0xE7,0x04,0x49,0x49,0x1E,0x30,0x46,0x78,0x43,0x40,0x19,
    0x42,0x00,0x07,0x98,0x81,0x52,0xEE,0xE7,0xFF,0x7F,0x00,0x00,0xF3,0xB5,0x81,0xB0,
    0x02,0x98,0x00,0x27,0x40,0x1E,0x00,0x90,0x30,0xE0,0x38,0x46,0x44,0x21,0x48,0x43,
    0x01,0x99,0x09,0x56,0x01,0x29,0x26,0xDD,0x01,0x99,0x45,0x18,0x01,0x20,0x28,0x56,
    0x00,0x28,0x20,0xDC,0x78,0x1C,0x46,0xB2,0x1A,0xE0,0x30,0x46,0x44,0x21,0x48,0x43,
    0x01,0x99,0x09,0x56,0x01,0x29,0x11,0xDD,0x01,0x99,0x44,0x18,0x01,0x20,0x20,0x56,
    0x00,0x28,0x0B,0xDC,0x63,0x69,0x22,0x6A,0x69,0x69,0x28,0x6A,0xFF,0xF7,0x64,0xFE,
    0x00,0x28,0x03,0xD0,0x68,0x69,0x61,0x69,0x69,0x61,0x60,0x61,0x76,0x1C,0x76,0xB2,
    0x02,0x98,0x86,0x42,0xE1,0xDB,0x7F,0x1C,0x00,0x98,0x7F,0xB2,0x87,0x42,0xCC,0xDB,
    0xFE,0xBD,0x00,0x00,0x10,0xB5,0x00,0x29,0x0A,0xD0,0x04,0x69,0xE0,0x6B,0x81,0x78,
    0x44,0x20,0x41,0x43,0xA0,0x6B,0xFA,0xF7,0xE6,0xFD,0x00,0x20,0x41,0x1E,0x06,0xE0,
    0x00,0x20,0x10,0xBD,0x44,0x22,0x42,0x43,0xA3,0x6B,0x40,0x1C,0x99,0x54,0xE2,0x6B,
    0x92,0x78,0x82,0x42,0xF6,0xDC,0x01,0x48,0xA0,0x60,0xF1,0xE7,0x91,0x55,0x00,0x00,
    0xF8,0xB5,0x04,0x00,0x07,0x9F,0x06,0x98,0x15,0x46,0x1E,0x46,0x01,0xD0,0x00,0x28,
    0x04,0xD0,0x01,0x20,0x9A,0x42,0x00,0xDB,0x00,0x20,0xF8,0xBD,0x28,0x11,0xA0,0x42,
    0x12,0xDC,0x20,0x46,0x49,0x43,0x60,0x43,0x09,0x1A,0x10,0x46,0x68,0x43,0x08,0x1A,
    0x21,0x46,0xC0,0x01,0x69,0x43,0xFA,0xF7,0x32,0xFE,0x80,0x38,0x00,0x28,0x03,0xDD,
    0x80,0x28,0x02,0xDB,0x80,0x20,0x00,0xE0,0x00,0x20,0x31,0x19,0x80,0x11,0x41,0x43,
    0x88,0x19,0x78,0x43,0xC0,0x10,0x85,0x42,0xDE,0xDC,0x01,0x20,0xF8,0xBD,0x00,0x00,
    0xFF,0xB5,0x89,0xB0,0x0C,0x20,0x00,0x90,0x0A,0x98,0x3B,0xA2,0x80,0x78,0x07,0x90,
    0x07,0xCA,0x03,0xAE,0x07,0xC6,0x00,0x24,0x1D,0x46,0x20,0x46,0x0B,0xE0,0x44,0x21,
    0x09,0x9A,0x41,0x43,0x51,0x56,0x00,0x29,0x03,0xDD,0x03,0xA9,0x08,0x55,0x64,0x1C,
    0xE4,0xB2,0x40,0x1C,0xC0,0xB2,0x07,0x99,0x88,0x42,0xF0,0xD3,0x18,0x46,0xA5,0x42,
    0x00,0xDC,0x20,0x46,0x87,0xB2,0x78,0x00,0x78,0x43,0x00,0x99,0x02,0x90,0x46,0x18,
    0x30,0x46,0x00,0xF0,0x05,0xFA,0x31,0x46,0x06,0x90,0xFA,0xF7,0x74,0xFD,0x06,0x99,
    0x02,0x98,0xFF,0x22,0x46,0x18,0x30,0x46,0x00,0x99,0xFA,0xF7,0x65,0xFD,0x0A,0x9B,
    0x03,0xA9,0x01,0x94,0x02,0x93,0x00,0x91,0x2B,0x46,0x0B,0x9A,0x09,0x99,0x06,0x98,
    0xFF,0xF7,0xB0,0xFE,0x00,0x2C,0x10,0xD0,0x00,0x2D,0x0E,0xD0,0x01,0x2C,0x01,0xD1,
    0x01,0x2D,0x0D,0xD0,0x00,0x23,0xDB,0x43,0xEA,0xB2,0x01,0x93,0x00,0x92,0xFA,0xB2,
    0x23,0x46,0x31,0x46,0x06,0x98,0x00,0xF0,0x2F,0xF8,0x00,0x20,0x03,0xAA,0x0E,0xE0,
    0x06,0x98,0x14,0x49,0x00,0x88,0x88,0x42,0xF7,0xD2,0x00,0x20,0x30,0x70,0xF4,0xE7,
    0x31,0x5C,0xFF,0x29,0x01,0xD0,0x51,0x5C,0x31,0x54,0x40,0x1C,0xC0,0xB2,0xA8,0x42,
    0xF6,0xDB,0x0A,0x9B,0x00,0x93,0xEA,0xB2,0x33,0x46,0x0B,0x99,0x09,0x98,0x00,0xF0,
    0x1D,0xF9,0x06,0x98,0x00,0xF0,0x36,0xFA,0x07,0x99,0x09,0x98,0xFF,0xF7,0xFE,0xFE,
    0x07,0x98,0x0D,0xB0,0xF0,0xBD,0x00,0x00,0xFF,0xFF,0xFF,0xFF,0xFF,0xFF,0xFF,0xFF,
    0xFF,0xFF,0x00,0x00,0xFE,0x7F,0x00,0x00,0xFF,0xB5,0x04,0x46,0x81,0xB0,0x16,0x46,
    0xB4,0x20,0x00,0xF0,0xA5,0xF9,0x05,0x46,0x00,0x20,0x32,0x46,0x72,0x43,0x0C,0xE0,
    0x41,0x00,0x67,0x5A,0x18,0x4B,0x9F,0x42,0x01,0xD1,0x5B,0x1C,0x63,0x52,0x16,0x4B,
    0x67,0x5A,0x5B,0x1C,0xDB,0x1B,0x63,0x52,0x40,0x1C,0x82,0x42,0xF0,0xDC,0x32,0x46,
    0x21,0x46,0x28,0x46,0x01,0xF0,0x5E,0xF9,0xFF,0x22,0x0A,0x99,0x02,0x98,0xFA,0xF7,
    0xF3,0xFC,0x00,0x23,0x0F,0xE0,0xE8,0x56,0x00,0x28,0x0B,0xDB,0x04,0x99,0x88,0x42,
    0x08,0xDA,0x70,0x43,0xC0,0x18,0x40,0x00,0x20,0x5A,0x00,0x28,0x02,0xD0,0x02,0x98,
    0xE9,0x5C,0xC1,0x54,0x5B,0x1C,0x0A,0x98,0x83,0x42,0xEC,0xDB,0x28,0x46,0x00,0xF0,
    0xE9,0xF9,0x05,0xB0,0xF0,0xBD,0x00,0x00,0xFE,0x7F,0x00,0x00,0xFF,0xB5,0x0C,0x46,
    0x04,0x21,0x00,0x20,0x51,0x5E,0x10,0x5E,0x49,0x10,0x41,0x18,0x85,0xB0,0x00,0x91,
    0x06,0x21,0x02,0x20,0x51,0x5E,0x10,0x5E,0x49,0x10,0x41,0x18,0x01,0x91,0x68,0x46,
    0x80,0x8A,0x00,0x99,0x02,0x90,0x47,0x18,0x68,0x46,0xC0,0x8A,0x01,0x99,0x03,0x90,
    0x40,0x18,0x01,0x21,0x10,0x26,0x5B,0x1E,0x15,0x46,0x9F,0x42,0x15,0xD3,0x00,0x2F,
    0x02,0xDC,0x00,0x21,0x21,0x80,0x00,0xE0,0x23,0x80,0x00,0x99,0x00,0x29,0x0A,0xD0,
    0x21,0x88,0x02,0x98,0x08,0x1A,0x01,0x99,0x48,0x43,0x00,0x99,0xFA,0xF7,0x27,0xFD,
    0x03,0x99,0x40,0x18,0x60,0x80,0x0C,0x26,0x00,0x21,0x0E,0x9A,0x52,0x1E,0x90,0x42,
    0x17,0xD3,0x00,0x28,0x02,0xDC,0x00,0x20,0x60,0x80,0x00,0xE0,0x62,0x80,0x01,0x98,
    0x00,0x28,0x0A,0xD0,0x61,0x88,0x03,0x98,0x08,0x1A,0x00,0x99,0x48,0x43,0x01,0x99,
    0xFA,0xF7,0x0D,0xFD,0x02,0x99,0x40,0x18,0x20,0x80,0x70,0x00,0x30,0x18,0x86,0x10,
    0x03,0xE0,0x00,0x29,0x01,0xD0,0x27,0x80,0x60,0x80,0x10,0x2E,0x0C,0xDA,0x00,0x20,
    0x28,0x5E,0x70,0x43,0x00,0x11,0x28,0x80,0x02,0x20,0x28,0x5E,0x70,0x43,0x00,0x11,
    0x68,0x80,0x00,0x20,0xA8,0x80,0xE8,0x80,0x09,0xB0,0xF0,0xBD,0xFE,0xB5,0x04,0x46,
    0x00,0x20,0x20,0x56,0x0A,0x46,0x0A,0x28,0x01,0xDA,0x40,0x1C,0x20,0x70,0x60,0x69,
    0x00,0x90,0x6B,0x46,0x20,0x8C,0x19,0x88,0x5B,0x88,0x41,0x1A,0x60,0x8C,0x00,0x25,
    0xC0,0x1A,0xE3,0x88,0x59,0x18,0x09,0xB2,0xE1,0x80,0x23,0x89,0x49,0x43,0x18,0x18,
    0x00,0xB2,0x20,0x81,0x40,0x43,0x0B,0x18,0x66,0x79,0x11,0x46,0x76,0x43,0x20,0x31,
    0xA0,0x78,0x9E,0x42,0x1B,0xDD,0xC0,0x09,0x03,0xD1,0x60,0x89,0xC9,0x7D,0x40,0x18,
    0x60,0x81,0xD2,0x7E,0x60,0x89,0x0A,0x21,0x4A,0x43,0x90,0x42,0x0E,0xD9,0x69,0x46,
    0x0D,0xC1,0xDE,0x23,0x0A,0x4A,0x0B,0xA1,0x02,0x20,0x01,0xF0,0x61,0xFC,0xA0,0x78,
    0x80,0x21,0x08,0x43,0xA0,0x70,0xE5,0x80,0x25,0x81,0x65,0x81,0xFE,0xBD,0x40,0x06,
    0x40,0x0E,0xA0,0x70,0x65,0x81,0xE5,0x80,0x25,0x81,0x88,0x7D,0x60,0x71,0xFE,0xBD,
    0xCB,0x75,0x00,0x00,0x5B,0x25,0x73,0x28,0x29,0x3A,0x25,0x34,0x64,0x5D,0x49,0x3A,
    0x20,0x6C,0x6F,0x63,0x6B,0x21,0x21,0x21,0x20,0x25,0x64,0x20,0x25,0x64,0x2C,0x20,
    0x64,0x69,0x73,0x74,0x3A,0x25,0x64,0x0A,0x00,0x00,0x00,0x00,0xFF,0xB5,0x85,0xB0,
    0x05,0x46,0x0E,0x98,0x80,0x78,0x03,0x90,0x00,0x20,0x01,0x23,0x0A,0xE0,0x44,0x22,
    0x42,0x43,0xAA,0x56,0x19,0x46,0x00,0x2A,0x00,0xDC,0xFF,0x21,0x6A,0x46,0x11,0x54,
    0x40,0x1C,0xC0,0xB2,0x03,0x99,0x88,0x42,0xF1,0xD3,0x00,0x24,0x6B,0xE0,0x08,0x98,
    0x00,0x5D,0xFF,0x28,0x1C,0xD0,0x44,0x21,0x04,0x90,0x48,0x43,0x40,0x19,0x01,0x8A,
    0x23,0x01,0x4A,0x00,0x8A,0x18,0x06,0x99,0x59,0x18,0x8B,0x88,0xD2,0x18,0x97,0x08,
    0x42,0x69,0x02,0x62,0x0A,0x46,0x4C,0xCA,0xC9,0x68,0x46,0x61,0x03,0x61,0xC2,0x60,
    0x81,0x61,0x07,0x82,0x00,0x21,0x41,0x70,0x0E,0x99,0xFF,0xF7,0x67,0xFF,0x44,0xE0,
    0x00,0x20,0x06,0xE0,0x44,0x21,0x41,0x43,0x69,0x56,0x00,0x29,0x04,0xDD,0x40,0x1C,
    0xC0,0xB2,0x03,0x99,0x88,0x42,0xF5,0xD3,0x03,0x9A,0xFF,0x21,0x90,0x42,0x00,0xD2,
    0x01,0x46,0x04,0x91,0xFF,0x29,0x34,0xD0,0x0A,0x46,0x44,0x20,0x42,0x43,0x56,0x19,
    0xB0,0x78,0x80,0x21,0x08,0x43,0xB0,0x70,0x0E,0x98,0x94,0x46,0x20,0x30,0x41,0x7D,
    0x71,0x71,0x41,0x78,0x80,0x78,0x08,0x18,0x40,0x08,0x30,0x71,0x06,0x98,0x21,0x01,
    0x08,0x18,0x01,0x46,0x8E,0xC9,0x0C,0x36,0x8E,0xC6,0x1C,0x3E,0x82,0x68,0x32,0x62,
    0x82,0x68,0xF2,0x61,0x00,0x23,0x62,0x46,0xAB,0x54,0xC2,0x68,0x80,0x68,0x72,0x63,
    0x30,0x63,0x30,0x46,0x0E,0x99,0xFF,0xF7,0x29,0xFF,0xB0,0x78,0x04,0x99,0xC0,0x09,
    0xC0,0x01,0x49,0x06,0x49,0x0E,0x08,0x43,0xB0,0x70,0x04,0x98,0xFF,0x21,0x6A,0x46,
    0x11,0x54,0x64,0x1C,0x64,0xB2,0x07,0x98,0x84,0x42,0x90,0xDB,0x00,0x20,0x12,0xE0,
    0x69,0x46,0x09,0x5C,0xFF,0x29,0x0C,0xD0,0x44,0x21,0x41,0x43,0x49,0x19,0x4A,0x78,
    0x52,0x1C,0x4A,0x70,0x8A,0x78,0xD2,0x09,0x03,0xD1,0x4B,0x69,0x0B,0x62,0x0A,0x6B,
    0x4A,0x61,0x40,0x1C,0x40,0xB2,0x03,0x99,0x88,0x42,0xE9,0xDB,0x09,0xB0,0xF0,0xBD,
    0xF1,0xB5,0x30,0x48,0x82,0xB0,0x04,0x68,0x0F,0x21,0x25,0x78,0x60,0x78,0xA4,0x1C,
    0x00,0x90,0x20,0x46,0x1E,0x30,0x01,0x90,0x20,0x46,0x01,0xF0,0x53,0xF8,0x41,0xB2,
    0x0F,0x29,0x16,0xD0,0x01,0x22,0x10,0x46,0x10,0x2D,0x00,0xD8,0x00,0x20,0x00,0x1D,
    0x40,0xB2,0x20,0x2D,0x00,0xD8,0x00,0x22,0x10,0x18,0x02,0x9A,0x52,0x19,0x52,0x1E,
    0x02,0x41,0x52,0xB2,0x00,0x29,0x02,0xD0,0x20,0x78,0x90,0x42,0x05,0xDB,0x00,0x23,
    0x1A,0xE0,0x02,0x9B,0x00,0x93,0xBA,0x23,0x2B,0xE0,0x00,0x20,0x4B,0x1E,0x9C,0x46,
    0x18,0xE0,0x00,0x9E,0x60,0x45,0x02,0xD0,0x43,0x00,0x1B,0x19,0x9E,0x78,0x43,0x00,
    0xE7,0x5C,0x1B,0x19,0x5B,0x78,0xFB,0x18,0xF3,0x1A,0x93,0x42,0x09,0xDB,0x40,0x00,
    0x23,0x5C,0x00,0x19,0x40,0x78,0x1B,0x18,0x48,0x00,0x23,0x54,0x00,0x19,0x42,0x70,
    0x02,0xE0,0x40,0x1C,0x88,0x42,0xE4,0xDB,0x48,0x00,0x01,0x19,0x49,0x78,0x00,0x29,
    0x04,0xD0,0x20,0x5C,0x01,0x99,0x68,0x43,0x40,0x18,0xFE,0xBD,0x02,0x9B,0x00,0x93,
    0xDC,0x23,0x05,0x4A,0x05,0xA1,0x03,0x20,0x01,0xF0,0x3A,0xFB,0x00,0xF0,0x5E,0xF8,
    0x00,0x20,0xFE,0xBD,0xF4,0x1F,0x00,0x20,0xC1,0x75,0x00,0x00,0x5B,0x25,0x73,0x28,
    0x29,0x3A,0x25,0x34,0x64,0x5D,0x45,0x3A,0x20,0x6D,0x65,0x6D,0x20,0x75,0x73,0x65,
    0x20,0x6F,0x75,0x74,0x20,0x77,0x68,0x65,0x6E,0x20,0x61,0x6C,0x6C,0x6F,0x63,0x20,
    0x25,0x64,0x0A,0x00,0x30,0xB5,0x0C,0x49,0x09,0x68,0x0C,0x78,0x89,0x1C,0x0B,0x46,
    0x1E,0x33,0x00,0x22,0x0D,0x78,0x65,0x43,0xED,0x18,0x85,0x42,0x03,0xD0,0x89,0x1C,
    0x52,0x1C,0x0F,0x2A,0xF6,0xDB,0x99,0x42,0x01,0xD1,0x00,0x20,0x30,0xBD,0x48,0x78,
    0x60,0x43,0x00,0x22,0x0A,0x80,0x30,0xBD,0xF4,0x1F,0x00,0x20,0x10,0xB5,0x12,0x4A,
    0x01,0x23,0x10,0x60,0x42,0x1C,0x1B,0x03,0x99,0x42,0x05,0xDC,0x10,0x24,0x09,0x11,
    0x03,0x46,0x04,0x70,0x89,0x1E,0x0D,0xE0,0x01,0x23,0x5B,0x03,0x99,0x42,0x04,0xDC,
    0x20,0x24,0x03,0x46,0x04,0x70,0x49,0x11,0x03,0xE0,0x40,0x24,0x03,0x46,0x04,0x70,
    0x89,0x11,0x49,0x1E,0x98,0x1C,0x11,0x70,0x1E,0x23,0x00,0x21,0x0A,0x46,0x42,0x54,
    0x49,0x1C,0x99,0x42,0xFB,0xDB,0x10,0xBD,0xF4,0x1F,0x00,0x20,0xF0,0xB5,0x19,0x48,
    0x87,0xB0,0x07,0x68,0x3E,0x78,0x78,0x78,0xBF,0x1C,0x00,0x25,0x2C,0x46,0x04,0x90,
    0x61,0x00,0xC8,0x19,0x05,0x90,0x40,0x78,0x00,0x28,0x12,0xD0,0x79,0x5C,0x03,0x46,
    0x0A,0x18,0x73,0x43,0x52,0x1E,0x00,0x94,0x01,0xA8,0x0E,0xC0,0x6B,0x23,0x0E,0x4A,
    0x0E,0xA1,0x01,0x20,0x01,0xF0,0xBC,0xFA,0x05,0x98,0x40,0x78,0x70,0x43,0x40,0x19,
    0x05,0xB2,0x64,0x1C,0x0F,0x2C,0xE3,0xDB,0x04,0x98,0x00,0x95,0x70,0x43,0x43,0x1B,
    0x01,0x93,0x6F,0x23,0x04,0x4A,0x0E,0xA1,0x01,0x20,0x01,0xF0,0xA9,0xFA,0x07,0xB0,
    0xF0,0xBD,0x00,0x00,0xF4,0x1F,0x00,0x20,0xB7,0x75,0x00,0x00,0x5B,0x25,0x73,0x28,
    0x29,0x3A,0x25,0x34,0x64,0x5D,0x4B,0x3A,0x20,0x5B,0x25,0x64,0x5D,0x20,0x25,0x64,
    0x20,0x7E,0x20,0x25,0x64,0x20,0x6C,0x65,0x6E,0x3A,0x25,0x64,0x0A,0x00,0x00,0x00,
    0x5B,0x25,0x73,0x28,0x29,0x3A,0x25,0x34,0x64,0x5D,0x4B,0x3A,0x20,0x74,0x6F,0x74,
    0x61,0x6C,0x20,0x75,0x73,0x65,0x20,0x25,0x64,0x2C,0x20,0x6C,0x65,0x66,0x74,0x20,
    0x25,0x64,0x0A,0x00,0x10,0xB5,0xFA,0xF7,0x0D,0xFB,0x00,0xF0,0xB7,0xFC,0x00,0x28,
    0x05,0xD0,0xFB,0xF7,0x6D,0xFC,0x03,0x48,0x01,0x21,0x41,0x71,0x10,0xBD,0x00,0xF0,
    0x95,0xFC,0x10,0xBD,0xD4,0x02,0x00,0x20,0x70,0xB5,0x57,0x4C,0x24,0x20,0x60,0x70,
    0xFC,0xF7,0x08,0xFB,0x00,0x21,0x02,0x20,0xFC,0xF7,0x2E,0xFB,0x21,0x1D,0xFA,0xF7,
    0x4F,0xFA,0x61,0x7E,0x20,0x7E,0x09,0x02,0x01,0x43,0x20,0x46,0x00,0x22,0x20,0x30,
    0x4E,0x4D,0x00,0x29,0x18,0xD0,0xC2,0x70,0x28,0x68,0xFF,0x30,0xA1,0x30,0x00,0x7C,
    0x00,0xF0,0x0C,0xFC,0x01,0x22,0x21,0x21,0x08,0x20,0x01,0xF0,0xFB,0xFA,0x60,0x7E,
    0x21,0x7E,0x00,0x02,0x08,0x43,0x40,0x1E,0x20,0x76,0x00,0x0A,0x60,0x76,0x00,0x21,
    0x01,0x20,0xFC,0xF7,0x09,0xFB,0x70,0xBD,0xA1,0x7F,0x00,0x29,0x0E,0xD1,0x41,0x78,
    0x00,0x29,0x0B,0xD0,0x29,0x68,0xFF,0x31,0xA1,0x31,0xCB,0x7B,0x8E,0x7B,0x19,0x02,
    0x31,0x43,0x21,0x72,0x09,0x0A,0x61,0x72,0xC2,0x70,0x02,0xE0,0xC0,0x78,0x00,0x28,
    0x02,0xD1,0x20,0x7C,0x00,0x28,0x0C,0xD0,0x28,0x68,0xFF,0x30,0xA1,0x30,0x00,0x7C,
    0x00,0xF0,0xDC,0xFB,0x28,0x68,0xFF,0x30,0xA1,0x30,0xC1,0x7C,0x00,0x29,0x2E,0xD0,
    0x53,0xE0,0x60,0x7A,0x22,0x7A,0x01,0x02,0x28,0x68,0x11,0x43,0xFF,0x30,0xA1,0x30,
    0x42,0x7B,0x03,0x7B,0x12,0x02,0x1A,0x43,0x91,0x42,0x01,0xD2,0x00,0x7C,0x00,0xE0,
    0x40,0x7C,0x00,0xF0,0xC3,0xFB,0xE0,0x7F,0x00,0x28,0x36,0xD1,0x28,0x68,0xFF,0x30,
    0xA1,0x30,0x00,0x7D,0x00,0x28,0x30,0xD0,0x01,0x20,0xFB,0xF7,0x73,0xFF,0x02,0x20,
    0xFB,0xF7,0x4A,0xF9,0x01,0x22,0x22,0x21,0x0A,0x20,0x01,0xF0,0xA3,0xFA,0x05,0x46,
    0x00,0x20,0xFB,0xF7,0x67,0xFF,0xA8,0x07,0x27,0xD5,0x20,0x7F,0x1A,0xE0,0xE1,0x7F,
    0x00,0x29,0x1A,0xD1,0x00,0x7D,0x00,0x28,0x17,0xD0,0x01,0x20,0xFB,0xF7,0x5A,0xFF,
    0x02,0x20,0xFB,0xF7,0x31,0xF9,0x01,0x22,0x22,0x21,0x0A,0x20,0x01,0xF0,0x8A,0xFA,
    0x04,0x46,0x00,0x20,0xFB,0xF7,0x4E,0xFF,0xA0,0x07,0x0E,0xD5,0x28,0x68,0xFF,0x30,
    0xA1,0x30,0x00,0x7C,0x01,0xF0,0xD0,0xFA,0x07,0xE0,0x02,0x20,0xFB,0xF7,0x1C,0xF9,
    0x01,0x22,0x21,0x21,0x0A,0x20,0x01,0xF0,0x75,0xFA,0x00,0x21,0x01,0x20,0xFC,0xF7,
    0x8B,0xFA,0x00,0xF0,0xE4,0xFB,0x70,0xBD,0xB4,0x02,0x00,0x20,0x1C,0x04,0x00,0x20,
    0xF0,0xB5,0x46,0x4D,0xB3,0xB0,0xE8,0x78,0x69,0x46,0x06,0x09,0x00,0x20,0x08,0x70,
    0x2C,0x46,0xE8,0x70,0x20,0x3C,0x23,0x21,0x61,0x70,0x20,0x1D,0xFA,0xF7,0x8E,0xF9,
    0x3F,0x4A,0x40,0x4B,0x11,0x68,0x88,0x42,0x04,0xD9,0x41,0x1A,0xC9,0x02,0x01,0x27,
    0xFF,0x03,0x03,0xE0,0x41,0x1A,0xC9,0x02,0x0F,0x27,0xFF,0x02,0xC9,0x19,0x09,0x0C,
    0x99,0x81,0x36,0x4C,0x10,0x60,0x20,0x3C,0x68,0x46,0xFA,0xF7,0x77,0xFA,0x34,0x48,
    0x61,0x7F,0x00,0x1D,0xF0,0x29,0x01,0x7F,0x23,0xD0,0xDF,0x22,0x11,0x40,0x01,0x77,
    0x00,0x69,0x01,0xA9,0x00,0xF0,0xA1,0xFF,0x2D,0x4F,0x04,0x46,0x44,0x37,0xF8,0x78,
    0x01,0x21,0x0A,0x28,0x01,0xD2,0x00,0x2C,0x16,0xDA,0x28,0x48,0x20,0x38,0x81,0x76,
    0x00,0x2C,0x00,0xDA,0x00,0x24,0x25,0x48,0x20,0x38,0x40,0x7F,0xFF,0x28,0x10,0xD0,
    0xF0,0x28,0x16,0xD0,0x00,0x20,0xE8,0x70,0x68,0x46,0x00,0x78,0x06,0x43,0x2A,0xD1,
    0x24,0xE0,0x20,0x22,0x11,0x43,0xDA,0xE7,0x1C,0x4A,0x00,0x20,0x20,0x3A,0x90,0x76,
    0xE9,0xE7,0x30,0x01,0x20,0x43,0xE8,0x70,0xE1,0xB2,0x01,0xA8,0xFB,0xF7,0x7A,0xFA,
    0x0E,0xE0,0x08,0x20,0x38,0x56,0x80,0x1C,0x07,0xD0,0xE9,0x70,0x38,0x7A,0xFE,0xF7,
    0x4F,0xFB,0x01,0x20,0xC0,0x43,0x38,0x72,0xDE,0xE7,0x30,0x01,0x20,0x43,0xE8,0x70,
    0xE1,0xB2,0x32,0x46,0x01,0xA8,0xFE,0xF7,0x91,0xFB,0xD5,0xE7,0x0B,0x48,0x20,0x38,
    0x81,0x7E,0x00,0x29,0x06,0xD0,0x09,0x49,0x00,0x20,0x20,0x39,0x08,0x72,0x48,0x72,
    0x33,0xB0,0xF0,0xBD,0x41,0x7A,0x02,0x7A,0x09,0x02,0x11,0x43,0x06,0x4A,0x91,0x42,
    0xF6,0xD2,0x49,0x1C,0x01,0x72,0x09,0x0A,0x41,0x72,0xF1,0xE7,0xD4,0x02,0x00,0x20,
    0x20,0x04,0x00,0x20,0x0C,0x1D,0x00,0x20,0xFF,0x7F,0x00,0x00,0x70,0xB5,0x0F,0x4D,
    0x21,0x20,0x68,0x70,0x0E,0x48,0x2C,0x46,0x80,0x78,0x20,0x34,0x20,0x71,0x60,0x79,
    0x00,0x28,0x0F,0xD0,0xFA,0xF7,0xF0,0xF9,0x00,0x20,0x60,0x71,0x01,0x20,0x00,0xF0,
    0xC1,0xFB,0x00,0x21,0x02,0x20,0xFC,0xF7,0xD7,0xF9,0x29,0x1D,0xFA,0xF7,0xF8,0xF8,
    0x00,0xF0,0x8E,0xFB,0x00,0x20,0x00,0xF0,0xB5,0xFB,0x70,0xBD,0xB4,0x02,0x00,0x20,
    0xEB,0x02,0x00,0x20,0x10,0xB5,0x1B,0x4C,0x26,0x20,0x60,0x70,0x20,0x7C,0x00,0x28,
    0x02,0xD0,0x00,0xF0,0x83,0xFA,0x0C,0xE0,0x16,0x48,0x20,0x30,0xC0,0x78,0x00,0x28,
    0x07,0xD0,0x00,0xF0,0x18,0xFB,0x00,0x28,0x03,0xD0,0x00,0xF0,0x77,0xFA,0x00,0xF0,
    0x09,0xFB,0xFB,0xF7,0xFD,0xFA,0x00,0xF0,0x6B,0xFB,0x0E,0x48,0x0C,0x30,0xFA,0xF7,
    0xC5,0xF8,0x00,0x68,0x0C,0x49,0x88,0x42,0x09,0xD0,0x0C,0x22,0x0B,0xA1,0x0F,0x48,
    0xFA,0xF7,0x8A,0xF8,0x00,0x21,0x04,0x20,0xFC,0xF7,0x9E,0xF9,0xFE,0xE7,0xE0,0x7A,
    0xA1,0x7A,0x00,0x02,0x08,0x43,0xFF,0x28,0x03,0xD2,0x40,0x1C,0xA0,0x72,0x00,0x0A,
    0xE0,0x72,0x10,0xBD,0xB4,0x02,0x00,0x20,0x5A,0xA5,0xAC,0xCA,0x4F,0x76,0x65,0x72,
    0x46,0x6C,0x6F,0x77,0x21,0x21,0x0D,0x0A,0x00,0x00,0x00,0x00,0x00,0x01,0x00,0x20,
    0x04,0x48,0x00,0x68,0xC0,0x7E,0x00,0x28,0x02,0xD0,0x03,0x48,0x00,0x21,0xC1,0x70,
    0x70,0x47,0x00,0x00,0x1C,0x04,0x00,0x20,0xD4,0x02,0x00,0x20,0x10,0xB5,0x00,0x29,
    0x0B,0xD0,0x01,0x69,0x00,0x20,0x82,0x00,0x52,0x18,0x52,0x69,0x00,0x2A,0x06,0xD0,
    0x04,0x28,0x09,0xD0,0x40,0x1C,0x05,0x28,0xF5,0xDB,0x00,0x20,0x10,0xBD,0x80,0x00,
    0x05,0x4A,0x40,0x18,0x42,0x61,0xF8,0xE7,0xFF,0x23,0x4D,0x33,0x03,0x4A,0x04,0xA1,
    0x03,0x20,0x01,0xF0,0x8D,0xF8,0xF0,0xE7,0x69,0x60,0x00,0x00,0x9F,0x75,0x00,0x00,
    0x5B,0x25,0x73,0x28,0x29,0x3A,0x25,0x34,0x64,0x5D,0x45,0x3A,0x20,0x63,0x61,0x6E,
    0x6E,0x6F,0x74,0x20,0x72,0x65,0x67,0x69,0x73,0x74,0x65,0x72,0x20,0x74,0x68,0x69,
    0x73,0x20,0x63,0x61,0x6C,0x6C,0x62,0x61,0x63,0x6B,0x0A,0x00,0x10,0xB5,0x84,0x1A,
    0x00,0x2C,0x00,0xDC,0x14,0x1A,0xC8,0x1A,0xA2,0xB2,0x00,0x28,0x00,0xDC,0x58,0x1A,
    0x80,0xB2,0x52,0x43,0x41,0x00,0x91,0x42,0x01,0xD3,0x80,0xB2,0x10,0xBD,0x40,0x43,
    0x80,0x18,0x00,0xF0,0x73,0xFD,0x10,0xBD,0xF7,0xB5,0x00,0x27,0x0F,0x21,0x0E,0x23,
    0x41,0x56,0xC3,0x56,0x3C,0x46,0x59,0x43,0x27,0x23,0xBC,0x46,0x3E,0x46,0x3D,0x46,
    0xDB,0x43,0x02,0x68,0x0C,0xE0,0x00,0x20,0x10,0x5E,0x28,0x28,0x02,0xDD,0xC7,0x19,
    0x76,0x1C,0x03,0xE0,0x98,0x42,0x01,0xDA,0x04,0x19,0x6D,0x1C,0x49,0x1E,0x92,0x1C,
    0x00,0x29,0xF0,0xD1,0x00,0x2D,0x04,0xDD,0x29,0x46,0x20,0x46,0xFA,0xF7,0x8F,0xF8,
    0x84,0x46,0x01,0x98,0x10,0x49,0x20,0x30,0x8C,0x42,0x05,0xDA,0x00,0x2C,0x00,0xDC,
    0x64,0x42,0x64,0x37,0xBC,0x42,0x0C,0xDC,0x4F,0x21,0xC9,0x43,0x8C,0x45,0x01,0xDA,
    0x00,0x2E,0x06,0xD0,0x14,0x2D,0x0D,0xDD,0x8C,0x45,0x0B,0xDA,0x0A,0x36,0xAE,0x42,
    0x08,0xDA,0x82,0x7C,0xFF,0x21,0x53,0x1C,0xFF,0x2B,0x00,0xD2,0x51,0x1C,0x81,0x74,
    0x00,0x20,0xFE,0xBD,0x00,0x21,0xFA,0xE7,0x0C,0xFE,0xFF,0xFF,0x00,0x20,0x70,0x47,
    0x70,0x47,0x70,0x47,0xA5,0x20,0x70,0x47,0x00,0x20,0x70,0x47,0x70,0x47,0x00,0x00,
    0xF8,0xB5,0x61,0x49,0x61,0x4B,0xC8,0x78,0x8F,0x78,0x1B,0x68,0x02,0x02,0xBA,0x18,
    0x5C,0x7E,0x96,0xB2,0x1B,0x7E,0x4A,0x89,0x24,0x02,0x1C,0x43,0x13,0x1B,0x49,0x78,
    0xDC,0xB2,0x00,0x29,0x0A,0xD0,0x58,0x49,0x13,0x0A,0x0B,0x71,0x4A,0x71,0x8F,0x71,
    0xC8,0x71,0x08,0x1D,0xC8,0x60,0x00,0x1D,0x48,0x61,0x75,0xE0,0x52,0x49,0x00,0x25,
    0x49,0x69,0x00,0x2C,0x11,0xD0,0x10,0x2C,0x70,0xD2,0x4F,0x4A,0xA0,0x00,0x11,0x61,
    0x4F,0x49,0x4F,0x4B,0x08,0x58,0x61,0x00,0x40,0x33,0xD0,0x60,0x59,0x5A,0x41,0x18,
    0x51,0x61,0x02,0x2C,0x52,0xD8,0x10,0x61,0x50,0xE0,0x47,0x4A,0x3B,0x00,0x11,0x61,
    0x48,0x4A,0x11,0x46,0x20,0x31,0xFA,0xF7,0x15,0xF8,0x0D,0x08,0x0F,0x11,0x15,0x1E,
    0x27,0x29,0x2B,0x32,0x34,0x3D,0x67,0x5A,0x67,0x00,0x00,0x28,0x02,0xD0,0x11,0x20,
    0x10,0x70,0xF8,0xBD,0x10,0x20,0xFB,0xE7,0x10,0x74,0xF8,0xBD,0x01,0x20,0x88,0x70,
    0xD5,0x70,0xF8,0xBD,0x00,0x21,0x08,0x46,0xFC,0xF7,0x7E,0xF8,0x00,0x21,0x01,0x20,
    0xFC,0xF7,0x22,0xFE,0xFE,0xE7,0x00,0x28,0x01,0xD0,0x95,0x77,0x0A,0xE0,0x01,0x20,
    0x90,0x77,0xD0,0x77,0x4D,0x70,0xF8,0xBD,0x48,0x70,0xF8,0xBD,0x48,0x72,0xF8,0xBD,
    0x00,0x28,0x01,0xD0,0xD5,0x77,0xF8,0xBD,0x01,0x20,0xD0,0x77,0xF8,0xBD,0x08,0x70,
    0xF8,0xBD,0x00,0x28,0x04,0xD0,0x01,0x21,0x05,0x20,0xFC,0xF7,0x5D,0xF8,0x07,0xE0,
    0x00,0x21,0xF9,0xE7,0xAB,0x28,0xF3,0xD1,0x00,0x21,0x01,0x20,0xFB,0xF7,0x9A,0xFC,
    0x21,0x48,0x40,0x78,0x00,0x28,0xEB,0xD1,0x00,0x2C,0xE9,0xD0,0x1E,0x49,0x4A,0x69,
    0xC8,0x68,0x12,0x1A,0xB2,0x42,0x33,0xDD,0x00,0x28,0x01,0xD0,0x80,0x19,0xC8,0x60,
    0x08,0x69,0x00,0x28,0xDC,0xD0,0x80,0x19,0x08,0x61,0xF8,0xBD,0x14,0xE0,0x00,0x28,
    0x05,0xD0,0x01,0x28,0x05,0xD0,0x55,0x77,0xCD,0x71,0x8D,0x71,0xF5,0xE7,0xFF,0x20,
    0x00,0xE0,0xF0,0x20,0x50,0x77,0xF7,0xE7,0x39,0x46,0x20,0x39,0x10,0x29,0xEC,0xD8,
    0x11,0x49,0x0F,0x70,0xC8,0x70,0xE8,0xE7,0x2F,0x2C,0xD7,0xD2,0x0A,0x48,0xA1,0x00,
    0x18,0x30,0x08,0x18,0x08,0x49,0x40,0x38,0x0B,0x46,0x62,0x00,0x94,0x33,0x00,0x68,
    0xD2,0x18,0x20,0x3A,0xC8,0x60,0x12,0x88,0x80,0x18,0x48,0x61,0x08,0x61,0xC5,0xE7,
    0xCD,0x60,0x0D,0x61,0x4D,0x61,0xD0,0xE7,0x08,0x00,0x00,0x20,0x1C,0x04,0x00,0x20,
    0x6C,0x73,0x00,0x00,0xB4,0x02,0x00,0x20,0xDE,0x02,0x00,0x20,0xF8,0xB5,0x30,0x48,
    0x04,0x68,0x20,0x46,0x20,0x30,0x06,0x7C,0x47,0x7C,0x35,0x46,0x7E,0x43,0x2D,0x48,
    0xF9,0xF7,0x14,0xFF,0x2C,0x49,0x04,0x22,0x08,0x60,0x08,0x46,0x7C,0x30,0x02,0x80,
    0x2A,0x4A,0x53,0x6A,0x4B,0x60,0x73,0x00,0x9C,0x46,0x43,0x80,0x13,0x6D,0x8B,0x60,
    0x63,0x46,0x83,0x80,0x93,0x6A,0xCB,0x60,0x63,0x46,0xC3,0x80,0xD3,0x6A,0x0B,0x61,
    0x06,0x81,0x53,0x6B,0x4B,0x61,0x6B,0x00,0x43,0x81,0x56,0x6D,0x8E,0x61,0x83,0x81,
    0x96,0x6B,0xCE,0x61,0xC3,0x81,0xD3,0x6B,0x0B,0x62,0x05,0x82,0x53,0x6C,0x4B,0x62,
    0x7B,0x00,0x43,0x82,0x95,0x6D,0x8D,0x62,0x83,0x82,0x95,0x6C,0xCD,0x62,0xC3,0x82,
    0xD2,0x6C,0x0A,0x63,0xFF,0x22,0x07,0x83,0xD5,0x32,0x23,0x46,0x15,0x5D,0x80,0x33,
    0x9A,0x7D,0x5B,0x7D,0x00,0x2D,0x01,0xD0,0x5A,0x43,0x00,0xE0,0xD2,0x18,0x10,0x4B,
    0x5D,0x6A,0x4D,0x63,0x55,0x00,0x45,0x83,0x1E,0x6A,0x8E,0x63,0x85,0x83,0x9E,0x6A,
    0xCE,0x63,0xC5,0x83,0xDD,0x69,0x0D,0x64,0x02,0x84,0xDA,0x6A,0x4A,0x64,0xE2,0x7E,
    0x42,0x84,0x01,0x22,0x52,0x07,0x8A,0x64,0x03,0x21,0x49,0x03,0x81,0x84,0xF8,0xBD,
    0x1C,0x04,0x00,0x20,0xC0,0x02,0x00,0x20,0x20,0x00,0x00,0x20,0xC8,0x01,0x00,0x20,
    0x60,0x02,0x00,0x20,0x10,0xB5,0x1A,0x4A,0x11,0x89,0x00,0x29,0x07,0xD0,0x01,0x29,
    0x07,0xD0,0x04,0x29,0x18,0xD2,0x53,0x78,0x00,0x2B,0x13,0xD0,0x1C,0xE0,0x10,0x70,
    0x1D,0xE0,0x11,0x78,0x09,0x02,0x01,0x43,0x12,0x48,0x00,0x68,0x43,0x7E,0x04,0x7E,
    0x18,0x02,0x20,0x43,0x2F,0x30,0x81,0x42,0x02,0xD1,0x01,0x20,0x50,0x70,0x0E,0xE0,
    0x51,0x81,0x0C,0xE0,0x50,0x54,0x07,0xE0,0x53,0x69,0x11,0x69,0x99,0x42,0x03,0xD2,
    0x08,0x70,0x10,0x69,0x40,0x1C,0x10,0x61,0x10,0x89,0xFF,0x28,0x07,0xD2,0x10,0x89,
    0x40,0x1C,0x80,0xB2,0x10,0x81,0x04,0x28,0x01,0xD1,0xFF,0xF7,0x91,0xFE,0x10,0xBD,
    0x08,0x00,0x00,0x20,0x1C,0x04,0x00,0x20,0x04,0x4A,0xA5,0x20,0x53,0x69,0xD1,0x68,
    0x99,0x42,0x02,0xD2,0x08,0x78,0x49,0x1C,0xD1,0x60,0x70,0x47,0x08,0x00,0x00,0x20,
    0x10,0xB5,0x1F,0x2A,0x06,0xD2,0x04,0x4C,0x93,0x00,0xE0,0x50,0x50,0x00,0x22,0x46,
    0x7C,0x32,0x11,0x52,0x10,0xBD,0x00,0x00,0x20,0x00,0x00,0x20,0x02,0x48,0x00,0x21,
    0x01,0x81,0x41,0x70,0x70,0x47,0x00,0x00,0x08,0x00,0x00,0x20,0xF8,0xB5,0x15,0x4E,
    0x00,0x27,0x30,0x68,0xFF,0x30,0xE1,0x30,0x80,0x7E,0x00,0x28,0x17,0xD0,0x12,0x48,
    0x00,0x24,0x11,0x4D,0x84,0x70,0x01,0x20,0x20,0x3D,0xE8,0x70,0xFC,0xF7,0x7C,0xFC,
    0x30,0x68,0xFF,0x30,0xF1,0x30,0x41,0x7A,0x02,0x7A,0x08,0x02,0x10,0x43,0x00,0xF0,
    0xEF,0xFE,0x07,0x46,0x00,0x20,0xFC,0xF7,0x6F,0xFC,0xEC,0x70,0x08,0xE0,0x01,0x20,
    0xFC,0xF7,0x6A,0xFC,0x01,0x20,0xFB,0xF7,0x9F,0xF8,0x00,0x20,0xFC,0xF7,0x64,0xFC,
    0x38,0x46,0xF8,0xBD,0x1C,0x04,0x00,0x20,0xD4,0x02,0x00,0x20,0x10,0xB5,0x04,0x49,
    0x0A,0x7F,0x82,0x42,0x03,0xD0,0x08,0x77,0x00,0x21,0xFC,0xF7,0xAD,0xFC,0x10,0xBD,
    0xB4,0x02,0x00,0x20,0xF8,0xB5,0x2A,0x4E,0x00,0x25,0x37,0x46,0x08,0x3F,0x0C,0x46,
    0x08,0x28,0x37,0xD0,0x0F,0xDC,0x01,0x28,0x1E,0xD0,0x02,0x28,0x27,0xD0,0x04,0x28,
    0x19,0xD1,0xF9,0xF7,0x31,0xFE,0xB4,0x60,0xBD,0x70,0x03,0x21,0x04,0x20,0xF9,0xF7,
    0x43,0xFE,0x04,0x20,0x0D,0xE0,0x10,0x28,0x2F,0xD0,0x20,0x28,0x0B,0xD1,0x01,0x20,
    0xF9,0xF7,0x22,0xFE,0x74,0x61,0x7D,0x71,0x00,0x21,0x01,0x20,0xF9,0xF7,0x34,0xFE,
    0x01,0x20,0xF9,0xF7,0x25,0xFE,0xF8,0xBD,0x02,0x20,0xF9,0xF7,0x15,0xFE,0x34,0x60,
    0x3D,0x70,0x01,0x21,0x02,0x20,0xF9,0xF7,0x27,0xFE,0x02,0x20,0xF1,0xE7,0x03,0x20,
    0xF9,0xF7,0x0A,0xFE,0x74,0x60,0x7D,0x70,0x00,0x21,0x03,0x20,0xF9,0xF7,0x1C,0xFE,
    0x03,0x20,0xE6,0xE7,0x05,0x20,0xF9,0xF7,0xFF,0xFD,0xF4,0x60,0xFD,0x70,0x02,0x21,
    0x05,0x20,0xF9,0xF7,0x11,0xFE,0x05,0x20,0xDB,0xE7,0x06,0x20,0xF9,0xF7,0xF4,0xFD,
    0x34,0x61,0x3D,0x71,0x02,0x21,0x06,0x20,0xF9,0xF7,0x06,0xFE,0x06,0x20,0xD0,0xE7,
    0xA8,0x1E,0x00,0x20,0x10,0xB5,0xFA,0xF7,0x47,0xFD,0x10,0xBD,0x70,0x47,0x10,0xB5,
    0xFF,0xF7,0xC6,0xFD,0x10,0xBD,0x10,0xB5,0xFA,0xF7,0x3F,0xFD,0x00,0x28,0x00,0xD0,
    0x01,0x20,0x10,0xBD,0x10,0xB5,0xFF,0xF7,0xB9,0xFD,0x00,0x28,0x02,0xD0,0x02,0x48,
    0x01,0x21,0x81,0x70,0x10,0xBD,0x00,0x00,0xD4,0x02,0x00,0x20,0x10,0xB5,0x0B,0x4C,
    0x20,0x68,0xFE,0xF7,0x5B,0xFE,0x00,0x28,0x20,0x7C,0x01,0xD0,0x40,0x1C,0x02,0xE0,
    0x00,0x28,0x08,0xD0,0x40,0x1E,0x20,0x74,0xC0,0xB2,0x0F,0x28,0x03,0xD9,0x00,0x20,
    0x20,0x74,0x01,0x20,0x10,0xBD,0x00,0x20,0x10,0xBD,0x00,0x00,0x8C,0x1E,0x00,0x20,
    0xF0,0xB5,0x9E,0x46,0x94,0x46,0x00,0x23,0x13,0xE0,0x5C,0x00,0x05,0x5B,0x7D,0x22,
    0xD2,0x00,0xAD,0x1A,0xAD,0xB2,0x05,0x53,0x76,0x46,0xF6,0x5C,0x8A,0x1A,0xB7,0x06,
    0xBF,0x0E,0x57,0x43,0x72,0x06,0x01,0xD5,0xEA,0x1B,0x00,0xE0,0xEA,0x19,0x02,0x53,
    0x5B,0x1C,0x63,0x45,0xE9,0xD3,0xF0,0xBD,0x10,0xB5,0x04,0x78,0xCB,0xB2,0x8C,0x42,
    0x00,0xDD,0x03,0x70,0x84,0x78,0x8C,0x42,0x00,0xDA,0x83,0x70,0x43,0x78,0xD1,0xB2,
    0x93,0x42,0x00,0xDD,0x41,0x70,0xC3,0x78,0x93,0x42,0x00,0xDA,0xC1,0x70,0x10,0xBD,
    0x70,0xB5,0x0E,0x4D,0x0E,0x4C,0x28,0x68,0x20,0x30,0x01,0x7C,0x40,0x7C,0x41,0x43,
    0x4A,0x00,0x21,0x6A,0x20,0x6D,0xF9,0xF7,0x1F,0xFD,0x28,0x68,0x21,0x6B,0x20,0x30,
    0x00,0x7C,0x42,0x00,0x60,0x6D,0xF9,0xF7,0x17,0xFD,0x28,0x68,0x21,0x6C,0x20,0x30,
    0x40,0x7C,0x42,0x00,0xA0,0x6D,0xF9,0xF7,0x0F,0xFD,0x70,0xBD,0x1C,0x04,0x00,0x20,
    0xC8,0x01,0x00,0x20,0x02,0x48,0x41,0x88,0x11,0x22,0x11,0x43,0x41,0x80,0x70,0x47,
    0x00,0x10,0x00,0x40,0xF0,0xB5,0x32,0x4C,0x05,0x46,0x27,0x46,0x20,0x3F,0x38,0x46,
    0x61,0x7D,0x08,0x30,0x85,0xB0,0x2F,0x4E,0x04,0x90,0x00,0x29,0x1B,0xD0,0x00,0x2D,
    0x02,0xD0,0xFB,0xF7,0x39,0xFA,0x16,0xE0,0x2B,0x49,0x2C,0x4B,0x89,0x6C,0xD8,0x6A,
    0x00,0x22,0x02,0x92,0x01,0x91,0x00,0x90,0x25,0x4A,0x1B,0x6A,0x20,0x3A,0x27,0x48,
    0x04,0x99,0xFB,0xF7,0xDF,0xFB,0x39,0x7A,0xB8,0x78,0xFB,0xF7,0xEF,0xFE,0xA1,0x7D,
    0x00,0x29,0x00,0xD0,0x30,0x71,0x60,0x78,0x00,0x28,0x16,0xD0,0x1F,0x4B,0xDA,0x6B,
    0x19,0x6C,0xD8,0x6C,0x01,0x92,0x1A,0x4A,0x00,0x91,0x02,0x90,0x20,0x3A,0x03,0x95,
    0x11,0x46,0x1B,0x6B,0x18,0x31,0x19,0x48,0xFC,0xF7,0xA8,0xF9,0xB9,0x78,0x38,0x7E,
    0xFC,0xF7,0x4A,0xF9,0x60,0x78,0xFC,0xF7,0xB1,0xF9,0x15,0x48,0x00,0x68,0x80,0x30,
    0x00,0x7D,0xFB,0xF7,0xDF,0xFC,0x10,0x48,0x81,0x6C,0x10,0x48,0xC2,0x6A,0x00,0x92,
    0x01,0x91,0x0B,0x4A,0x02,0x95,0x20,0x3A,0x03,0x6A,0x04,0x99,0xFB,0xF7,0xAA,0xFB,
    0x31,0x79,0x38,0x7A,0x00,0x23,0x02,0x22,0xFB,0xF7,0xF2,0xFA,0x00,0x20,0xFB,0xF7,
    0x91,0xFC,0x00,0x2D,0x01,0xD0,0xFB,0xF7,0x8D,0xFD,0x05,0xB0,0xF0,0xBD,0x00,0x00,
    0x0B,0x03,0x00,0x20,0xD4,0x02,0x00,0x20,0x78,0x01,0x00,0x20,0xC8,0x01,0x00,0x20,
    0x1C,0x04,0x00,0x20,0xFF,0xB5,0xC8,0x78,0x85,0xB0,0x00,0x09,0x5D,0xD0,0x08,0x98,
    0x0C,0x7D,0x05,0x68,0x6E,0x1E,0x53,0xE0,0x07,0x98,0x29,0x01,0x07,0x9A,0x40,0x5C,
    0x89,0x18,0x05,0x9A,0x04,0x91,0x53,0x68,0x42,0x00,0x94,0x46,0x9A,0x5E,0x49,0x78,
    0x96,0x46,0xA2,0x42,0x11,0xDC,0x00,0x28,0x04,0xDD,0x67,0x46,0xBF,0x1E,0xDF,0x5F,
    0xA7,0x42,0x0A,0xDC,0x05,0x9F,0x0F,0x22,0xBA,0x56,0x57,0x1E,0x87,0x42,0x1D,0xDD,
    0x62,0x46,0x92,0x1C,0x9A,0x5E,0xA2,0x42,0x18,0xDD,0x05,0x9A,0x4F,0x00,0x93,0x68,
    0xBC,0x46,0xDF,0x5F,0xA7,0x42,0x2B,0xDC,0x00,0x29,0x04,0xDD,0x67,0x46,0xBF,0x1E,
    0xDF,0x5F,0xA7,0x42,0x24,0xDC,0x17,0x46,0x0E,0x22,0xBA,0x56,0x57,0x1E,0x8F,0x42,
    0x04,0xDD,0x62,0x46,0x92,0x1C,0x9A,0x5E,0xA2,0x42,0x19,0xDC,0x05,0x9A,0x4B,0x00,
    0x92,0x68,0x6F,0x46,0xD3,0x5E,0x72,0x46,0x0F,0xC7,0x32,0x23,0x0C,0x4A,0x0D,0xA1,
    0x01,0x20,0x00,0xF0,0x8D,0xFC,0xB5,0x42,0x09,0xDA,0x07,0x99,0x32,0x01,0x51,0x18,
    0x0A,0x46,0x8C,0xCA,0x04,0x98,0xC9,0x68,0x8C,0xC0,0x0C,0x38,0xC1,0x60,0x76,0x1E,
    0x6D,0x1E,0xA9,0xD5,0x08,0x98,0x76,0x1C,0x06,0x60,0x09,0xB0,0xF0,0xBD,0x00,0x00,
    0xF6,0x74,0x00,0x00,0x5B,0x25,0x73,0x28,0x29,0x3A,0x25,0x34,0x64,0x5D,0x4B,0x3A,
    0x20,0x72,0x65,0x6D,0x6F,0x76,0x65,0x20,0x70,0x6F,0x69,0x6E,0x74,0x28,0x25,0x64,
    0x2C,0x25,0x64,0x29,0x20,0x73,0x63,0x61,0x70,0x28,0x74,0x78,0x3A,0x25,0x64,0x2C,
    0x72,0x78,0x3A,0x25,0x64,0x29,0x0A,0x00,0x70,0xB5,0x05,0x46,0xD0,0x78,0x0C,0x46,
    0x00,0x09,0x10,0xD0,0x10,0x7A,0xC0,0x07,0x19,0x48,0x28,0x56,0x0C,0xD0,0x42,0x00,
    0x69,0x68,0x60,0x6B,0xF9,0xF7,0x00,0xFC,0x0E,0x20,0x28,0x56,0xA9,0x68,0x42,0x00,
    0xE0,0x6C,0xF9,0xF7,0xF9,0xFB,0x70,0xBD,0x42,0x00,0x69,0x68,0xE0,0x68,0xF9,0xF7,
    0xF3,0xFB,0x0E,0x20,0x28,0x56,0xA9,0x68,0x42,0x00,0x20,0x69,0xF9,0xF7,0xEC,0xFB,
    0x0F,0x20,0x28,0x56,0x61,0x6B,0x42,0x00,0x68,0x68,0xF9,0xF7,0xE5,0xFB,0x0E,0x20,
    0x28,0x56,0xE1,0x6C,0x42,0x00,0xA8,0x68,0xF9,0xF7,0xDE,0xFB,0xE1,0x68,0x60,0x6B,
    0x61,0x63,0xE0,0x60,0x21,0x69,0xE0,0x6C,0xE1,0x64,0x20,0x61,0x70,0xBD,0x00,0x00,
    0x0F,0x00,0x00,0x00,0xF7,0xB5,0x00,0x20,0x82,0xB0,0x20,0x4E,0x07,0x46,0x05,0x46,
    0x01,0x90,0x03,0x98,0x80,0x28,0x04,0xD1,0x00,0x22,0x04,0x21,0x02,0x98,0xFA,0xF7,
    0x89,0xFE,0x00,0x20,0x69,0x46,0x01,0xE0,0x08,0x88,0x40,0x1C,0x08,0x80,0x08,0x88,
    0x26,0x28,0xF9,0xD3,0x04,0x20,0xFA,0xF7,0x57,0xFB,0x15,0x49,0x03,0x98,0x08,0x43,
    0x14,0x49,0x08,0x80,0x00,0x22,0x20,0x21,0x04,0x20,0x00,0xF0,0xAB,0xFC,0x04,0x98,
    0x04,0x88,0x01,0x98,0x00,0x19,0x01,0x90,0x03,0x98,0x80,0x28,0x04,0xD1,0x00,0x22,
    0x02,0x21,0x02,0x98,0xFA,0xF7,0x66,0xFE,0xA7,0x42,0x00,0xD2,0x27,0x46,0xA6,0x42,
    0x00,0xD9,0x26,0x46,0x6D,0x1C,0xAD,0xB2,0x06,0x2D,0xCA,0xD3,0x01,0x98,0xB9,0x19,
    0x40,0x1A,0x80,0x03,0x00,0x0C,0x05,0xB0,0xF0,0xBD,0x00,0x00,0xFF,0xFF,0x00,0x00,
    0x63,0x04,0x00,0x00,0x00,0x10,0x00,0x40,0x10,0xB5,0x05,0x48,0xC0,0x68,0x00,0x28,
    0x00,0xD0,0x80,0x47,0x02,0x48,0x08,0x38,0xC1,0x78,0x49,0x1C,0xC1,0x70,0x10,0xBD,
    0xA8,0x1E,0x00,0x20,0xF7,0xB5,0x8A,0xB0,0x0A,0x98,0x0A,0x9D,0x3C,0x30,0x07,0x90,
    0x0A,0x98,0x14,0x46,0x0C,0x30,0x06,0x90,0x0A,0x98,0x24,0x35,0x18,0x30,0x05,0x90,
    0x0A,0x9E,0xFF,0x22,0x54,0x36,0x0C,0x21,0x0A,0x98,0xF9,0xF7,0x85,0xFB,0x18,0x21,
    0x07,0x98,0xF9,0xF7,0x88,0xFB,0x00,0x21,0x19,0xE0,0x48,0x00,0x38,0x4A,0x2A,0x52,
    0x84,0x46,0x00,0x20,0x0A,0x46,0x62,0x43,0x96,0x46,0x0D,0xE0,0x62,0x46,0xAF,0x5E,
    0x72,0x46,0x13,0x18,0x5A,0x00,0x0B,0x9B,0x9B,0x5A,0x9F,0x42,0x03,0xDA,0x0B,0x9F,
    0xBB,0x5A,0x67,0x46,0xEB,0x53,0x40,0x1C,0xA0,0x42,0xEF,0xDB,0x49,0x1C,0xA1,0x42,
    0xE3,0xDB,0x00,0x20,0x21,0xE0,0x00,0x20,0x04,0xE0,0x29,0x49,0x42,0x00,0x49,0x42,
    0xB1,0x52,0x40,0x1C,0xA0,0x42,0xF8,0xDB,0x0C,0x21,0x06,0x98,0xF9,0xF7,0x5B,0xFB,
    0x0C,0x21,0x05,0x98,0xF9,0xF7,0x57,0xFB,0x0B,0x9A,0x07,0x98,0x00,0x95,0x03,0x92,
    0x01,0x90,0x02,0x96,0x04,0x94,0x05,0x9B,0x06,0x9A,0x0A,0x99,0x08,0x98,0xFD,0xF7,
    0x77,0xFE,0x00,0x28,0x06,0xD0,0x08,0x98,0x40,0x1C,0x08,0x90,0xA0,0x42,0xDA,0xDB,
    0x0D,0xB0,0xF0,0xBD,0x16,0x49,0x49,0x42,0x00,0x20,0x09,0xE0,0x05,0x9A,0x12,0x5C,
    0x00,0x2A,0x04,0xD1,0x42,0x00,0xB2,0x5E,0x8A,0x42,0x00,0xDA,0x11,0x46,0x40,0x1C,
    0xA0,0x42,0xF3,0xDB,0x00,0x20,0x17,0xE0,0x06,0x9A,0x12,0x5C,0x00,0x2A,0x03,0xD0,
    0x42,0x00,0xAB,0x5A,0x5B,0x1A,0xAB,0x52,0x05,0x9A,0x12,0x5C,0x00,0x2A,0x06,0xD0,
    0x07,0x9B,0x42,0x00,0x9B,0x5A,0x07,0x9F,0x5B,0x18,0xBB,0x52,0x03,0xE0,0x42,0x00,
    0xB3,0x5A,0x5B,0x1A,0xB3,0x52,0x40,0x1C,0xA0,0x42,0xB5,0xDA,0xE4,0xE7,0x00,0x00,
    0x01,0x80,0xFF,0xFF,0xF0,0xB5,0x00,0x26,0x12,0xE0,0x4C,0x00,0x25,0x18,0x6A,0x78,
    0x00,0x2A,0x0D,0xD0,0x00,0x23,0xDB,0x43,0x00,0x22,0x05,0xE0,0x57,0x00,0x3F,0x18,
    0x7F,0x78,0x00,0x2F,0x08,0xD0,0x52,0x1C,0x8A,0x42,0xF7,0xDB,0x5B,0x1C,0x0A,0xD0,
    0x49,0x1E,0xEA,0xD5,0x00,0x23,0x1F,0xE0,0x13,0x46,0x04,0x5B,0x52,0x00,0x84,0x52,
    0x00,0x22,0x6A,0x70,0xF2,0xE7,0x4E,0x1C,0xF4,0xE7,0x5F,0x00,0x00,0x24,0xE4,0x43,
    0xC1,0x5D,0x5A,0x1C,0x06,0xE0,0x55,0x00,0x45,0x5D,0x8D,0x42,0x01,0xDA,0x29,0x46,
    0x14,0x46,0x52,0x1C,0xB2,0x42,0xF6,0xDB,0x61,0x1C,0x04,0xD0,0x61,0x00,0xC2,0x5B,
    0x44,0x5A,0xC4,0x53,0x42,0x52,0x5B,0x1C,0xB3,0x42,0xE6,0xDB,0x30,0x46,0xF0,0xBD,
    0x10,0xB5,0x05,0x48,0x00,0x68,0x00,0x28,0x00,0xD0,0x80,0x47,0x02,0x48,0x08,0x38,
    0x01,0x78,0x49,0x1C,0x01,0x70,0x10,0xBD,0xA8,0x1E,0x00,0x20,0x82,0x00,0x01,0x20,
    0xC0,0x03,0x00,0x21,0x43,0x00,0x9A,0x42,0x00,0xD2,0x80,0x20,0x01,0x43,0x0B,0x46,
    0x4B,0x43,0x93,0x42,0x00,0xD9,0x41,0x40,0x40,0x08,0xF7,0xD1,0x49,0x1C,0xC8,0x03,
    0x00,0x0C,0x70,0x47,0x0A,0x69,0x12,0x68,0x00,0x2A,0x00,0xD0,0x10,0x47,0x01,0x20,
    0x70,0x47,0x00,0x00,0xF7,0xB5,0x84,0xB0,0x05,0x98,0x05,0x9E,0x05,0x46,0x87,0x7D,
    0x04,0x69,0xD4,0x30,0x01,0x69,0x14,0x35,0xBF,0x1C,0xD4,0x36,0x00,0x29,0x06,0xD0,
    0x01,0x23,0x00,0x93,0x2B,0x78,0x6A,0x78,0x04,0x98,0xFA,0xF7,0xE1,0xFA,0xF1,0x68,
    0x00,0x29,0x06,0xD0,0x00,0x23,0x00,0x93,0x6B,0x78,0x2A,0x78,0x04,0x98,0xFA,0xF7,
    0xD7,0xFA,0x00,0x26,0xB0,0x00,0x00,0x19,0x43,0x69,0x00,0x2B,0x03,0xD0,0x29,0x46,
    0x06,0x9A,0x04,0x98,0x98,0x47,0x76,0x1C,0x05,0x2E,0xF3,0xDB,0x3E,0x01,0x30,0x46,
    0xFE,0xF7,0x06,0xFF,0x31,0x46,0x01,0x90,0xF9,0xF7,0x75,0xFA,0x00,0x20,0x02,0x90,
    0x05,0x98,0x40,0x30,0x40,0x79,0x00,0x28,0x10,0xD0,0x66,0x68,0x00,0x2E,0x0D,0xD0,
    0x21,0x46,0x06,0x9B,0x01,0x9A,0x04,0x98,0xB0,0x47,0x02,0x90,0x00,0x28,0x05,0xDD,
    0x02,0xAB,0x29,0x46,0x01,0x9A,0x04,0x98,0xFF,0xF7,0xA4,0xFD,0x0A,0x20,0x00,0xF0,
    0x83,0xFA,0x00,0x20,0x00,0x90,0x02,0x98,0x00,0x28,0x00,0xDD,0x00,0x90,0x28,0x46,
    0x20,0x30,0x00,0x99,0x03,0x90,0x01,0x73,0x04,0x99,0x89,0x89,0xC1,0x75,0xA0,0x68,
    0x00,0x28,0x21,0xD0,0x00,0x27,0x16,0xE0,0x3E,0x46,0x44,0x21,0x4E,0x43,0x71,0x1C,
    0x41,0x56,0x6A,0x7F,0x91,0x42,0x05,0xDC,0x91,0x42,0x0A,0xD1,0x81,0x57,0x2A,0x7F,
    0x91,0x42,0x06,0xDC,0x80,0x19,0x44,0x21,0xF9,0xF7,0x35,0xFA,0xA1,0x6B,0xFF,0x20,
    0x88,0x55,0x7F,0x1C,0xFF,0xB2,0xA8,0x78,0xB8,0x42,0xA0,0x6B,0xE4,0xD8,0xA6,0x68,
    0x29,0x46,0x00,0x9B,0x01,0x9A,0xB0,0x47,0xE2,0x68,0x00,0x2A,0x02,0xD0,0x29,0x46,
    0xA0,0x6B,0x90,0x47,0x28,0x46,0xA1,0x6B,0xF9,0xF7,0x88,0xFD,0x0B,0x20,0x00,0xF0,
    0x43,0xFA,0x00,0x26,0x30,0x46,0xA9,0x78,0x08,0xE0,0x44,0x22,0xA3,0x6B,0x42,0x43,
    0x9A,0x56,0x2B,0x7F,0x9A,0x42,0x00,0xDD,0x76,0x1C,0x40,0x1C,0x81,0x42,0xF4,0xDC,
    0x03,0x98,0x00,0x2E,0x46,0x73,0x04,0xD1,0x03,0x99,0x28,0x20,0x88,0x76,0x03,0x99,
    0x48,0x76,0x01,0x98,0xFE,0xF7,0x06,0xFF,0x21,0x69,0x00,0x29,0x02,0xD0,0x05,0x98,
    0x00,0x69,0x88,0x47,0x02,0x9B,0x00,0x2B,0x09,0xDA,0x00,0x93,0x96,0x23,0x05,0x4A,
    0x05,0xA1,0x02,0x20,0x00,0xF0,0x14,0xFA,0x02,0x98,0x07,0xB0,0xF0,0xBD,0x30,0x46,
    0xFB,0xE7,0x00,0x00,0x08,0x75,0x00,0x00,0x5B,0x25,0x73,0x28,0x29,0x3A,0x25,0x34,
    0x64,0x5D,0x49,0x3A,0x20,0x65,0x72,0x72,0x6F,0x72,0x20,0x74,0x6F,0x75,0x63,0x68,
    0x20,0x25,0x64,0x0A,0x00,0x00,0x00,0x00,0x70,0xB5,0x00,0x69,0x0C,0x46,0x45,0x6B,
    0x00,0x20,0x60,0x34,0x20,0x76,0x0C,0xE0,0x06,0x22,0x42,0x43,0x52,0x19,0x96,0x8A,
    0x43,0x00,0xCE,0x52,0xD2,0x8A,0x5B,0x18,0x9A,0x87,0x22,0x7E,0x52,0x1C,0x22,0x76,
    0x40,0x1C,0x2A,0x78,0x82,0x42,0xEF,0xDC,0x70,0xBD,0xF0,0xB5,0x06,0x46,0xC3,0x6B,
    0x82,0x6B,0x00,0x20,0x04,0x46,0x46,0xE0,0x00,0x25,0x55,0x57,0x1F,0x7F,0xBD,0x42,
    0x01,0xDC,0x44,0x32,0x3E,0xE0,0x95,0x78,0x6D,0x06,0x6D,0x0E,0x0D,0x70,0x95,0x8B,
    0xCD,0x81,0xD5,0x8B,0x8D,0x81,0x01,0x25,0x55,0x57,0x5F,0x7F,0xBD,0x42,0x4D,0x78,
    0x03,0xDC,0xED,0x09,0xED,0x01,0x6D,0x1C,0x01,0xE0,0xED,0x09,0xED,0x01,0x4D,0x70,
    0xD5,0x78,0xFF,0x2D,0x01,0xD2,0x6D,0x1C,0xD5,0x70,0x8D,0x70,0x55,0x78,0x00,0x2D,
    0x4D,0x78,0x08,0xD0,0x6D,0x06,0x6D,0x0E,0x4D,0x70,0x15,0x8A,0xCD,0x80,0x55,0x78,
    0x00,0x2D,0x03,0xD0,0x10,0xE0,0x80,0x27,0x3D,0x43,0xF5,0xE7,0x95,0x8A,0x4D,0x81,
    0xD5,0x8A,0x0D,0x81,0x15,0x8E,0x4D,0x82,0x55,0x8E,0x0D,0x82,0x95,0x7B,0xCD,0x70,
    0x55,0x7B,0x4D,0x71,0x15,0x7B,0x0D,0x71,0x9D,0x78,0x40,0x1C,0x14,0x31,0x44,0x32,
    0x85,0x42,0x04,0xD0,0x64,0x1C,0xF5,0x6B,0xAD,0x78,0xA5,0x42,0xB4,0xDC,0xF0,0xBD,
    0xF3,0xB5,0x05,0x46,0x41,0x88,0x89,0xB0,0x40,0x68,0xFE,0xF7,0x87,0xFE,0x02,0x20,
    0x28,0x70,0x01,0x20,0x68,0x70,0x9D,0xA0,0xE8,0x60,0x00,0x20,0x00,0xF0,0x83,0xF9,
    0x00,0x27,0x14,0x21,0x04,0xA8,0xF9,0xF7,0x56,0xF9,0x00,0x26,0x34,0x46,0xE0,0x00,
    0x00,0x90,0x0A,0x99,0x0A,0x58,0x00,0x2A,0x17,0xD0,0x00,0x21,0x28,0x46,0x90,0x47,
    0xC0,0x1C,0x80,0x08,0x80,0x00,0x00,0xB2,0x61,0x00,0x04,0xAA,0x50,0x52,0xC7,0x19,
    0x0A,0x99,0x00,0x98,0xAA,0x68,0x40,0x18,0x41,0x68,0x09,0x78,0x91,0x55,0x40,0x68,
    0xA9,0x68,0x76,0x1C,0x40,0x78,0x88,0x55,0x76,0x1C,0x64,0x1C,0x0A,0x2C,0xDE,0xDB,
    0xA9,0x68,0x00,0x20,0x88,0x55,0x69,0x78,0x28,0x78,0xAB,0x68,0xEA,0x68,0x03,0x93,
    0x6B,0x46,0x07,0xC3,0xFF,0x23,0x28,0x33,0x82,0x4A,0x83,0xA1,0x01,0x20,0x00,0xF0,
    0x47,0xF9,0x40,0x20,0x01,0x90,0xA8,0x7D,0x44,0x21,0x48,0x43,0xC0,0x1C,0x81,0x08,
    0x89,0x00,0x40,0x37,0x78,0x18,0x00,0x91,0xFE,0xF7,0xA2,0xFD,0x28,0x61,0x04,0x46,
    0x01,0x99,0xF9,0xF7,0x10,0xF9,0x20,0x46,0x40,0x30,0xA0,0x63,0x00,0x99,0x40,0x18,
    0x00,0x90,0x28,0x46,0x14,0x30,0xE0,0x63,0x2C,0x46,0x20,0x34,0x20,0x78,0xFF,0x28,
    0x01,0xD1,0x0A,0x20,0x20,0x70,0x60,0x78,0x1E,0x21,0xFF,0x28,0x00,0xD1,0x61,0x70,
    0xA0,0x78,0xFF,0x28,0x00,0xD1,0xA1,0x70,0xE0,0x78,0xFF,0x28,0x01,0xD1,0x01,0x20,
    0xE0,0x70,0x20,0x79,0x14,0x22,0xFF,0x28,0x00,0xD1,0x22,0x71,0xA0,0x7F,0xFF,0x28,
    0x01,0xD1,0x0A,0x20,0xA0,0x77,0x63,0x79,0x28,0x20,0xFF,0x2B,0x00,0xD1,0x60,0x71,
    0xA3,0x79,0xFF,0x2B,0x00,0xD1,0xA0,0x71,0x23,0x7F,0xFF,0x2B,0x01,0xD1,0x0D,0x23,
    0x23,0x77,0xE3,0x79,0xFF,0x2B,0x01,0xD1,0x19,0x23,0xE3,0x71,0x23,0x7A,0xFF,0x2B,
    0x00,0xD1,0x21,0x72,0x61,0x7A,0xFF,0x29,0x01,0xD1,0x2A,0x21,0x61,0x72,0xA1,0x7A,
    0xFF,0x29,0x01,0xD1,0x04,0x21,0xA1,0x72,0xE1,0x7A,0xFF,0x29,0x01,0xD1,0x64,0x21,
    0xE1,0x72,0x21,0x7B,0xFF,0x29,0x01,0xD1,0x64,0x21,0x21,0x73,0x61,0x7B,0xFF,0x29,
    0x01,0xD1,0x0A,0x21,0x61,0x73,0xA1,0x7B,0xFF,0x29,0x01,0xD1,0x64,0x21,0xA1,0x73,
    0x61,0x7F,0x32,0x23,0xFF,0x29,0x00,0xD1,0x63,0x77,0xE1,0x7B,0xFF,0x29,0x01,0xD1,
    0x64,0x21,0xE1,0x73,0x21,0x7C,0xFF,0x29,0x01,0xD1,0x01,0x21,0x21,0x74,0x61,0x7C,
    0xFF,0x29,0x01,0xD1,0x01,0x21,0x61,0x74,0xA1,0x7C,0xFF,0x29,0x01,0xD1,0x05,0x21,
    0xA1,0x74,0xE1,0x7C,0xFF,0x29,0x00,0xD1,0xE0,0x74,0x21,0x7D,0xFF,0x29,0x00,0xD1,
    0x22,0x75,0x61,0x7D,0xFF,0x29,0x01,0xD1,0x46,0x21,0x61,0x75,0xA1,0x7D,0xFF,0x29,
    0x00,0xD1,0xA0,0x75,0xE0,0x7D,0xFF,0x28,0x00,0xD1,0xE3,0x75,0x20,0x7E,0xFF,0x28,
    0x01,0xD1,0x96,0x20,0x20,0x76,0x61,0x7E,0x03,0x20,0xFF,0x29,0x00,0xD1,0x60,0x76,
    0xA1,0x7E,0xFF,0x29,0x01,0xD1,0x5A,0x21,0xA1,0x76,0xE1,0x7E,0xFF,0x29,0x00,0xD1,
    0xE0,0x76,0x2F,0x46,0x40,0x37,0x12,0x21,0x38,0x46,0xF9,0xF7,0x6C,0xF8,0x29,0x8B,
    0x68,0x8B,0x49,0x43,0x40,0x43,0x08,0x18,0xFF,0xF7,0xA0,0xFD,0xA1,0x7C,0x48,0x43,
    0x64,0x21,0xF9,0xF7,0xF8,0xF8,0x38,0x82,0xA0,0x7B,0x64,0x21,0xC0,0x01,0xF9,0xF7,
    0xF2,0xF8,0x78,0x72,0x60,0x7F,0x64,0x21,0xC0,0x01,0xF9,0xF7,0xEC,0xF8,0xB8,0x72,
    0x01,0x20,0xF8,0x71,0x00,0x20,0xB8,0x70,0x0A,0x20,0x78,0x71,0xFE,0x20,0x38,0x72,
    0x64,0x20,0x78,0x76,0x00,0x24,0x04,0xAF,0x0A,0x98,0xE1,0x00,0x42,0x58,0x00,0x2A,
    0x07,0xD0,0x28,0x46,0x00,0x99,0x90,0x47,0x60,0x00,0x39,0x5E,0x00,0x98,0x08,0x18,
    0x00,0x90,0x64,0x1C,0x0A,0x2C,0xEF,0xDB,0x09,0x22,0x06,0x21,0xE8,0x68,0x00,0xF0,
    0x59,0xF8,0x28,0x46,0x08,0x22,0x23,0x21,0x1C,0x30,0x00,0xF0,0x53,0xF8,0x0A,0x22,
    0x71,0xB2,0xA8,0x68,0x00,0xF0,0x4E,0xF8,0x0B,0xB0,0xF0,0xBD,0x31,0x32,0x32,0x30,
    0x30,0x00,0x00,0x00,0x18,0x75,0x00,0x00,0x5B,0x25,0x73,0x28,0x29,0x3A,0x25,0x34,
    0x64,0x5D,0x4B,0x3A,0x20,0x61,0x6C,0x67,0x20,0x76,0x65,0x72,0x69,0x6F,0x6E,0x3A,
    0x20,0x56,0x25,0x64,0x2E,0x25,0x64,0x2E,0x25,0x73,0x20,0x61,0x6C,0x67,0x20,0x74,
    0x79,0x70,0x65,0x73,0x3A,0x20,0x25,0x73,0x0A,0x00,0x00,0x00,0x30,0xB4,0x11,0x4B,
    0x58,0x88,0x58,0x80,0xEF,0xF3,0x08,0x82,0x0F,0x49,0x88,0x68,0x82,0x42,0x01,0xD8,
    0x0E,0x4A,0x02,0x60,0x0C,0x48,0x8A,0x78,0x80,0x79,0x00,0x2A,0x04,0xD1,0x4A,0x79,
    0xCC,0x79,0x42,0x43,0xA2,0x42,0x01,0xD2,0xA0,0x22,0x9A,0x80,0xFF,0x28,0x01,0xD2,
    0x40,0x1C,0x88,0x71,0xC8,0x68,0x00,0x28,0x01,0xD0,0x30,0xBC,0x00,0x47,0x30,0xBC,
    0x70,0x47,0x00,0x00,0x00,0x02,0x00,0x40,0xC0,0x1E,0x00,0x20,0x78,0x56,0x34,0x12,
    0x70,0x47,0x70,0x47,0x70,0x47,0x70,0x47,0x70,0x47,0x10,0xB5,0x00,0x29,0x05,0xD0,
    0x88,0x42,0x07,0xD2,0x50,0x60,0x00,0x20,0x10,0x60,0x2A,0xE0,0x00,0x20,0xC0,0x43,
    0x50,0x60,0x26,0xE0,0x00,0x23,0x04,0x0C,0x8C,0x42,0x01,0xD3,0x10,0x23,0x09,0x04,
    0x04,0x0A,0x8C,0x42,0x01,0xD3,0x08,0x33,0x09,0x02,0x04,0x09,0x8C,0x42,0x01,0xD3,
    0x1B,0x1D,0x09,0x01,0x84,0x08,0x8C,0x42,0x01,0xD3,0x9B,0x1C,0x89,0x00,0x44,0x08,
    0x8C,0x42,0x01,0xD3,0x5B,0x1C,0x49,0x00,0x00,0x24,0x40,0x1A,0x02,0xD4,0x64,0x00,
    0x64,0x1C,0x01,0xE0,0x40,0x18,0x64,0x00,0x49,0x08,0x5B,0x1E,0xF5,0xD5,0x14,0x60,
    0x50,0x60,0x90,0x68,0x00,0x28,0x02,0xD0,0x10,0x68,0x40,0x42,0x10,0x60,0xD0,0x68,
    0x00,0x28,0x02,0xD0,0x50,0x68,0x40,0x42,0x50,0x60,0x10,0xBD,0xF7,0xB5,0x04,0x46,
    0x00,0x78,0x00,0x27,0x00,0x28,0x0C,0xD0,0x06,0x21,0x48,0x43,0x00,0x19,0x03,0x8A,
    0xC2,0x89,0x02,0x99,0x01,0x98,0xFE,0xF7,0x39,0xFF,0x07,0x46,0x20,0x78,0x1E,0x28,
    0x03,0xD2,0x20,0x78,0x40,0x1C,0x20,0x70,0x28,0xE0,0xE0,0x8B,0xA1,0x8C,0x01,0x26,
    0x42,0x18,0x02,0x25,0x06,0x20,0x68,0x43,0x01,0x19,0x08,0x8B,0xC9,0x8B,0x40,0x18,
    0x90,0x42,0x01,0xDA,0x02,0x46,0x2E,0x46,0x6D,0x1C,0x1D,0x2D,0xF2,0xDB,0x06,0x20,
    0x70,0x43,0x05,0x19,0xAB,0x8B,0x6A,0x8B,0x29,0x8A,0xE8,0x89,0xFE,0xF7,0x16,0xFF,
    0xE8,0x83,0x09,0xE0,0x06,0x20,0x70,0x43,0x00,0x19,0x01,0x46,0x1A,0x31,0x14,0x30,
    0x06,0x22,0xF8,0xF7,0x31,0xFF,0x76,0x1C,0x1D,0x2E,0xF3,0xDB,0x21,0x78,0x06,0x22,
    0x51,0x43,0x09,0x19,0x01,0x98,0xC8,0x81,0x21,0x78,0x02,0x98,0x51,0x43,0x09,0x19,
    0x08,0x82,0x20,0x78,0x50,0x43,0x00,0x19,0x47,0x82,0x00,0x20,0xFE,0xBD,0x00,0x00,
    0x70,0xB5,0x64,0x21,0x48,0x43,0x06,0x46,0x00,0x24,0x09,0x4D,0x0C,0xE0,0xFF,0xF7,
    0x91,0xF9,0xA8,0x78,0x00,0x28,0x09,0xD1,0x01,0x20,0xFA,0xF7,0xAD,0xF9,0x00,0x21,
    0x01,0x20,0xFB,0xF7,0x21,0xF8,0x64,0x1C,0xB4,0x42,0xF0,0xD3,0xA8,0x78,0x70,0xBD,
    0xD4,0x02,0x00,0x20,0xF0,0xB5,0x94,0x46,0x00,0x24,0x25,0x4B,0x25,0x4A,0x25,0x46,
    0x04,0x26,0xC7,0x07,0x05,0xD0,0x1F,0x78,0x00,0x2F,0x02,0xD0,0x1D,0x70,0x01,0x27,
    0x3C,0x43,0x87,0x06,0x05,0xD5,0x5F,0x79,0x00,0x2F,0x02,0xD0,0x5D,0x71,0x20,0x27,
    0x3C,0x43,0x87,0x07,0x05,0xD5,0x5F,0x78,0x00,0x2F,0x02,0xD0,0x5D,0x70,0x02,0x27,
    0x3C,0x43,0x07,0x07,0x05,0xD5,0xDF,0x78,0x00,0x2F,0x02,0xD0,0xDD,0x70,0x08,0x27,
    0x3C,0x43,0x47,0x07,0x04,0xD5,0x9F,0x78,0x00,0x2F,0x01,0xD0,0x9D,0x70,0x34,0x43,
    0xC7,0x06,0x05,0xD5,0x1F,0x79,0x00,0x2F,0x02,0xD0,0x1D,0x71,0x10,0x27,0x3C,0x43,
    0x00,0x2C,0x06,0xD0,0x61,0x46,0x00,0x29,0x01,0xD0,0xF9,0xF7,0x65,0xFE,0x20,0x46,
    0xF0,0xBD,0x20,0x29,0xC5,0xD0,0x22,0x29,0x02,0xD1,0x17,0x69,0x37,0x43,0x17,0x61,
    0x30,0xBF,0x22,0x29,0xBD,0xD1,0x17,0x69,0xB7,0x43,0x17,0x61,0xB9,0xE7,0x00,0x00,
    0xA0,0x1E,0x00,0x20,0x00,0xED,0x00,0xE0,0x70,0xB5,0x05,0x46,0x0E,0x48,0x00,0x68,
    0xFF,0x30,0xA1,0x30,0x00,0x7C,0xFF,0xF7,0xB1,0xF8,0x02,0x20,0xF9,0xF7,0x44,0xFE,
    0x00,0x24,0x01,0x22,0x21,0x21,0x0A,0x20,0xFF,0xF7,0x9C,0xFF,0x80,0x07,0x07,0xD4,
    0x00,0x21,0x01,0x20,0xFA,0xF7,0xB0,0xFF,0x64,0x1C,0xA4,0xB2,0x64,0x2C,0xF0,0xD3,
    0x28,0x46,0xFF,0xF7,0x9B,0xF8,0x70,0xBD,0x1C,0x04,0x00,0x20,0x00,0x00,0x00,0x00,
    0x43,0x03,0x00,0x20,0xDB,0x03,0x00,0x20,0x00,0x8C,0x00,0x00,0xB4,0x02,0x00,0x20,
    0xDE,0x02,0x00,0x20,0xDA,0x00,0x00,0x20,0x1A,0x01,0x00,0x20,0x7C,0x01,0x00,0x20,
    0xE2,0x02,0x00,0x20,0x00,0x00,0x00,0x00,0x00,0x00,0x00,0x00,0x00,0x00,0x00,0x00,
    0x00,0x00,0x00,0x00,0x00,0x00,0x00,0x00,0x78,0x01,0x00,0x20,0x00,0x00,0x98,0x00,
    0x40,0x00,0x98,0x02,0x2A,0x00,0x04,0x00,0x40,0x00,0x5E,0x00,0x44,0x00,0x09,0x00,
    0x00,0x00,0x00,0x00,0x00,0x00,0x00,0x00,0x00,0x00,0x04,0x00,0x00,0x00,0x00,0x00,
    0x2D,0x64,0x00,0x00,0x85,0x63,0x00,0x00,0xF9,0x63,0x00,0x00,0x09,0x61,0x00,0x00,
    0x0D,0x61,0x00,0x00,0x03,0x61,0x00,0x00,0x05,0x61,0x00,0x00,0x79,0x0C,0x00,0x00,
    0xE3,0x75,0x00,0x00,0x91,0x0F,0x00,0x00,0xE6,0x75,0x00,0x00,0xF5,0x54,0x00,0x00,
    0xE0,0x75,0x00,0x00,0x1D,0x47,0x00,0x00,0xEC,0x75,0x00,0x00,0x79,0x4B,0x00,0x00,
    0xE9,0x75,0x00,0x00,0xCD,0x5F,0x00,0x00,0xEF,0x75,0x00,0x00,0x00,0x00,0x00,0x00,
    0xF2,0x75,0x00,0x00,0x00,0x00,0x00,0x00,0xF2,0x75,0x00,0x00,0x00,0x00,0x00,0x00,
    0xF2,0x75,0x00,0x00,0x00,0x00,0x00,0x00,0xF2,0x75,0x00,0x00,0x01,0x02,0x04,0x08,
    0x00,0x04,0x02,0x01,0x03,0x06,0x0C,0x12,0x18,0x1E,0x24,0x2A,0x06,0x0C,0x12,0x18,
    0x1E,0x24,0x30,0x3C,0x01,0x01,0xFF,0x01,0x01,0xFF,0x01,0x01,0x01,0xFF,0x01,0xFF,
    0x01,0x01,0xFF,0x01,0x01,0xFF,0x01,0x01,0xFF,0x01,0x01,0xFF,0x01,0xFF,0xFF,0x01,
    0x01,0x01,0xFF,0xFF,0x01,0x01,0x01,0xFF,0x01,0xFF,0x01,0xFF,0x01,0x01,0x01,0x01,
    0xFF,0xFF,0xFF,0x01,0x01,0x01,0xFF,0xFF,0xFF,0x01,0x01,0x01,0x01,0x01,0xFF,0x01,
    0x01,0x01,0x01,0x01,0xFF,0xFF,0x82,0x00,0x00,0x82,0x00,0x00,0x02,0x82,0x01,0x81,
    0x01,0x01,0x81,0x01,0x01,0x81,0x01,0x01,0x81,0x01,0x01,0x81,0x01,0x81,0x81,0x01,
    0x01,0x01,0x81,0x81,0x01,0x01,0x02,0x00,0x02,0x00,0x02,0x00,0x00,0x02,0x02,0x02,
    0x00,0x00,0x00,0x02,0x00,0x02,0x81,0x81,0x81,0x01,0x01,0x01,0x01,0x01,0x02,0x02,
    0x02,0x02,0x02,0x02,0x82,0x02,0xFF,0x01,0x01,0x01,0x01,0xFF,0x01,0x01,0x01,0x01,
    0xFF,0x01,0x01,0x01,0x01,0xFF,0x81,0x01,0x01,0x01,0x01,0x81,0x01,0x01,0x01,0x01,
    0x81,0x01,0x01,0x01,0x01,0x81,0x73,0x63,0x61,0x70,0x5F,0x63,0x68,0x65,0x63,0x6B,
    0x5F,0x70,0x6F,0x69,0x6E,0x74,0x5F,0x00,0x74,0x61,0x6C,0x67,0x5F,0x66,0x69,0x6E,
    0x64,0x5F,0x70,0x6F,0x69,0x6E,0x74,0x00,0x74,0x61,0x6C,0x67,0x5F,0x69,0x6E,0x69,
    0x74,0x00,0x61,0x6C,0x67,0x63,0x5F,0x62,0x61,0x73,0x65,0x6C,0x69,0x6E,0x65,0x32,
    0x5F,0x70,0x72,0x6F,0x63,0x00,0x65,0x64,0x67,0x65,0x5F,0x63,0x6F,0x6E,0x6E,0x65,
    0x63,0x74,0x5F,0x61,0x72,0x65,0x61,0x5F,0x00,0x65,0x64,0x67,0x65,0x5F,0x65,0x78,
    0x70,0x6F,0x72,0x74,0x5F,0x61,0x72,0x65,0x61,0x5F,0x00,0x65,0x64,0x67,0x65,0x5F,
    0x63,0x65,0x6E,0x74,0x72,0x6F,0x69,0x64,0x00,0x70,0x63,0x75,0x74,0x5F,0x63,0x65,
    0x6E,0x74,0x72,0x6F,0x69,0x64,0x00,0x70,0x6C,0x75,0x67,0x69,0x6E,0x5F,0x69,0x6E,
    0x69,0x74,0x5F,0x73,0x74,0x61,0x74,0x65,0x00,0x70,0x6C,0x75,0x67,0x69,0x6E,0x5F,
    0x69,0x6E,0x69,0x74,0x5F,0x73,0x74,0x61,0x74,0x65,0x5F,0x64,0x69,0x66,0x00,0x70,
    0x6C,0x75,0x67,0x69,0x6E,0x5F,0x69,0x6E,0x69,0x74,0x5F,0x73,0x74,0x61,0x74,0x65,
    0x5F,0x6E,0x73,0x63,0x61,0x70,0x00,0x6D,0x65,0x6D,0x5F,0x73,0x68,0x6F,0x77,0x5F,
    0x00,0x6D,0x65,0x6D,0x5F,0x61,0x6C,0x6C,0x6F,0x63,0x00,0x6D,0x61,0x74,0x63,0x68,
    0x5F,0x75,0x70,0x64,0x61,0x74,0x65,0x5F,0x68,0x69,0x73,0x74,0x6F,0x72,0x79,0x00,
    0x4D,0x30,0x00,0x42,0x31,0x00,0x43,0x31,0x00,0x47,0x31,0x00,0x46,0x32,0x00,0x50,
    0x34,0x00,0x4E,0x55,0x4C,0x4C,0x00,0x00,0x18,0x76,0x00,0x00,0x00,0x00,0x00,0x20,
    0x08,0x00,0x00,0x00,0x24,0x02,0x00,0x00,0x20,0x76,0x00,0x00,0x08,0x00,0x00,0x20,
    0xF0,0x1F,0x00,0x00,0x34,0x02,0x00,0x00,0x14,0x32,0xCE,0x0A,0x00,0x00,0x00,0x00,
    0xFF,0xFF,0xFF,0xFF,0xFF,0xFF,0xFF,0xFF,0xFF,0xFF,0xFF,0xFF,0xFF,0xFF,0xFF,0xFF,
    0xFF,0xFF,0xFF,0xFF,0xFF,0xFF,0xFF,0xFF,0xFF,0xFF,0xFF,0xFF,0xFF,0xFF,0xFF,0xFF,
    0xFF,0xFF,0xFF,0xFF,0xFF,0xFF,0xFF,0xFF,0xFF,0xFF,0xFF,0xFF,0xFF,0xFF,0xFF,0xFF,
    0xFF,0xFF,0xFF,0xFF,0xFF,0xFF,0xFF,0xFF,0xFF,0xFF,0xFF,0xFF,0xFF,0xFF,0xFF,0xFF,
    0xFF,0xFF,0xFF,0xFF,0xFF,0xFF,0xFF,0xFF,0xFF,0xFF,0xFF,0xFF,0xFF,0xFF,0xFF,0xFF,
    0xFF,0xFF,0xFF,0xFF,0xFF,0xFF,0xFF,0xFF,0xFF,0xFF,0xFF,0xFF,0xFF,0xFF,0xFF,0xFF,
    0xFF,0xFF,0xFF,0xFF,0xFF,0xFF,0xFF,0xFF,0xFF,0xFF,0xFF,0xFF,0xFF,0xFF,0xFF,0xFF,
    0xFF,0xFF,0xFF,0xFF,0xFF,0xFF,0xFF,0xFF,0xFF,0xFF,0xFF,0xFF,0xFF,0xFF,0xFF,0xFF,
    0xFF,0xFF,0xFF,0xFF,0xFF,0xFF,0xFF,0xFF,0xFF,0xFF,0xFF,0xFF,0xFF,0xFF,0xFF,0xFF,
    0xFF,0xFF,0xFF,0xFF,0xFF,0xFF,0xFF,0xFF,0xFF,0xFF,0xFF,0xFF,0xFF,0xFF,0xFF,0xFF,
    0xFF,0xFF,0xFF,0xFF,0xFF,0xFF,0xFF,0xFF,0xFF,0xFF,0xFF,0xFF,0xFF,0xFF,0xFF,0xFF,
    0xFF,0xFF,0xFF,0xFF,0xFF,0xFF,0xFF,0xFF,0xFF,0xFF,0xFF,0xFF,0xFF,0xFF,0xFF,0xFF,
    0xFF,0xFF,0xFF,0xFF,0xFF,0xFF,0xFF,0xFF,0xFF,0xFF,0xFF,0xFF,0xFF,0xFF,0xFF,0xFF,
    0xFF,0xFF,0xFF,0xFF,0xFF,0xFF,0xFF,0xFF,0xFF,0xFF,0xFF,0xFF,0xFF,0xFF,0xFF,0xFF,
    0xFF,0xFF,0xFF,0xFF,0xFF,0xFF,0xFF,0xFF,0xFF,0xFF,0xFF,0xFF,0xFF,0xFF,0xFF,0xFF,
    0xFF,0xFF,0xFF,0xFF,0xFF,0xFF,0xFF,0xFF,0xFF,0xFF,0xFF,0xFF,0xFF,0xFF,0xFF,0xFF,
    0xFF,0xFF,0xFF,0xFF,0xFF,0xFF,0xFF,0xFF,0xFF,0xFF,0xFF,0xFF,0xFF,0xFF,0xFF,0xFF,
    0xFF,0xFF,0xFF,0xFF,0xFF,0xFF,0xFF,0xFF,0xFF,0xFF,0xFF,0xFF,0xFF,0xFF,0xFF,0xFF,
    0xFF,0xFF,0xFF,0xFF,0xFF,0xFF,0xFF,0xFF,0xFF,0xFF,0xFF,0xFF,0xFF,0xFF,0xFF,0xFF,
    0xFF,0xFF,0xFF,0xFF,0xFF,0xFF,0xFF,0xFF,0xFF,0xFF,0xFF,0xFF,0xFF,0xFF,0xFF,0xFF,
    0xFF,0xFF,0xFF,0xFF,0xFF,0xFF,0xFF,0xFF,0xFF,0xFF,0xFF,0xFF,0xFF,0xFF,0xFF,0xFF,
    0xFF,0xFF,0xFF,0xFF,0xFF,0xFF,0xFF,0xFF,0xFF,0xFF,0xFF,0xFF,0xFF,0xFF,0xFF,0xFF,
    0xFF,0xFF,0xFF,0xFF,0xFF,0xFF,0xFF,0xFF,0xFF,0xFF,0xFF,0xFF,0xFF,0xFF,0xFF,0xFF,
    0xFF,0xFF,0xFF,0xFF,0xFF,0xFF,0xFF,0xFF,0xFF,0xFF,0xFF,0xFF,0xFF,0xFF,0xFF,0xFF,
    0xFF,0xFF,0xFF,0xFF,0xFF,0xFF,0xFF,0xFF,0xFF,0xFF,0xFF,0xFF,0xFF,0xFF,0xFF,0xFF,
    0xFF,0xFF,0xFF,0xFF,0xFF,0xFF,0xFF,0xFF,0xFF,0xFF,0xFF,0xFF,0xFF,0xFF,0xFF,0xFF,
    0xFF,0xFF,0xFF,0xFF,0xFF,0xFF,0xFF,0xFF,0xFF,0xFF,0xFF,0xFF,0xFF,0xFF,0xFF,0xFF,
    0xFF,0xFF,0xFF,0xFF,0xFF,0xFF,0xFF,0xFF,0xFF,0xFF,0xFF,0xFF,0xFF,0xFF,0xFF,0xFF,
    0xFF,0xFF,0xFF,0xFF,0xFF,0xFF,0xFF,0xFF,0xFF,0xFF,0xFF,0xFF,0xFF,0xFF,0xFF,0xFF,
    0xFF,0xFF,0xFF,0xFF,0xFF,0xFF,0xFF,0xFF,0xFF,0xFF,0xFF,0xFF,0xFF,0xFF,0xFF,0xFF,
    0xFF,0xFF,0xFF,0xFF,0xFF,0xFF,0xFF,0xFF,0xFF,0xFF,0xFF,0xFF,0xFF,0xFF,0xFF,0xFF,
    0xFF,0xFF,0xFF,0xFF,0xFF,0xFF,0xFF,0xFF,0xFF,0xFF,0xFF,0xFF,0xFF,0xFF,0xFF,0xFF,
    0xFF,0xFF,0xFF,0xFF,0xFF,0xFF,0xFF,0xFF,0xFF,0xFF,0xFF,0xFF,0xFF,0xFF,0xFF,0xFF,
    0xFF,0xFF,0xFF,0xFF,0xFF,0xFF,0xFF,0xFF,0xFF,0xFF,0xFF,0xFF,0xFF,0xFF,0xFF,0xFF,
    0xFF,0xFF,0xFF,0xFF,0xFF,0xFF,0xFF,0xFF,0xFF,0xFF,0xFF,0xFF,0xFF,0xFF,0xFF,0xFF,
    0xFF,0xFF,0xFF,0xFF,0xFF,0xFF,0xFF,0xFF,0xFF,0xFF,0xFF,0xFF,0xFF,0xFF,0xFF,0xFF,
    0xFF,0xFF,0xFF,0xFF,0xFF,0xFF,0xFF,0xFF,0xFF,0xFF,0xFF,0xFF,0xFF,0xFF,0xFF,0xFF,
    0xFF,0xFF,0xFF,0xFF,0xFF,0xFF,0xFF,0xFF,0xFF,0xFF,0xFF,0xFF,0xFF,0xFF,0xFF,0xFF,
    0xFF,0xFF,0xFF,0xFF,0xFF,0xFF,0xFF,0xFF,0xFF,0xFF,0xFF,0xFF,0xFF,0xFF,0xFF,0xFF,
    0xFF,0xFF,0xFF,0xFF,0xFF,0xFF,0xFF,0xFF,0xFF,0xFF,0xFF,0xFF,0xFF,0xFF,0xFF,0xFF,
    0xFF,0xFF,0xFF,0xFF,0xFF,0xFF,0xFF,0xFF,0xFF,0xFF,0xFF,0xFF,0xFF,0xFF,0xFF,0xFF,
    0xFF,0xFF,0xFF,0xFF,0xFF,0xFF,0xFF,0xFF,0xFF,0xFF,0xFF,0xFF,0xFF,0xFF,0xFF,0xFF,
    0xFF,0xFF,0xFF,0xFF,0xFF,0xFF,0xFF,0xFF,0xFF,0xFF,0xFF,0xFF,0xFF,0xFF,0xFF,0xFF,
    0xFF,0xFF,0xFF,0xFF,0xFF,0xFF,0xFF,0xFF,0xFF,0xFF,0xFF,0xFF,0xFF,0xFF,0xFF,0xFF,
    0xFF,0xFF,0xFF,0xFF,0xFF,0xFF,0xFF,0xFF,0xFF,0xFF,0xFF,0xFF,0xFF,0xFF,0xFF,0xFF,
    0xFF,0xFF,0xFF,0xFF,0xFF,0xFF,0xFF,0xFF,0xFF,0xFF,0xFF,0xFF,0xFF,0xFF,0xFF,0xFF,
    0xFF,0xFF,0xFF,0xFF,0xFF,0xFF,0xFF,0xFF,0xFF,0xFF,0xFF,0xFF,0xFF,0xFF,0xFF,0xFF,
    0xFF,0xFF,0xFF,0xFF,0xFF,0xFF,0xFF,0xFF,0xFF,0xFF,0xFF,0xFF,0xFF,0xFF,0xFF,0xFF,
    0xFF,0xFF,0xFF,0xFF,0xFF,0xFF,0xFF,0xFF,0xFF,0xFF,0xFF,0xFF,0xFF,0xFF,0xFF,0xFF,
    0xFF,0xFF,0xFF,0xFF,0xFF,0xFF,0xFF,0xFF,0xFF,0xFF,0xFF,0xFF,0xFF,0xFF,0xFF,0xFF,
    0xFF,0xFF,0xFF,0xFF,0xFF,0xFF,0xFF,0xFF,0xFF,0xFF,0xFF,0xFF,0xFF,0xFF,0xFF,0xFF,
    0xFF,0xFF,0xFF,0xFF,0xFF,0xFF,0xFF,0xFF,0xFF,0xFF,0xFF,0xFF,0xFF,0xFF,0xFF,0xFF,
    0xFF,0xFF,0xFF,0xFF,0xFF,0xFF,0xFF,0xFF,0xFF,0xFF,0xFF,0xFF,0xFF,0xFF,0xFF,0xFF,
    0xFF,0xFF,0xFF,0xFF,0xFF,0xFF,0xFF,0xFF,0xFF,0xFF,0xFF,0xFF,0xFF,0xFF,0xFF,0xFF,
    0xFF,0xFF,0xFF,0xFF,0xFF,0xFF,0xFF,0xFF,0xFF,0xFF,0xFF,0xFF,0xFF,0xFF,0xFF,0xFF,
    0xFF,0xFF,0xFF,0xFF,0xFF,0xFF,0xFF,0xFF,0xFF,0xFF,0xFF,0xFF,0xFF,0xFF,0xFF,0xFF,
    0xFF,0xFF,0xFF,0xFF,0xFF,0xFF,0xFF,0xFF,0xFF,0xFF,0xFF,0xFF,0xFF,0xFF,0xFF,0xFF,
    0xFF,0xFF,0xFF,0xFF,0xFF,0xFF,0xFF,0xFF,0xFF,0xFF,0xFF,0xFF,0xFF,0xFF,0xFF,0xFF,
    0xFF,0xFF,0xFF,0xFF,0xFF,0xFF,0xFF,0xFF,0xFF,0xFF,0xFF,0xFF,0xFF,0xFF,0xFF,0xFF,
    0xFF,0xFF,0xFF,0xFF,0xFF,0xFF,0xFF,0xFF,0xFF,0xFF,0xFF,0xFF,0xFF,0xFF,0xFF,0xFF,
    0xFF,0xFF,0xFF,0xFF,0xFF,0xFF,0xFF,0xFF,0xFF,0xFF,0xFF,0xFF,0xFF,0xFF,0xFF,0xFF,
    0xFF,0xFF,0xFF,0xFF,0xFF,0xFF,0xFF,0xFF,0xFF,0xFF,0xFF,0xFF,0xFF,0xFF,0xFF,0xFF,
    0xFF,0xFF,0xFF,0xFF,0xFF,0xFF,0xFF,0xFF,0xFF,0xFF,0xFF,0xFF,0xFF,0xFF,0xFF,0xFF,
    0xFF,0xFF,0xFF,0xFF,0xFF,0xFF,0xFF,0xFF,0xFF,0xFF,0xFF,0xFF,0xFF,0xFF,0xFF,0xFF,
    0xFF,0xFF,0xFF,0xFF,0xFF,0xFF,0xFF,0xFF,0xFF,0xFF,0xFF,0xFF,0xFF,0xFF,0xFF,0xFF,
    0xFF,0xFF,0xFF,0xFF,0xFF,0xFF,0xFF,0xFF,0xFF,0xFF,0xFF,0xFF,0xFF,0xFF,0xFF,0xFF,
    0xFF,0xFF,0xFF,0xFF,0xFF,0xFF,0xFF,0xFF,0xFF,0xFF,0xFF,0xFF,0xFF,0xFF,0xFF,0xFF,
    0xFF,0xFF,0xFF,0xFF,0xFF,0xFF,0xFF,0xFF,0xFF,0xFF,0xFF,0xFF,0xFF,0xFF,0xFF,0xFF,
    0xFF,0xFF,0xFF,0xFF,0xFF,0xFF,0xFF,0xFF,0xFF,0xFF,0xFF,0xFF,0xFF,0xFF,0xFF,0xFF,
    0xFF,0xFF,0xFF,0xFF,0xFF,0xFF,0xFF,0xFF,0xFF,0xFF,0xFF,0xFF,0xFF,0xFF,0xFF,0xFF,
    0xFF,0xFF,0xFF,0xFF,0xFF,0xFF,0xFF,0xFF,0xFF,0xFF,0xFF,0xFF,0xFF,0xFF,0xFF,0xFF,
    0xFF,0xFF,0xFF,0xFF,0xFF,0xFF,0xFF,0xFF,0xFF,0xFF,0xFF,0xFF,0xFF,0xFF,0xFF,0xFF,
    0xFF,0xFF,0xFF,0xFF,0xFF,0xFF,0xFF,0xFF,0xFF,0xFF,0xFF,0xFF,0xFF,0xFF,0xFF,0xFF,
    0xFF,0xFF,0xFF,0xFF,0xFF,0xFF,0xFF,0xFF,0xFF,0xFF,0xFF,0xFF,0xFF,0xFF,0xFF,0xFF,
    0xFF,0xFF,0xFF,0xFF,0xFF,0xFF,0xFF,0xFF,0xFF,0xFF,0xFF,0xFF,0xFF,0xFF,0xFF,0xFF,
    0xFF,0xFF,0xFF,0xFF,0xFF,0xFF,0xFF,0xFF,0xFF,0xFF,0xFF,0xFF,0xFF,0xFF,0xFF,0xFF,
    0xFF,0xFF,0xFF,0xFF,0xFF,0xFF,0xFF,0xFF,0xFF,0xFF,0xFF,0xFF,0xFF,0xFF,0xFF,0xFF,
    0xFF,0xFF,0xFF,0xFF,0xFF,0xFF,0xFF,0xFF,0xFF,0xFF,0xFF,0xFF,0xFF,0xFF,0xFF,0xFF,
    0xFF,0xFF,0xFF,0xFF,0xFF,0xFF,0xFF,0xFF,0xFF,0xFF,0xFF,0xFF,0xFF,0xFF,0xFF,0xFF,
    0xFF,0xFF,0xFF,0xFF,0xFF,0xFF,0xFF,0xFF,0xFF,0xFF,0xFF,0xFF,0xFF,0xFF,0xFF,0xFF,
    0xFF,0xFF,0xFF,0xFF,0xFF,0xFF,0xFF,0xFF,0xFF,0xFF,0xFF,0xFF,0xFF,0xFF,0xFF,0xFF,
    0xFF,0xFF,0xFF,0xFF,0xFF,0xFF,0xFF,0xFF,0xFF,0xFF,0xFF,0xFF,0xFF,0xFF,0xFF,0xFF,
    0xFF,0xFF,0xFF,0xFF,0xFF,0xFF,0xFF,0xFF,0xFF,0xFF,0xFF,0xFF,0xFF,0xFF,0xFF,0xFF,
    0xFF,0xFF,0xFF,0xFF,0xFF,0xFF,0xFF,0xFF,0xFF,0xFF,0xFF,0xFF,0xFF,0xFF,0xFF,0xFF,
    0xFF,0xFF,0xFF,0xFF,0xFF,0xFF,0xFF,0xFF,0xFF,0xFF,0xFF,0xFF,0xFF,0xFF,0xFF,0xFF,
    0xFF,0xFF,0xFF,0xFF,0xFF,0xFF,0xFF,0xFF,0xFF,0xFF,0xFF,0xFF,0xFF,0xFF,0xFF,0xFF,
    0xFF,0xFF,0xFF,0xFF,0xFF,0xFF,0xFF,0xFF,0xFF,0xFF,0xFF,0xFF,0xFF,0xFF,0xFF,0xFF,
    0xFF,0xFF,0xFF,0xFF,0xFF,0xFF,0xFF,0xFF,0xFF,0xFF,0xFF,0xFF,0xFF,0xFF,0xFF,0xFF,
    0xFF,0xFF,0xFF,0xFF,0xFF,0xFF,0xFF,0xFF,0xFF,0xFF,0xFF,0xFF,0xFF,0xFF,0xFF,0xFF,
    0xFF,0xFF,0xFF,0xFF,0xFF,0xFF,0xFF,0xFF,0xFF,0xFF,0xFF,0xFF,0xFF,0xFF,0xFF,0xFF,
    0xFF,0xFF,0xFF,0xFF,0xFF,0xFF,0xFF,0xFF,0xFF,0xFF,0xFF,0xFF,0xFF,0xFF,0xFF,0xFF,
    0xFF,0xFF,0xFF,0xFF,0xFF,0xFF,0xFF,0xFF,0xFF,0xFF,0xFF,0xFF,0xFF,0xFF,0xFF,0xFF,
    0xFF,0xFF,0xFF,0xFF,0xFF,0xFF,0xFF,0xFF,0xFF,0xFF,0xFF,0xFF,0xFF,0xFF,0xFF,0xFF,
    0xFF,0xFF,0xFF,0xFF,0xFF,0xFF,0xFF,0xFF,0xFF,0xFF,0xFF,0xFF,0xFF,0xFF,0xFF,0xFF,
    0xFF,0xFF,0xFF,0xFF,0xFF,0xFF,0xFF,0xFF,0xFF,0xFF,0xFF,0xFF,0xFF,0xFF,0xFF,0xFF,
    0xFF,0xFF,0xFF,0xFF,0xFF,0xFF,0xFF,0xFF,0xFF,0xFF,0xFF,0xFF,0xFF,0xFF,0xFF,0xFF,
    0xFF,0xFF,0xFF,0xFF,0xFF,0xFF,0xFF,0xFF,0xFF,0xFF,0xFF,0xFF,0xFF,0xFF,0xFF,0xFF,
    0xFF,0xFF,0xFF,0xFF,0xFF,0xFF,0xFF,0xFF,0xFF,0xFF,0xFF,0xFF,0xFF,0xFF,0xFF,0xFF,
    0xFF,0xFF,0xFF,0xFF,0xFF,0xFF,0xFF,0xFF,0xFF,0xFF,0xFF,0xFF,0xFF,0xFF,0xFF,0xFF,
    0xFF,0xFF,0xFF,0xFF,0xFF,0xFF,0xFF,0xFF,0xFF,0xFF,0xFF,0xFF,0xFF,0xFF,0xFF,0xFF,
    0xFF,0xFF,0xFF,0xFF,0xFF,0xFF,0xFF,0xFF,0xFF,0xFF,0xFF,0xFF,0xFF,0xFF,0xFF,0xFF,
    0xFF,0xFF,0xFF,0xFF,0xFF,0xFF,0xFF,0xFF,0xFF,0xFF,0xFF,0xFF,0xFF,0xFF,0xFF,0xFF,
    0xFF,0xFF,0xFF,0xFF,0xFF,0xFF,0xFF,0xFF,0xFF,0xFF,0xFF,0xFF,0xFF,0xFF,0xFF,0xFF,
    0xFF,0xFF,0xFF,0xFF,0xFF,0xFF,0xFF,0xFF,0xFF,0xFF,0xFF,0xFF,0xFF,0xFF,0xFF,0xFF,
    0xFF,0xFF,0xFF,0xFF,0xFF,0xFF,0xFF,0xFF,0xFF,0xFF,0xFF,0xFF,0xFF,0xFF,0xFF,0xFF,
    0xFF,0xFF,0xFF,0xFF,0xFF,0xFF,0xFF,0xFF,0xFF,0xFF,0xFF,0xFF,0xFF,0xFF,0xFF,0xFF,
    0xFF,0xFF,0xFF,0xFF,0xFF,0xFF,0xFF,0xFF,0xFF,0xFF,0xFF,0xFF,0xFF,0xFF,0xFF,0xFF,
    0xFF,0xFF,0xFF,0xFF,0xFF,0xFF,0xFF,0xFF,0xFF,0xFF,0xFF,0xFF,0xFF,0xFF,0xFF,0xFF,
    0xFF,0xFF,0xFF,0xFF,0xFF,0xFF,0xFF,0xFF,0xFF,0xFF,0xFF,0xFF,0xFF,0xFF,0xFF,0xFF,
    0xFF,0xFF,0xFF,0xFF,0xFF,0xFF,0xFF,0xFF,0xFF,0xFF,0xFF,0xFF,0xFF,0xFF,0xFF,0xFF,
    0xFF,0xFF,0xFF,0xFF,0xFF,0xFF,0xFF,0xFF,0xFF,0xFF,0xFF,0xFF,0xFF,0xFF,0xFF,0xFF,
    0xFF,0xFF,0xFF,0xFF,0xFF,0xFF,0xFF,0xFF,0xFF,0xFF,0xFF,0xFF,0xFF,0xFF,0xFF,0xFF,
    0xFF,0xFF,0xFF,0xFF,0xFF,0xFF,0xFF,0xFF,0xFF,0xFF,0xFF,0xFF,0xFF,0xFF,0xFF,0xFF,
    0xFF,0xFF,0xFF,0xFF,0xFF,0xFF,0xFF,0xFF,0xFF,0xFF,0xFF,0xFF,0xFF,0xFF,0xFF,0xFF,
    0xFF,0xFF,0xFF,0xFF,0xFF,0xFF,0xFF,0xFF,0xFF,0xFF,0xFF,0xFF,0xFF,0xFF,0xFF,0xFF,
    0xFF,0xFF,0xFF,0xFF,0xFF,0xFF,0xFF,0xFF,0xFF,0xFF,0xFF,0xFF,0xFF,0xFF,0xFF,0xFF,
    0xFF,0xFF,0xFF,0xFF,0xFF,0xFF,0xFF,0xFF,0xFF,0xFF,0xFF,0xFF,0xFF,0xFF,0xFF,0xFF,
    0xFF,0xFF,0xFF,0xFF,0xFF,0xFF,0xFF,0xFF,0xFF,0xFF,0xFF,0xFF,0xFF,0xFF,0xFF,0xFF,
    0xFF,0xFF,0xFF,0xFF,0xFF,0xFF,0xFF,0xFF,0xFF,0xFF,0xFF,0xFF,0xFF,0xFF,0xFF,0xFF,
    0xFF,0xFF,0xFF,0xFF,0xFF,0xFF,0xFF,0xFF,0xFF,0xFF,0xFF,0xFF,0xFF,0xFF,0xFF,0xFF,
    0xFF,0xFF,0xFF,0xFF,0xFF,0xFF,0xFF,0xFF,0xFF,0xFF,0xFF,0xFF,0xFF,0xFF,0xFF,0xFF,
    0xFF,0xFF,0xFF,0xFF,0xFF,0xFF,0xFF,0xFF,0xFF,0xFF,0xFF,0xFF,0xFF,0xFF,0xFF,0xFF,
    0xFF,0xFF,0xFF,0xFF,0xFF,0xFF,0xFF,0xFF,0xFF,0xFF,0xFF,0xFF,0xFF,0xFF,0xFF,0xFF,
    0xFF,0xFF,0xFF,0xFF,0xFF,0xFF,0xFF,0xFF,0xFF,0xFF,0xFF,0xFF,0xFF,0xFF,0xFF,0xFF,
    0xFF,0xFF,0xFF,0xFF,0xFF,0xFF,0xFF,0xFF,0xFF,0xFF,0xFF,0xFF,0xFF,0xFF,0xFF,0xFF,
    0xFF,0xFF,0xFF,0xFF,0xFF,0xFF,0xFF,0xFF,0xFF,0xFF,0xFF,0xFF,0xFF,0xFF,0xFF,0xFF,
    0xFF,0xFF,0xFF,0xFF,0xFF,0xFF,0xFF,0xFF,0xFF,0xFF,0xFF,0xFF,0xFF,0xFF,0xFF,0xFF,
    0xFF,0xFF,0xFF,0xFF,0xFF,0xFF,0xFF,0xFF,0xFF,0xFF,0xFF,0xFF,0xFF,0xFF,0xFF,0xFF,
    0xFF,0xFF,0xFF,0xFF,0xFF,0xFF,0xFF,0xFF,0xFF,0xFF,0xFF,0xFF,0xFF,0xFF,0xFF,0xFF,
    0xFF,0xFF,0xFF,0xFF,0xFF,0xFF,0xFF,0xFF,0xFF,0xFF,0xFF,0xFF,0xFF,0xFF,0xFF,0xFF,
    0xFF,0xFF,0xFF,0xFF,0xFF,0xFF,0xFF,0xFF,0xFF,0xFF,0xFF,0xFF,0xFF,0xFF,0xFF,0xFF,
    0xFF,0xFF,0xFF,0xFF,0xFF,0xFF,0xFF,0xFF,0xFF,0xFF,0xFF,0xFF,0xFF,0xFF,0xFF,0xFF,
    0xFF,0xFF,0xFF,0xFF,0xFF,0xFF,0xFF,0xFF,0xFF,0xFF,0xFF,0xFF,0xFF,0xFF,0xFF,0xFF,
    0xFF,0xFF,0xFF,0xFF,0xFF,0xFF,0xFF,0xFF,0xFF,0xFF,0xFF,0xFF,0xFF,0xFF,0xFF,0xFF,
    0xFF,0xFF,0xFF,0xFF,0xFF,0xFF,0xFF,0xFF,0xFF,0xFF,0xFF,0xFF,0xFF,0xFF,0xFF,0xFF,
    0xFF,0xFF,0xFF,0xFF,0xFF,0xFF,0xFF,0xFF,0xFF,0xFF,0xFF,0xFF,0xFF,0xFF,0xFF,0xFF,
    0xFF,0xFF,0xFF,0xFF,0xFF,0xFF,0xFF,0xFF,0xFF,0xFF,0xFF,0xFF,0xFF,0xFF,0xFF,0xFF,
    0xFF,0xFF,0xFF,0xFF,0xFF,0xFF,0xFF,0xFF,0xFF,0xFF,0xFF,0xFF,0xFF,0xFF,0xFF,0xFF,
    0xFF,0xFF,0xFF,0xFF,0xFF,0xFF,0xFF,0xFF,0xFF,0xFF,0xFF,0xFF,0xFF,0xFF,0xFF,0xFF,
    0xFF,0xFF,0xFF,0xFF,0xFF,0xFF,0xFF,0xFF,0xFF,0xFF,0xFF,0xFF,0xFF,0xFF,0xFF,0xFF,
    0xFF,0xFF,0xFF,0xFF,0xFF,0xFF,0xFF,0xFF,0xFF,0xFF,0xFF,0xFF,0xFF,0xFF,0xFF,0xFF,
    0xFF,0xFF,0xFF,0xFF,0xFF,0xFF,0xFF,0xFF,0xFF,0xFF,0xFF,0xFF,0xFF,0xFF,0xFF,0xFF,
    0xFF,0xFF,0xFF,0xFF,0xFF,0xFF,0xFF,0xFF,0xFF,0xFF,0xFF,0xFF,0xFF,0xFF,0xFF,0xFF,
    0xFF,0xFF,0xFF,0xFF,0xFF,0xFF,0xFF,0xFF,0xFF,0xFF,0xFF,0xFF,0xFF,0xFF,0xFF,0xFF,
    0xFF,0xFF,0xFF,0xFF,0xFF,0xFF,0xFF,0xFF,0xFF,0xFF,0xFF,0xFF,0xFF,0xFF,0xFF,0xFF,
    0xFF,0xFF,0xFF,0xFF,0xFF,0xFF,0xFF,0xFF,0xFF,0xFF,0xFF,0xFF,0xFF,0xFF,0xFF,0xFF,
    0xFF,0xFF,0xFF,0xFF,0xFF,0xFF,0xFF,0xFF,0xFF,0xFF,0xFF,0xFF,0xFF,0xFF,0xFF,0xFF,
    0xFF,0xFF,0xFF,0xFF,0xFF,0xFF,0xFF,0xFF,0xFF,0xFF,0xFF,0xFF,0xFF,0xFF,0xFF,0xFF,
    0xFF,0xFF,0xFF,0xFF,0xFF,0xFF,0xFF,0xFF,0xFF,0xFF,0xFF,0xFF,0xFF,0xFF,0xFF,0xFF,
    0xFF,0xFF,0xFF,0xFF,0xFF,0xFF,0xFF,0xFF,0xFF,0xFF,0xFF,0xFF,0xFF,0xFF,0xFF,0xFF,
    0xFF,0xFF,0xFF,0xFF,0xFF,0xFF,0xFF,0xFF,0xFF,0xFF,0xFF,0xFF,0xFF,0xFF,0xFF,0xFF,
    0xFF,0xFF,0xFF,0xFF,0xFF,0xFF,0xFF,0xFF,0xFF,0xFF,0xFF,0xFF,0xFF,0xFF,0xFF,0xFF,
    0xFF,0xFF,0xFF,0xFF,0xFF,0xFF,0xFF,0xFF,0xFF,0xFF,0xFF,0xFF,0xFF,0xFF,0xFF,0xFF,
    0xFF,0xFF,0xFF,0xFF,0xFF,0xFF,0xFF,0xFF,0xFF,0xFF,0xFF,0xFF,0xFF,0xFF,0xFF,0xFF,
    0xFF,0xFF,0xFF,0xFF,0xFF,0xFF,0xFF,0xFF,0xFF,0xFF,0xFF,0xFF,0xFF,0xFF,0xFF,0xFF,
    0xFF,0xFF,0xFF,0xFF,0xFF,0xFF,0xFF,0xFF,0xFF,0xFF,0xFF,0xFF,0xFF,0xFF,0xFF,0xFF,
    0xFF,0xFF,0xFF,0xFF,0xFF,0xFF,0xFF,0xFF,0xFF,0xFF,0xFF,0xFF,0xFF,0xFF,0xFF,0xFF,
    0xFF,0xFF,0xFF,0xFF,0xFF,0xFF,0xFF,0xFF,0xFF,0xFF,0xFF,0xFF,0xFF,0xFF,0xFF,0xFF,
    0xFF,0xFF,0xFF,0xFF,0xFF,0xFF,0xFF,0xFF,0xFF,0xFF,0xFF,0xFF,0xFF,0xFF,0xFF,0xFF,
    0xFF,0xFF,0xFF,0xFF,0xFF,0xFF,0xFF,0xFF,0xFF,0xFF,0xFF,0xFF,0xFF,0xFF,0xFF,0xFF,
    0xFF,0xFF,0xFF,0xFF,0xFF,0xFF,0xFF,0xFF,0xFF,0xFF,0xFF,0xFF,0xFF,0xFF,0xFF,0xFF,
    0xFF,0xFF,0xFF,0xFF,0xFF,0xFF,0xFF,0xFF,0xFF,0xFF,0xFF,0xFF,0xFF,0xFF,0xFF,0xFF,
    0xFF,0xFF,0xFF,0xFF,0xFF,0xFF,0xFF,0xFF,0xFF,0xFF,0xFF,0xFF,0xFF,0xFF,0xFF,0xFF,
    0xFF,0xFF,0xFF,0xFF,0xFF,0xFF,0xFF,0xFF,0xFF,0xFF,0xFF,0xFF,0xFF,0xFF,0xFF,0xFF,
    0xFF,0xFF,0xFF,0xFF,0xFF,0xFF,0xFF,0xFF,0xFF,0xFF,0xFF,0xFF,0xFF,0xFF,0xFF,0xFF,
    0xFF,0xFF,0xFF,0xFF,0xFF,0xFF,0xFF,0xFF,0xFF,0xFF,0xFF,0xFF,0xFF,0xFF,0xFF,0xFF,
    0xFF,0xFF,0xFF,0xFF,0xFF,0xFF,0xFF,0xFF,0xFF,0xFF,0xFF,0xFF,0xFF,0xFF,0xFF,0xFF,
    0xFF,0xFF,0xFF,0xFF,0xFF,0xFF,0xFF,0xFF,0xFF,0xFF,0xFF,0xFF,0xFF,0xFF,0xFF,0xFF,
    0xFF,0xFF,0xFF,0xFF,0xFF,0xFF,0xFF,0xFF,0xFF,0xFF,0xFF,0xFF,0xFF,0xFF,0xFF,0xFF,
    0xFF,0xFF,0xFF,0xFF,0xFF,0xFF,0xFF,0xFF,0xFF,0xFF,0xFF,0xFF,0xFF,0xFF,0xFF,0xFF,
    0xFF,0xFF,0xFF,0xFF,0xFF,0xFF,0xFF,0xFF,0xFF,0xFF,0xFF,0xFF,0xFF,0xFF,0xFF,0xFF,
    0xFF,0xFF,0xFF,0xFF,0xFF,0xFF,0xFF,0xFF,0xFF,0xFF,0xFF,0xFF,0xFF,0xFF,0xFF,0xFF,
    0xFF,0xFF,0xFF,0xFF,0xFF,0xFF,0xFF,0xFF,0xFF,0xFF,0xFF,0xFF,0xFF,0xFF,0xFF,0xFF,
    0xFF,0xFF,0xFF,0xFF,0xFF,0xFF,0xFF,0xFF,0xFF,0xFF,0xFF,0xFF,0xFF,0xFF,0xFF,0xFF,
    0xFF,0xFF,0xFF,0xFF,0xFF,0xFF,0xFF,0xFF,0xFF,0xFF,0xFF,0xFF,0xFF,0xFF,0xFF,0xFF,
    0xFF,0xFF,0xFF,0xFF,0xFF,0xFF,0xFF,0xFF,0xFF,0xFF,0xFF,0xFF,0xFF,0xFF,0xFF,0xFF,
    0xFF,0xFF,0xFF,0xFF,0xFF,0xFF,0xFF,0xFF,0xFF,0xFF,0xFF,0xFF,0xFF,0xFF,0xFF,0xFF,
    0xFF,0xFF,0xFF,0xFF,0xFF,0xFF,0xFF,0xFF,0xFF,0xFF,0xFF,0xFF,0xFF,0xFF,0xFF,0xFF,
    0xFF,0xFF,0xFF,0xFF,0xFF,0xFF,0xFF,0xFF,0xFF,0xFF,0xFF,0xFF,0xFF,0xFF,0xFF,0xFF,
    0xFF,0xFF,0xFF,0xFF,0xFF,0xFF,0xFF,0xFF,0xFF,0xFF,0xFF,0xFF,0xFF,0xFF,0xFF,0xFF,
    0xFF,0xFF,0xFF,0xFF,0xFF,0xFF,0xFF,0xFF,0xFF,0xFF,0xFF,0xFF,0xFF,0xFF,0xFF,0xFF,
    0xFF,0xFF,0xFF,0xFF,0xFF,0xFF,0xFF,0xFF,0xFF,0xFF,0xFF,0xFF,0xFF,0xFF,0xFF,0xFF,
    0xFF,0xFF,0xFF,0xFF,0xFF,0xFF,0xFF,0xFF,0xFF,0xFF,0xFF,0xFF,0xFF,0xFF,0xFF,0xFF,
    0xFF,0xFF,0xFF,0xFF,0xFF,0xFF,0xFF,0xFF,0xFF,0xFF,0xFF,0xFF,0xFF,0xFF,0xFF,0xFF,
    0xFF,0xFF,0xFF,0xFF,0xFF,0xFF,0xFF,0xFF,0xFF,0xFF,0xFF,0xFF,0xFF,0xFF,0xFF,0xFF,
    0xFF,0xFF,0xFF,0xFF,0xFF,0xFF,0xFF,0xFF,0xFF,0xFF,0xFF,0xFF,0xFF,0xFF,0xFF,0xFF,
    0xFF,0xFF,0xFF,0xFF,0xFF,0xFF,0xFF,0xFF,0xFF,0xFF,0xFF,0xFF,0xFF,0xFF,0xFF,0xFF,
    0xFF,0xFF,0xFF,0xFF,0xFF,0xFF,0xFF,0xFF,0xFF,0xFF,0xFF,0xFF,0xFF,0xFF,0xFF,0xFF,
    0xFF,0xFF,0xFF,0xFF,0xFF,0xFF,0xFF,0xFF,0xFF,0xFF,0xFF,0xFF,0xFF,0xFF,0xFF,0xFF,
    0xFF,0xFF,0xFF,0xFF,0xFF,0xFF,0xFF,0xFF,0xFF,0xFF,0xFF,0xFF,0xFF,0xFF,0xFF,0xFF,
    0xFF,0xFF,0xFF,0xFF,0xFF,0xFF,0xFF,0xFF,0xFF,0xFF,0xFF,0xFF,0xFF,0xFF,0xFF,0xFF,
    0xFF,0xFF,0xFF,0xFF,0xFF,0xFF,0xFF,0xFF,0xFF,0xFF,0xFF,0xFF,0xFF,0xFF,0xFF,0xFF,
    0xFF,0xFF,0xFF,0xFF,0xFF,0xFF,0xFF,0xFF,0xFF,0xFF,0xFF,0xFF,0xFF,0xFF,0xFF,0xFF,
    0xFF,0xFF,0xFF,0xFF,0xFF,0xFF,0xFF,0xFF,0xFF,0xFF,0xFF,0xFF,0xFF,0xFF,0xFF,0xFF,
    0xFF,0xFF,0xFF,0xFF,0xFF,0xFF,0xFF,0xFF,0xFF,0xFF,0xFF,0xFF,0xFF,0xFF,0xFF,0xFF,
    0xFF,0xFF,0xFF,0xFF,0xFF,0xFF,0xFF,0xFF,0xFF,0xFF,0xFF,0xFF,0xFF,0xFF,0xFF,0xFF,
    0xFF,0xFF,0xFF,0xFF,0xFF,0xFF,0xFF,0xFF,0xFF,0xFF,0xFF,0xFF,0xFF,0xFF,0xFF,0xFF,
    0xFF,0xFF,0xFF,0xFF,0xFF,0xFF,0xFF,0xFF,0xFF,0xFF,0xFF,0xFF,0xFF,0xFF,0xFF,0xFF,
    0xFF,0xFF,0xFF,0xFF,0xFF,0xFF,0xFF,0xFF,0xFF,0xFF,0xFF,0xFF,0xFF,0xFF,0xFF,0xFF,
    0xFF,0xFF,0xFF,0xFF,0xFF,0xFF,0xFF,0xFF,0xFF,0xFF,0xFF,0xFF,0xFF,0xFF,0xFF,0xFF,
    0xFF,0xFF,0xFF,0xFF,0xFF,0xFF,0xFF,0xFF,0xFF,0xFF,0xFF,0xFF,0xFF,0xFF,0xFF,0xFF,
    0xFF,0xFF,0xFF,0xFF,0xFF,0xFF,0xFF,0xFF,0xFF,0xFF,0xFF,0xFF,0xFF,0xFF,0xFF,0xFF,
    0xFF,0xFF,0xFF,0xFF,0xFF,0xFF,0xFF,0xFF,0xFF,0xFF,0xFF,0xFF,0xFF,0xFF,0xFF,0xFF,
    0xFF,0xFF,0xFF,0xFF,0xFF,0xFF,0xFF,0xFF,0xFF,0xFF,0xFF,0xFF,0xFF,0xFF,0xFF,0xFF,
    0xFF,0xFF,0xFF,0xFF,0xFF,0xFF,0xFF,0xFF,0xFF,0xFF,0xFF,0xFF,0xFF,0xFF,0xFF,0xFF,
    0xFF,0xFF,0xFF,0xFF,0xFF,0xFF,0xFF,0xFF,0xFF,0xFF,0xFF,0xFF,0xFF,0xFF,0xFF,0xFF,
    0xFF,0xFF,0xFF,0xFF,0xFF,0xFF,0xFF,0xFF,0xFF,0xFF,0xFF,0xFF,0xFF,0xFF,0xFF,0xFF,
    0xFF,0xFF,0xFF,0xFF,0xFF,0xFF,0xFF,0xFF,0xFF,0xFF,0xFF,0xFF,0xFF,0xFF,0xFF,0xFF,
    0xFF,0xFF,0xFF,0xFF,0xFF,0xFF,0xFF,0xFF,0xFF,0xFF,0xFF,0xFF,0xFF,0xFF,0xFF,0xFF,
    0xFF,0xFF,0xFF,0xFF,0xFF,0xFF,0xFF,0xFF,0xFF,0xFF,0xFF,0xFF,0xFF,0xFF,0xFF,0xFF,
    0xFF,0xFF,0xFF,0xFF,0xFF,0xFF,0xFF,0xFF,0xFF,0xFF,0xFF,0xFF,0xFF,0xFF,0xFF,0xFF,
    0xFF,0xFF,0xFF,0xFF,0xFF,0xFF,0xFF,0xFF,0xFF,0xFF,0xFF,0xFF,0xFF,0xFF,0xFF,0xFF,
    0xFF,0xFF,0xFF,0xFF,0xFF,0xFF,0xFF,0xFF,0xFF,0xFF,0xFF,0xFF,0xFF,0xFF,0xFF,0xFF,
    0xFF,0xFF,0xFF,0xFF,0xFF,0xFF,0xFF,0xFF,0xFF,0xFF,0xFF,0xFF,0xFF,0xFF,0xFF,0xFF,
    0xFF,0xFF,0xFF,0xFF,0xFF,0xFF,0xFF,0xFF,0xFF,0xFF,0xFF,0xFF,0xFF,0xFF,0xFF,0xFF,
    0xFF,0xFF,0xFF,0xFF,0xFF,0xFF,0xFF,0xFF,0xFF,0xFF,0xFF,0xFF,0xFF,0xFF,0xFF,0xFF,
    0xFF,0xFF,0xFF,0xFF,0xFF,0xFF,0xFF,0xFF,0xFF,0xFF,0xFF,0xFF,0xFF,0xFF,0xFF,0xFF,
    0xFF,0xFF,0xFF,0xFF,0xFF,0xFF,0xFF,0xFF,0xFF,0xFF,0xFF,0xFF,0xFF,0xFF,0xFF,0xFF,
    0xFF,0xFF,0xFF,0xFF,0xFF,0xFF,0xFF,0xFF,0xFF,0xFF,0xFF,0xFF,0xFF,0xFF,0xFF,0xFF,
    0xFF,0xFF,0xFF,0xFF,0xFF,0xFF,0xFF,0xFF,0xFF,0xFF,0xFF,0xFF,0xFF,0xFF,0xFF,0xFF,
    0xFF,0xFF,0xFF,0xFF,0xFF,0xFF,0xFF,0xFF,0xFF,0xFF,0xFF,0xFF,0xFF,0xFF,0xFF,0xFF,
    0xFF,0xFF,0xFF,0xFF,0xFF,0xFF,0xFF,0xFF,0xFF,0xFF,0xFF,0xFF,0xFF,0xFF,0xFF,0xFF,
    0xFF,0xFF,0xFF,0xFF,0xFF,0xFF,0xFF,0xFF,0xFF,0xFF,0xFF,0xFF,0xFF,0xFF,0xFF,0xFF,
    0xFF,0xFF,0xFF,0xFF,0xFF,0xFF,0xFF,0xFF,0xFF,0xFF,0xFF,0xFF,0xFF,0xFF,0xFF,0xFF,
    0xFF,0xFF,0xFF,0xFF,0xFF,0xFF,0xFF,0xFF,0xFF,0xFF,0xFF,0xFF,0xFF,0xFF,0xFF,0xFF,
    0xFF,0xFF,0xFF,0xFF,0xFF,0xFF,0xFF,0xFF,0xFF,0xFF,0xFF,0xFF,0xFF,0xFF,0xFF,0xFF,
    0xFF,0xFF,0xFF,0xFF,0xFF,0xFF,0xFF,0xFF,0xFF,0xFF,0xFF,0xFF,0xFF,0xFF,0xFF,0xFF,
    0xFF,0xFF,0xFF,0xFF,0xFF,0xFF,0xFF,0xFF,0xFF,0xFF,0xFF,0xFF,0xFF,0xFF,0xFF,0xFF,
    0xFF,0xFF,0xFF,0xFF,0xFF,0xFF,0xFF,0xFF,0xFF,0xFF,0xFF,0xFF,0xFF,0xFF,0xFF,0xFF,
    0xFF,0xFF,0xFF,0xFF,0xFF,0xFF,0xFF,0xFF,0xFF,0xFF,0xFF,0xFF,0xFF,0xFF,0xFF,0xFF,
    0xFF,0xFF,0xFF,0xFF,0xFF,0xFF,0xFF,0xFF,0xFF,0xFF,0xFF,0xFF,0xFF,0xFF,0xFF,0xFF,
    0xFF,0xFF,0xFF,0xFF,0xFF,0xFF,0xFF,0xFF,0xFF,0xFF,0xFF,0xFF,0xFF,0xFF,0xFF,0xFF,
    0xFF,0xFF,0xFF,0xFF,0xFF,0xFF,0xFF,0xFF,0xFF,0xFF,0xFF,0xFF,0xFF,0xFF,0xFF,0xFF,
    0xFF,0xFF,0xFF,0xFF,0xFF,0xFF,0xFF,0xFF,0xFF,0xFF,0xFF,0xFF,0xFF,0xFF,0xFF,0xFF,
    0xFF,0xFF,0xFF,0xFF,0xFF,0xFF,0xFF,0xFF,0xFF,0xFF,0xFF,0xFF,0xFF,0xFF,0xFF,0xFF,
    0xFF,0xFF,0xFF,0xFF,0xFF,0xFF,0xFF,0xFF,0xFF,0xFF,0xFF,0xFF,0xFF,0xFF,0xFF,0xFF,
    0xFF,0xFF,0xFF,0xFF,0xFF,0xFF,0xFF,0xFF,0xFF,0xFF,0xFF,0xFF,0xFF,0xFF,0xFF,0xFF,
    0xFF,0xFF,0xFF,0xFF,0xFF,0xFF,0xFF,0xFF,0xFF,0xFF,0xFF,0xFF,0xFF,0xFF,0xFF,0xFF,
    0xFF,0xFF,0xFF,0xFF,0xFF,0xFF,0xFF,0xFF,0xFF,0xFF,0xFF,0xFF,0xFF,0xFF,0xFF,0xFF,
    0xFF,0xFF,0xFF,0xFF,0xFF,0xFF,0xFF,0xFF,0xFF,0xFF,0xFF,0xFF,0xFF,0xFF,0xFF,0xFF,
    0xFF,0xFF,0xFF,0xFF,0xFF,0xFF,0xFF,0xFF,0xFF,0xFF,0xFF,0xFF,0xFF,0xFF,0xFF,0xFF,
    0xFF,0xFF,0xFF,0xFF,0xFF,0xFF,0xFF,0xFF,0xFF,0xFF,0xFF,0xFF,0xFF,0xFF,0xFF,0xFF,
    0xFF,0xFF,0xFF,0xFF,0xFF,0xFF,0xFF,0xFF,0xFF,0xFF,0xFF,0xFF,0xFF,0xFF,0xFF,0xFF,
    0xFF,0xFF,0xFF,0xFF,0xFF,0xFF,0xFF,0xFF,0xFF,0xFF,0xFF,0xFF,0xFF,0xFF,0xFF,0xFF,
    0xFF,0xFF,0xFF,0xFF,0xFF,0xFF,0xFF,0xFF,0xFF,0xFF,0xFF,0xFF,0xFF,0xFF,0xFF,0xFF,
    0xFF,0xFF,0xFF,0xFF,0xFF,0xFF,0xFF,0xFF,0xFF,0xFF,0xFF,0xFF,0xFF,0xFF,0xFF,0xFF,
    0xFF,0xFF,0xFF,0xFF,0xFF,0xFF,0xFF,0xFF,0xFF,0xFF,0xFF,0xFF,0xFF,0xFF,0xFF,0xFF,
    0xFF,0xFF,0xFF,0xFF,0xFF,0xFF,0xFF,0xFF,0xFF,0xFF,0xFF,0xFF,0xFF,0xFF,0xFF,0xFF,
    0xFF,0xFF,0xFF,0xFF,0xFF,0xFF,0xFF,0xFF,0xFF,0xFF,0xFF,0xFF,0xFF,0xFF,0xFF,0xFF,
    0xFF,0xFF,0xFF,0xFF,0xFF,0xFF,0xFF,0xFF,0xFF,0xFF,0xFF,0xFF,0xFF,0xFF,0xFF,0xFF,
    0xFF,0xFF,0xFF,0xFF,0xFF,0xFF,0xFF,0xFF,0xFF,0xFF,0xFF,0xFF,0xFF,0xFF,0xFF,0xFF,
    0xFF,0xFF,0xFF,0xFF,0xFF,0xFF,0xFF,0xFF,0xFF,0xFF,0xFF,0xFF,0xFF,0xFF,0xFF,0xFF,
    0xFF,0xFF,0xFF,0xFF,0xFF,0xFF,0xFF,0xFF,0xFF,0xFF,0xFF,0xFF,0xFF,0xFF,0xFF,0xFF,
    0xFF,0xFF,0xFF,0xFF,0xFF,0xFF,0xFF,0xFF,0xFF,0xFF,0xFF,0xFF,0xFF,0xFF,0xFF,0xFF,
    0xFF,0xFF,0xFF,0xFF,0xFF,0xFF,0xFF,0xFF,0xFF,0xFF,0xFF,0xFF,0xFF,0xFF,0xFF,0xFF,
    0xFF,0xFF,0xFF,0xFF,0xFF,0xFF,0xFF,0xFF,0xFF,0xFF,0xFF,0xFF,0xFF,0xFF,0xFF,0xFF,
    0xFF,0xFF,0xFF,0xFF,0xFF,0xFF,0xFF,0xFF,0xFF,0xFF,0xFF,0xFF,0xFF,0xFF,0xFF,0xFF,
    0xFF,0xFF,0xFF,0xFF,0xFF,0xFF,0xFF,0xFF,0xFF,0xFF,0xFF,0xFF,0xFF,0xFF,0xFF,0xFF,
    0xFF,0xFF,0xFF,0xFF,0xFF,0xFF,0xFF,0xFF,0xFF,0xFF,0xFF,0xFF,0xFF,0xFF,0xFF,0xFF,
    0xFF,0xFF,0xFF,0xFF,0xFF,0xFF,0xFF,0xFF,0xFF,0xFF,0xFF,0xFF,0xFF,0xFF,0xFF,0xFF,
    0xFF,0xFF,0xFF,0xFF,0xFF,0xFF,0xFF,0xFF,0xFF,0xFF,0xFF,0xFF,0xFF,0xFF,0xFF,0xFF,
    0xFF,0xFF,0xFF,0xFF,0xFF,0xFF,0xFF,0xFF,0xFF,0xFF,0xFF,0xFF,0xFF,0xFF,0xFF,0xFF,
    0xFF,0xFF,0xFF,0xFF,0xFF,0xFF,0xFF,0xFF,0xFF,0xFF,0xFF,0xFF,0xFF,0xFF,0xFF,0xFF,
    0xFF,0xFF,0xFF,0xFF,0xFF,0xFF,0xFF,0xFF,0xFF,0xFF,0xFF,0xFF,0xFF,0xFF,0xFF,0xFF,
    0xFF,0xFF,0xFF,0xFF,0xFF,0xFF,0xFF,0xFF,0xFF,0xFF,0xFF,0xFF,0xFF,0xFF,0xFF,0xFF,
    0xFF,0xFF,0xFF,0xFF,0xFF,0xFF,0xFF,0xFF,0xFF,0xFF,0xFF,0xFF,0xFF,0xFF,0xFF,0xFF,
    0xFF,0xFF,0xFF,0xFF,0xFF,0xFF,0xFF,0xFF,0xFF,0xFF,0xFF,0xFF,0xFF,0xFF,0xFF,0xFF,
    0xFF,0xFF,0xFF,0xFF,0xFF,0xFF,0xFF,0xFF,0xFF,0xFF,0xFF,0xFF,0xFF,0xFF,0xFF,0xFF,
    0xFF,0xFF,0xFF,0xFF,0xFF,0xFF,0xFF,0xFF,0xFF,0xFF,0xFF,0xFF,0xFF,0xFF,0xFF,0xFF,
    0xFF,0xFF,0xFF,0xFF,0xFF,0xFF,0xFF,0xFF,0xFF,0xFF,0xFF,0xFF,0xFF,0xFF,0xFF,0xFF,
    0xFF,0xFF,0xFF,0xFF,0xFF,0xFF,0xFF,0xFF,0xFF,0xFF,0xFF,0xFF,0xFF,0xFF,0xFF,0xFF,
    0xFF,0xFF,0xFF,0xFF,0xFF,0xFF,0xFF,0xFF,0xFF,0xFF,0xFF,0xFF,0xFF,0xFF,0xFF,0xFF,
    0xFF,0xFF,0xFF,0xFF,0xFF,0xFF,0xFF,0xFF,0xFF,0xFF,0xFF,0xFF,0xFF,0xFF,0xFF,0xFF,
    0xFF,0xFF,0xFF,0xFF,0xFF,0xFF,0xFF,0xFF,0xFF,0xFF,0xFF,0xFF,0xFF,0xFF,0xFF,0xFF,
    0xFF,0xFF,0xFF,0xFF,0xFF,0xFF,0xFF,0xFF,0xFF,0xFF,0xFF,0xFF,0xFF,0xFF,0xFF,0xFF,
    0xFF,0xFF,0xFF,0xFF,0xFF,0xFF,0xFF,0xFF,0xFF,0xFF,0xFF,0xFF,0xFF,0xFF,0xFF,0xFF,
    0xFF,0xFF,0xFF,0xFF,0xFF,0xFF,0xFF,0xFF,0xFF,0xFF,0xFF,0xFF,0xFF,0xFF,0xFF,0xFF,
    0xFF,0xFF,0xFF,0xFF,0xFF,0xFF,0xFF,0xFF,0xFF,0xFF,0xFF,0xFF,0xFF,0xFF,0xFF,0xFF,
    0xFF,0xFF,0xFF,0xFF,0xFF,0xFF,0xFF,0xFF,0xFF,0xFF,0xFF,0xFF,0xFF,0xFF,0xFF,0xFF,
    0xFF,0xFF,0xFF,0xFF,0xFF,0xFF,0xFF,0xFF,0xFF,0xFF,0xFF,0xFF,0xFF,0xFF,0xFF,0xFF,
    0xFF,0xFF,0xFF,0xFF,0xFF,0xFF,0xFF,0xFF,0xFF,0xFF,0xFF,0xFF,0xFF,0xFF,0xFF,0xFF,
    0xFF,0xFF,0xFF,0xFF,0xFF,0xFF,0xFF,0xFF,0xFF,0xFF,0xFF,0xFF,0xFF,0xFF,0xFF,0xFF,
    0xFF,0xFF,0xFF,0xFF,0xFF,0xFF,0xFF,0xFF,0xFF,0xFF,0xFF,0xFF,0xFF,0xFF,0xFF,0xFF,
    0xFF,0xFF,0xFF,0xFF,0xFF,0xFF,0xFF,0xFF,0xFF,0xFF,0xFF,0xFF,0xFF,0xFF,0xFF,0xFF,
    0xFF,0xFF,0xFF,0xFF,0xFF,0xFF,0xFF,0xFF,0xFF,0xFF,0xFF,0xFF,0xFF,0xFF,0xFF,0xFF,
    0xFF,0xFF,0xFF,0xFF,0xFF,0xFF,0xFF,0xFF,0xFF,0xFF,0xFF,0xFF,0xFF,0xFF,0xFF,0xFF,
    0xFF,0xFF,0xFF,0xFF,0xFF,0xFF,0xFF,0xFF,0xFF,0xFF,0xFF,0xFF,0xFF,0xFF,0xFF,0xFF,
    0xFF,0xFF,0xFF,0xFF,0xFF,0xFF,0xFF,0xFF,0xFF,0xFF,0xFF,0xFF,0xFF,0xFF,0xFF,0xFF,
    0xFF,0xFF,0xFF,0xFF,0xFF,0xFF,0xFF,0xFF,0xFF,0xFF,0xFF,0xFF,0xFF,0xFF,0xFF,0xFF,
    0xFF,0xFF,0xFF,0xFF,0xFF,0xFF,0xFF,0xFF,0xFF,0xFF,0xFF,0xFF,0xFF,0xFF,0xFF,0xFF,
    0xFF,0xFF,0xFF,0xFF,0xFF,0xFF,0xFF,0xFF,0xFF,0xFF,0xFF,0xFF,0xFF,0xFF,0xFF,0xFF,
    0xFF,0xFF,0xFF,0xFF,0xFF,0xFF,0xFF,0xFF,0xFF,0xFF,0xFF,0xFF,0xFF,0xFF,0xFF,0xFF,
    0xFF,0xFF,0xFF,0xFF,0xFF,0xFF,0xFF,0xFF,0xFF,0xFF,0xFF,0xFF,0xFF,0xFF,0xFF,0xFF,
    0xFF,0xFF,0xFF,0xFF,0xFF,0xFF,0xFF,0xFF,0xFF,0xFF,0xFF,0xFF,0xFF,0xFF,0xFF,0xFF,
    0xFF,0xFF,0xFF,0xFF,0xFF,0xFF,0xFF,0xFF,0xFF,0xFF,0xFF,0xFF,0xFF,0xFF,0xFF,0xFF,
    0xFF,0xFF,0xFF,0xFF,0xFF,0xFF,0xFF,0xFF,0xFF,0xFF,0xFF,0xFF,0xFF,0xFF,0xFF,0xFF,
    0xFF,0xFF,0xFF,0xFF,0xFF,0xFF,0xFF,0xFF,0xFF,0xFF,0xFF,0xFF,0xFF,0xFF,0xFF,0xFF,
    0xFF,0xFF,0xFF,0xFF,0xFF,0xFF,0xFF,0xFF,0xFF,0xFF,0xFF,0xFF,0xFF,0xFF,0xFF,0xFF,
    0xFF,0xFF,0xFF,0xFF,0xFF,0xFF,0xFF,0xFF,0xFF,0xFF,0xFF,0xFF,0xFF,0xFF,0xFF,0xFF,
    0xFF,0xFF,0xFF,0xFF,0xFF,0xFF,0xFF,0xFF,0xFF,0xFF,0xFF,0xFF,0xFF,0xFF,0xFF,0xFF,
    0xFF,0xFF,0xFF,0xFF,0xFF,0xFF,0xFF,0xFF,0xFF,0xFF,0xFF,0xFF,0xFF,0xFF,0xFF,0xFF,
    0xFF,0xFF,0xFF,0xFF,0xFF,0xFF,0xFF,0xFF,0xFF,0xFF,0xFF,0xFF,0xFF,0xFF,0xFF,0xFF,
    0xFF,0xFF,0xFF,0xFF,0xFF,0xFF,0xFF,0xFF,0xFF,0xFF,0xFF,0xFF,0xFF,0xFF,0xFF,0xFF,
    0xFF,0xFF,0xFF,0xFF,0xFF,0xFF,0xFF,0xFF,0xFF,0xFF,0xFF,0xFF,0xFF,0xFF,0xFF,0xFF,
    0xFF,0xFF,0xFF,0xFF,0xFF,0xFF,0xFF,0xFF,0xFF,0xFF,0xFF,0xFF,0xFF,0xFF,0xFF,0xFF,
    0xFF,0xFF,0xFF,0xFF,0xFF,0xFF,0xFF,0xFF,0xFF,0xFF,0xFF,0xFF,0xFF,0xFF,0xFF,0xFF,
    0xFF,0xFF,0xFF,0xFF,0xFF,0xFF,0xFF,0xFF,0xFF,0xFF,0xFF,0xFF,0xFF,0xFF,0xFF,0xFF,
    0xFF,0xFF,0xFF,0xFF,0xFF,0xFF,0xFF,0xFF,0xFF,0xFF,0xFF,0xFF,0xFF,0xFF,0xFF,0xFF,
    0xFF,0xFF,0xFF,0xFF,0xFF,0xFF,0xFF,0xFF,0xFF,0xFF,0xFF,0xFF,0xFF,0xFF,0xFF,0xFF,
    0xFF,0xFF,0xFF,0xFF,0xFF,0xFF,0xFF,0xFF,0xFF,0xFF,0xFF,0xFF,0xFF,0xFF,0xFF,0xFF,
    0xFF,0xFF,0xFF,0xFF,0xFF,0xFF,0xFF,0xFF,0xFF,0xFF,0xFF,0xFF,0xFF,0xFF,0xFF,0xFF,
    0xFF,0xFF,0xFF,0xFF,0xFF,0xFF,0xFF,0xFF,0xFF,0xFF,0xFF,0xFF,0xFF,0xFF,0xFF,0xFF,
    0xFF,0xFF,0xFF,0xFF,0xFF,0xFF,0xFF,0xFF,0xFF,0xFF,0xFF,0xFF,0xFF,0xFF,0xFF,0xFF,
    0xFF,0xFF,0xFF,0xFF,0xFF,0xFF,0xFF,0xFF,0xFF,0xFF,0xFF,0xFF,0xFF,0xFF,0xFF,0xFF,
    0xFF,0xFF,0xFF,0xFF,0xFF,0xFF,0xFF,0xFF,0xFF,0xFF,0xFF,0xFF,0xFF,0xFF,0xFF,0xFF,
    0xFF,0xFF,0xFF,0xFF,0xFF,0xFF,0xFF,0xFF,0xFF,0xFF,0xFF,0xFF,0xFF,0xFF,0xFF,0xFF,
    0xFF,0xFF,0xFF,0xFF,0xFF,0xFF,0xFF,0xFF,0xFF,0xFF,0xFF,0xFF,0xFF,0xFF,0xFF,0xFF,
    0xFF,0xFF,0xFF,0xFF,0xFF,0xFF,0xFF,0xFF,0xFF,0xFF,0xFF,0xFF,0xFF,0xFF,0xFF,0xFF,
    0xFF,0xFF,0xFF,0xFF,0xFF,0xFF,0xFF,0xFF,0xFF,0xFF,0xFF,0xFF,0xFF,0xFF,0xFF,0xFF,
    0xFF,0xFF,0xFF,0xFF,0xFF,0xFF,0xFF,0xFF,0xFF,0xFF,0xFF,0xFF,0xFF,0xFF,0xFF,0xFF,
    0xFF,0xFF,0xFF,0xFF,0xFF,0xFF,0xFF,0xFF,0xFF,0xFF,0xFF,0xFF,0xFF,0xFF,0xFF,0xFF,
    0xFF,0xFF,0xFF,0xFF,0xFF,0xFF,0xFF,0xFF,0xFF,0xFF,0xFF,0xFF,0xFF,0xFF,0xFF,0xFF,
    0xFF,0xFF,0xFF,0xFF,0xFF,0xFF,0xFF,0xFF,0xFF,0xFF,0xFF,0xFF,0xFF,0xFF,0xFF,0xFF,
    0xFF,0xFF,0xFF,0xFF,0xFF,0xFF,0xFF,0xFF,0xFF,0xFF,0xFF,0xFF,0xFF,0xFF,0xFF,0xFF,
    0xFF,0xFF,0xFF,0xFF,0xFF,0xFF,0xFF,0xFF,0xFF,0xFF,0xFF,0xFF,0xFF,0xFF,0xFF,0xFF,
    0xFF,0xFF,0xFF,0xFF,0xFF,0xFF,0xFF,0xFF,0xFF,0xFF,0xFF,0xFF,0xFF,0xFF,0xFF,0xFF,
    0xFF,0xFF,0xFF,0xFF,0xFF,0xFF,0xFF,0xFF,0xFF,0xFF,0xFF,0xFF,0xFF,0xFF,0xFF,0xFF,
    0xFF,0xFF,0xFF,0xFF,0xFF,0xFF,0xFF,0xFF,0xFF,0xFF,0xFF,0xFF,0xFF,0xFF,0xFF,0xFF,
    0xFF,0xFF,0xFF,0xFF,0xFF,0xFF,0xFF,0xFF,0xFF,0xFF,0xFF,0xFF,0xFF,0xFF,0xFF,0xFF,
    0xFF,0xFF,0xFF,0xFF,0xFF,0xFF,0xFF,0xFF,0xFF,0xFF,0xFF,0xFF,0xFF,0xFF,0xFF,0xFF,
    0xFF,0xFF,0xFF,0xFF,0xFF,0xFF,0xFF,0xFF,0xFF,0xFF,0xFF,0xFF,0xFF,0xFF,0xFF,0xFF,
    0xFF,0xFF,0xFF,0xFF,0xFF,0xFF,0xFF,0xFF,0xFF,0xFF,0xFF,0xFF,0xFF,0xFF,0xFF,0xFF,
    0xFF,0xFF,0xFF,0xFF,0xFF,0xFF,0xFF,0xFF,0xFF,0xFF,0xFF,0xFF,0xFF,0xFF,0xFF,0xFF,
    0xFF,0xFF,0xFF,0xFF,0xFF,0xFF,0xFF,0xFF,0xFF,0xFF,0xFF,0xFF,0xFF,0xFF,0xFF,0xFF,
    0xFF,0xFF,0xFF,0xFF,0xFF,0xFF,0xFF,0xFF,0xFF,0xFF,0xFF,0xFF,0xFF,0xFF,0xFF,0xFF,
    0xFF,0xFF,0xFF,0xFF,0xFF,0xFF,0xFF,0xFF,0xFF,0xFF,0xFF,0xFF,0xFF,0xFF,0xFF,0xFF,
    0xFF,0xFF,0xFF,0xFF,0xFF,0xFF,0xFF,0xFF,0xFF,0xFF,0xFF,0xFF,0xFF,0xFF,0xFF,0xFF,
    0xFF,0xFF,0xFF,0xFF,0xFF,0xFF,0xFF,0xFF,0xFF,0xFF,0xFF,0xFF,0xFF,0xFF,0xFF,0xFF,
    0xFF,0xFF,0xFF,0xFF,0xFF,0xFF,0xFF,0xFF,0xFF,0xFF,0xFF,0xFF,0xFF,0xFF,0xFF,0xFF,
    0xFF,0xFF,0xFF,0xFF,0xFF,0xFF,0xFF,0xFF,0xFF,0xFF,0xFF,0xFF,0xFF,0xFF,0xFF,0xFF,
    0xFF,0xFF,0xFF,0xFF,0xFF,0xFF,0xFF,0xFF,0xFF,0xFF,0xFF,0xFF,0xFF,0xFF,0xFF,0xFF,
    0xFF,0xFF,0xFF,0xFF,0xFF,0xFF,0xFF,0xFF,0xFF,0xFF,0xFF,0xFF,0xFF,0xFF,0xFF,0xFF,
    0xFF,0xFF,0xFF,0xFF,0xFF,0xFF,0xFF,0xFF,0xFF,0xFF,0xFF,0xFF,0xFF,0xFF,0xFF,0xFF,
    0xFF,0xFF,0xFF,0xFF,0xFF,0xFF,0xFF,0xFF,0xFF,0xFF,0xFF,0xFF,0xFF,0xFF,0xFF,0xFF,
    0xFF,0xFF,0xFF,0xFF,0xFF,0xFF,0xFF,0xFF,0xFF,0xFF,0xFF,0xFF,0xFF,0xFF,0xFF,0xFF,
    0xFF,0xFF,0xFF,0xFF,0xFF,0xFF,0xFF,0xFF,0xFF,0xFF,0xFF,0xFF,0xFF,0xFF,0xFF,0xFF,
    0xFF,0xFF,0xFF,0xFF,0xFF,0xFF,0xFF,0xFF,0xFF,0xFF,0xFF,0xFF,0xFF,0xFF,0xFF,0xFF,
    0xFF,0xFF,0xFF,0xFF,0xFF,0xFF,0xFF,0xFF,0xFF,0xFF,0xFF,0xFF,0xFF,0xFF,0xFF,0xFF,
    0xFF,0xFF,0xFF,0xFF,0xFF,0xFF,0xFF,0xFF,0xFF,0xFF,0xFF,0xFF,0xFF,0xFF,0xFF,0xFF,
    0xFF,0xFF,0xFF,0xFF,0xFF,0xFF,0xFF,0xFF,0xFF,0xFF,0xFF,0xFF,0xFA,0x49,0x42,0x6E,
    0x01,0x22,0xCA,0xCA,0x02,0x00,0x00,0x00,0x00,0x00,0x00,0x00,0xF8,0x2A,0xCB,0xCB,
    0x00,0x00,0x00,0x00,0xA5,0xA5,0xCA,0xCA,0x00,0xD0,0x0A,0x00,0x08,0x07,0xD8,0x0E,
    0x00,0x00,0x01,0x01,0x78,0x56,0x34,0x12,0x00,0x00,0x00,0x00,0x00,0x00,0x00,0x00,
    0x26,0x12,0x00,0x00,0x65,0x47,0x66,0x46,0x67,0x45,0x07,0x44,0x06,0x43,0x05,0x42,
    0x04,0x41,0x03,0x40,0x27,0x35,0x26,0x34,0x25,0x33,0x24,0x32,0x16,0x31,0x15,0x30,
    0x14,0x23,0x13,0x22,0x12,0x21,0x11,0x20,0x10,0x17,0x00,0x00,0x00,0x00,0x00,0x00,
    0x00,0x00,0x00,0x00,0x00,0x00,0x00,0x00,0x70,0x71,0x72,0x73,0x74,0x75,0x51,0x52,
    0x53,0x54,0x55,0x56,0x57,0x60,0x61,0x62,0x63,0x64,0x00,0x00,0x00,0x00,0x00,0x00,
    0x00,0x00,0x00,0x00,0x00,0x00,0x00,0x00,0x00,0x00,0x00,0x00,0x00,0x00,0x00,0x00,
    0x00,0x00,0x00,0x00,0x04,0x01,0x03,0x00,0x20,0x00,0x00,0x00,0x00,0x00,0x00,0x00,
    0x71,0x54,0x63,0x00,0x00,0x00,0x00,0x00,0xE7,0x00,0x00,0x00,0x03,0x1E,0x1E,0x01,
    0x14,0x3C,0x23,0x14,0x1E,0x2D,0x04,0x64,0x64,0x0A,0x64,0x0A,0x01,0x01,0x08,0x28,
    0x14,0x50,0x50,0x12,0x32,0x03,0x5A,0x03,0x0A,0x0A,0x04,0xFF,0xFF,0xFF,0xFF,0xFF,
    0xFF,0xFF,0xFF,0xFF,0xFF,0xFF,0xFF,0xFF,0xFF,0xFF,0xFF,0xFF,0xFF,0xFF,0xFF,0xFF,
    0xFF,0xFF,0xFF,0xFF,0xFF,0xFF,0xFF,0xFF,0x40,0x00,0xC0,0x00,0x40,0x01,0xC0,0x01,
    0x40,0x02,0xC0,0x02,0x40,0x03,0xC0,0x03,0x40,0x04,0xC0,0x04,0x40,0x05,0xC0,0x05,
    0x40,0x06,0xC0,0x06,0x40,0x07,0xC0,0x07,0x40,0x08,0xC0,0x08,0x40,0x09,0xC0,0x09,
    0x40,0x0A,0xC0,0x0A,0x40,0x0B,0xC0,0x0B,0x40,0x0C,0xC0,0x0C,0x40,0x0D,0xC0,0x0D,
    0x40,0x0E,0xC0,0x0E,0x40,0x0F,0xC0,0x0F,0x40,0x10,0xC0,0x10,0x40,0x11,0xC0,0x11,
    0x40,0x12,0xC0,0x12,0x40,0x13,0xC0,0x13,0x40,0x14,0xC0,0x14,0x40,0x15,0xC0,0x15,
    0x40,0x16,0xC0,0x16,0x40,0x17,0xC0,0x17,0x40,0x18,0xC0,0x18,0x00,0x00,0x00,0x00,
    0x40,0x00,0xC0,0x00,0x40,0x01,0xC0,0x01,0x40,0x02,0xC0,0x02,0x40,0x03,0xC0,0x03,
    0x40,0x04,0xC0,0x04,0x40,0x05,0xC0,0x05,0x40,0x06,0xC0,0x06,0x40,0x07,0xC0,0x07,
    0x40,0x08,0xC0,0x08,0x40,0x09,0xC0,0x09,0x40,0x0A,0xC0,0x0A,0x40,0x0B,0xC0,0x0B,
    0x40,0x0C,0xC0,0x0C,0x40,0x0D,0xC0,0x0D,0x40,0x0E,0xC0,0x0E,0x40,0x0F,0xC0,0x0F,
    0x40,0x10,0xC0,0x10,0x40,0x11,0xC0,0x11,0x40,0x12,0xC0,0x12,0x40,0x13,0xC0,0x13,
    0x40,0x14,0xC0,0x14,0x00,0x00,0x00,0x00,0x00,0x00,0x00,0x00,0x00,0x80,0x00,0x80,
    0x04,0x0F,0x02,0x00,0x00,0x32,0x00,0x00,0x00,0x5A,0x02,0x03,0x02,0x31,0x00,0x00,
    0x04,0x00,0xE8,0x03,0x01,0x00,0x00,0x00,0x06,0x23,0x00,0x00,0x01,0x11,0x00,0x00,
    0x64,0x00,0x02,0x01,0x01,0x30,0x00,0x00,0x14,0x28,0xD8,0x28,0x03,0x03,0x28,0x14,
    0x50,0xB0,0x28,0x03,0x03,0x32,0x14,0x28,0xD8,0x28,0x03,0x03,0x32,0x00,0x00,0x00,
    0x00,0x00,0x00,0x00,0x00,0x00,0x00,0x00,0xE8,0x03,0x01,0x00,0x00,0x00,0x00,0x00,
    0x01,0x20,0x0F,0x08,0x02,0x02,0x00,0x00,0x20,0x01,0x00,0x03,0x03,0x01,0x06,0x07,
    0x03,0x00,0x14,0x00,0x00,0x00,0x00,0x00,0x20,0x01,0x03,0x04,0x01,0x03,0x06,0x00,
    0x03,0x00,0x14,0x00,0x00,0x00,0x00,0x00,0xC8,0x00,0x01,0x10,0x03,0x64,0x14,0x32,
    0x00,0x00,0x00,0x00,0x08,0x01,0x00,0x08,0x04,0x03,0x0F,0x13,0x21,0x38,0x0F,0x17,
    0x28,0x44,0x0F,0x1C,0x30,0x55,0x0F,0x13,0x21,0x0F,0x17,0x28,0x0F,0x1C,0x30,0x0F,
    0x13,0x0F,0x17,0x0F,0x1C,0x00,0x00,0x00,0x00,0x00,0x00,0x00,0x00,0x00,0x00,0x00,
    0x00,0x00,0x00,0x00,0x00,0x00,0x00,0x00,0x00,0x00,0x00,0x00,0x00,0x00,0x00,0x00,
    0x00,0x00,0x00,0x00,0x00,0x00,0x00,0x00,0x00,0x00,0x00,0x00,0x00,0x00,0x00,0x00,
    0x00,0x00,0x00,0x00,0x00,0x00,0x00,0x00,0x00,0x00,0x00,0x00,0x00,0x00,0x00,0x00,
    0x00,0x00,0x00,0x00,0x00,0x00,0x00,0x00,0xFF,0xFF,0xFF,0xFF,0xFF,0xFF,0xFF,0xFF,
    0xFF,0xFF,0xFF,0xFF,0xFF,0xFF,0xFF,0xFF,0xFF,0xFF,0xFF,0xFF,0xFF,0xFF,0xFF,0xFF,
    0xFF,0xFF,0xFF,0xFF,0xFF,0xFF,0xFF,0xFF,0xFF,0xFF,0xFF,0xFF,0xFF,0xFF,0xFF,0xFF,
    0xFF,0xFF,0xFF,0xFF,0xFF,0xFF,0xFF,0xFF,0xFF,0xFF,0xFF,0xFF,0xFF,0xFF,0xFF,0xFF,
    0xFF,0xFF,0xFF,0xFF,0xFF,0xFF,0xFF,0xFF,0xFF,0xFF,0xFF,0xFF,0xFF,0xFF,0xFF,0xFF,
    0xFF,0xFF,0xFF,0xFF,0xFF,0xFF,0xFF,0xFF,0xFF,0xFF,0xFF,0xFF,0xFF,0xFF,0xFF,0xFF,
    0xFF,0xFF,0xFF,0xFF,0xFF,0xFF,0xFF,0xFF,0xFF,0xFF,0xFF,0xFF,0xFF,0xFF,0xFF,0xFF,
    0xFF,0xFF,0xFF,0xFF,0xFF,0xFF,0xFF,0xFF,0xFF,0xFF,0xFF,0xFF,0xFF,0xFF,0xFF,0xFF,
    0xFF,0xFF,0xFF,0xFF,0xFF,0xFF,0xFF,0xFF,0xFF,0xFF,0xFF,0xFF,0xFF,0xFF,0xFF,0xFF,
    0xFF,0xFF,0xFF,0xFF,0xFF,0xFF,0xFF,0xFF,0xFF,0xFF,0xFF,0xFF,0xFF,0xFF,0xFF,0xFF,
    0xFF,0xFF,0xFF,0xFF,0xFF,0xFF,0xFF,0xFF,0xFF,0xFF,0xFF,0xFF,0xFF,0xFF,0xFF,0xFF,
    0xFF,0xFF,0xFF,0xFF,0xFF,0xFF,0xFF,0xFF,0xFF,0xFF,0xFF,0xFF,0xFF,0xFF,0xFF,0xFF,
    0xFF,0xFF,0xFF,0xFF,0xFF,0xFF,0xFF,0xFF,0xFF,0xFF,0xFF,0xFF,0xFF,0xFF,0xFF,0xFF,
    0xFF,0xFF,0xFF,0xFF,0xFF,0xFF,0xFF,0xFF,0xFF,0xFF,0xFF,0xFF,0xFF,0xFF,0xFF,0xFF,
    0xFF,0xFF,0xFF,0xFF,0xFF,0xFF,0xFF,0xFF,0xFF,0xFF,0xFF,0xFF,0xFF,0xFF,0xFF,0xFF,
    0xFF,0xFF,0xFF,0xFF,0xFF,0xFF,0xFF,0xFF,0xFF,0xFF,0xFF,0xFF,0xFF,0xFF,0xFF,0xFF,
    0xFF,0xFF,0xFF,0xFF,0xFF,0xFF,0xFF,0xFF,0xFF,0xFF,0xFF,0xFF,0xFF,0xFF,0xFF,0xFF,
    0xFF,0xFF,0xFF,0xFF,0xFF,0xFF,0xFF,0xFF,0xFF,0xFF,0xFF,0xFF,0xFF,0xFF,0xFF,0xFF,
    0xFF,0xFF,0xFF,0xFF,0xFF,0xFF,0xFF,0xFF,0xFF,0xFF,0xFF,0xFF,0xFF,0xFF,0xFF,0xFF,
    0xFF,0xFF,0xFF,0xFF,0xFF,0xFF,0xFF,0xFF,0xFF,0xFF,0xFF,0xFF,0xFF,0xFF,0xFF,0xFF,
    0xFF,0xFF,0xFF,0xFF,0xFF,0xFF,0xFF,0xFF,0xFF,0xFF,0xFF,0xFF,0xFF,0xFF,0xFF,0xFF,
    0xFF,0xFF,0xFF,0xFF,0xFF,0xFF,0xFF,0xFF,0xFF,0xFF,0xFF,0xFF,0xFF,0xFF,0xFF,0xFF,
    0xFF,0xFF,0xFF,0xFF,0xFF,0xFF,0xFF,0xFF,0xFF,0xFF,0xFF,0xFF,0x4F,0x0F,0x5D,0xBB,
};

