/*
*Name        : capacitive_hynitron_cst1xx_update.h
*Author      : steven
*Version     : V1.0
*Copyright   : Hynitron
*ProjectName : CSW_1801001_CST026_Watch_DWS_YDT_13OG563.hex       Modify at 2018-01-18 13:43:48
*/

#ifndef CAPACITIVE_HYNITRON_CST92XX_UPDATE_H__
#define CAPACITIVE_HYNITRON_CST92XX_UPDATE_H__

static unsigned char cst92xx_fw[] = {
    0xFC,0x0F,0x00,0x20,0xD9,0x01,0x00,0x00,0x00,0x00,0x00,0x00,0xC9,0x45,0x00,0x00,
    0x00,0x00,0x00,0x00,0x00,0x00,0x00,0x00,0x00,0x00,0x00,0x00,0x00,0x00,0x00,0x00,
    0x00,0x00,0x00,0x00,0x00,0x00,0x00,0x00,0x00,0x00,0x00,0x00,0x00,0x00,0x00,0x00,
    0x00,0x00,0x00,0x00,0x00,0x00,0x00,0x00,0x00,0x00,0x00,0x00,0x00,0x00,0x00,0x00,
    0x00,0x00,0x00,0x00,0x00,0x00,0x00,0x00,0x00,0x00,0x00,0x00,0x55,0x46,0x00,0x00,
    0x39,0x21,0x00,0x00,0x85,0x71,0x00,0x00,0x00,0x00,0x00,0x00,0x00,0x00,0x00,0x00,
    0x00,0x00,0x00,0x00,0x00,0x00,0x00,0x00,0x00,0x00,0x00,0x00,0x00,0x00,0x00,0x00,
    0x03,0x48,0x85,0x46,0x00,0xF0,0x64,0xF8,0x00,0x48,0x00,0x47,0xD5,0x49,0x00,0x00,
    0xFC,0x0F,0x00,0x20,0x30,0xB5,0x0B,0x46,0x01,0x46,0x00,0x20,0x20,0x22,0x01,0x24,
    0x09,0xE0,0x0D,0x46,0xD5,0x40,0x9D,0x42,0x05,0xD3,0x1D,0x46,0x95,0x40,0x49,0x1B,
    0x25,0x46,0x95,0x40,0x40,0x19,0x15,0x46,0x52,0x1E,0x00,0x2D,0xF1,0xDC,0x30,0xBD,
    0x70,0xB5,0x00,0x24,0x25,0x46,0x00,0x28,0x01,0xDA,0x01,0x24,0x40,0x42,0x00,0x29,
    0x01,0xDA,0x01,0x25,0x49,0x42,0xFF,0xF7,0xDD,0xFF,0xAC,0x42,0x00,0xD0,0x40,0x42,
    0x00,0x2C,0x00,0xD0,0x49,0x42,0x70,0xBD,0x10,0xB5,0x43,0x1A,0x93,0x42,0x09,0xD2,
    0x83,0x18,0x88,0x18,0x03,0xE0,0x40,0x1E,0x01,0x78,0x5B,0x1E,0x19,0x70,0x52,0x1E,
    0xF9,0xD2,0x10,0xBD,0x03,0x46,0x0B,0x43,0x9B,0x07,0x0A,0xD1,0x02,0xE0,0x08,0xC9,
    0x12,0x1F,0x08,0xC0,0x04,0x2A,0xFA,0xD2,0x03,0xE0,0x0B,0x78,0x03,0x70,0x49,0x1C,
    0x40,0x1C,0x52,0x1E,0xF9,0xD2,0x10,0xBD,0xD2,0xB2,0x01,0xE0,0x02,0x70,0x40,0x1C,
    0x49,0x1E,0xFB,0xD2,0x70,0x47,0x00,0x22,0xF6,0xE7,0x10,0xB5,0x04,0x46,0x08,0x46,
    0x11,0x46,0x02,0x46,0x20,0x46,0xFF,0xF7,0xEF,0xFF,0x20,0x46,0x10,0xBD,0x00,0x00,
    0x06,0x4C,0x01,0x25,0x06,0x4E,0x05,0xE0,0x20,0x46,0xE3,0x68,0x07,0xC8,0x2B,0x43,
    0x98,0x47,0x10,0x34,0xB4,0x42,0xF7,0xD3,0xFF,0xF7,0x8E,0xFF,0x18,0x7E,0x00,0x00,
    0x28,0x7E,0x00,0x00,0xC2,0x06,0xD2,0x0E,0x01,0x21,0x91,0x40,0x40,0x09,0x02,0x4A,
    0x80,0x00,0x80,0x18,0x01,0x60,0x70,0x47,0x80,0xE1,0x00,0xE0,0xC2,0x06,0xD2,0x0E,
    0x01,0x21,0x91,0x40,0x40,0x09,0x02,0x4A,0x80,0x00,0x80,0x18,0x01,0x60,0x70,0x47,
    0x00,0xE1,0x00,0xE0,0x83,0x07,0xFF,0x22,0xDB,0x0E,0x9A,0x40,0x89,0x07,0x09,0x0E,
    0x99,0x40,0x00,0x28,0x0B,0xDA,0x00,0x07,0x00,0x0F,0x08,0x38,0x83,0x08,0x08,0x48,
    0x9B,0x00,0x18,0x18,0xC3,0x69,0x93,0x43,0x0B,0x43,0xC3,0x61,0x70,0x47,0x83,0x08,
    0x04,0x48,0x9B,0x00,0x18,0x18,0x03,0x68,0x93,0x43,0x0B,0x43,0x03,0x60,0x70,0x47,
    0x00,0xED,0x00,0xE0,0x00,0xE4,0x00,0xE0,0x10,0xB5,0x72,0xB6,0xFF,0xF7,0x48,0xFF,
    0x10,0xBD,0x30,0xB4,0x74,0x46,0x64,0x1E,0x25,0x78,0x64,0x1C,0xAB,0x42,0x00,0xD2,
    0x1D,0x46,0x63,0x5D,0x5B,0x00,0xE3,0x18,0x30,0xBC,0x18,0x47,0x02,0xE0,0x08,0xC8,
    0x12,0x1F,0x08,0xC1,0x00,0x2A,0xFA,0xD1,0x70,0x47,0x70,0x47,0x00,0x20,0x01,0xE0,
    0x01,0xC1,0x12,0x1F,0x00,0x2A,0xFB,0xD1,0x70,0x47,0x70,0xB5,0x0C,0x46,0x01,0x78,
    0x15,0x46,0x0A,0x29,0x06,0xD2,0x12,0x68,0x89,0x00,0x62,0x50,0x01,0x78,0x49,0x1C,
    0x01,0x70,0x70,0xBD,0x24,0x22,0x21,0x1D,0x20,0x46,0xFF,0xF7,0x4D,0xFF,0x28,0x68,
    0x60,0x62,0x70,0xBD,0x10,0xB5,0x11,0x49,0x11,0x4A,0x08,0x68,0x50,0x67,0x10,0x48,
    0x4A,0x68,0x80,0x30,0xC2,0x60,0x89,0x68,0x41,0x62,0x0D,0x49,0x0B,0x48,0x07,0xF0,
    0x2B,0xF9,0x0B,0x48,0xFB,0x22,0x40,0x30,0x01,0x7A,0x11,0x40,0x01,0x72,0x01,0x7B,
    0x0A,0x29,0x03,0xD3,0x01,0x7A,0x04,0x22,0x11,0x43,0x01,0x72,0x00,0x7C,0x05,0x28,
    0x02,0xD9,0x00,0x20,0xC0,0x43,0x10,0xBD,0x00,0x20,0x10,0xBD,0x5C,0x0A,0x00,0x20,
    0x94,0x03,0x00,0x20,0x03,0x48,0x00,0x21,0x01,0x74,0xFF,0x22,0x20,0x30,0x02,0x71,
    0x81,0x71,0x70,0x47,0xD4,0x03,0x00,0x20,0x10,0xB5,0x04,0x46,0x09,0x49,0x0A,0x48,
    0x07,0xF0,0x70,0xF9,0x07,0x49,0x40,0x31,0x4A,0x7A,0x22,0x70,0x05,0x4A,0x92,0x68,
    0xD2,0x07,0x06,0xD0,0x4A,0x7A,0x00,0x2A,0x03,0xD0,0x0A,0x7A,0x04,0x23,0x1A,0x43,
    0x0A,0x72,0x10,0xBD,0x94,0x03,0x00,0x20,0x5C,0x0A,0x00,0x20,0x70,0xB5,0x42,0x48,
    0x92,0xB0,0xFF,0x22,0x40,0x21,0x04,0x46,0xFF,0xF7,0x16,0xFF,0x3E,0x48,0x90,0x21,
    0x54,0x30,0xFF,0xF7,0x18,0xFF,0xB3,0x21,0x3C,0x48,0xC9,0x00,0xC1,0x80,0x01,0x46,
    0x10,0x31,0x20,0x38,0x81,0x62,0x3A,0x48,0xFF,0x39,0x02,0x78,0x31,0x39,0x4A,0x70,
    0x40,0x78,0x08,0x70,0x01,0x25,0x8D,0x70,0xC8,0x78,0x36,0x4A,0x00,0x09,0x00,0x01,
    0x80,0x1C,0xC8,0x70,0xC0,0xB2,0x52,0x7C,0x00,0x07,0x00,0x0F,0x12,0x01,0x10,0x43,
    0xC8,0x70,0x4A,0x78,0x2F,0x4E,0xD0,0x01,0x88,0x80,0x0B,0x78,0x4C,0x3E,0xD8,0x01,
    0xC8,0x80,0x08,0x46,0xC0,0x30,0xC6,0x62,0x14,0x36,0x06,0x63,0x68,0x3E,0x46,0x63,
    0x14,0x36,0x86,0x63,0x26,0x48,0x16,0x46,0x7C,0x30,0x88,0x67,0xDE,0x30,0xC8,0x67,
    0x08,0x46,0x5E,0x43,0x80,0x30,0x86,0x80,0x85,0x71,0x22,0x4D,0x22,0x4E,0x86,0x62,
    0x10,0x3D,0x85,0x60,0x7C,0x36,0xC6,0x62,0x06,0x46,0x20,0x36,0xB2,0x82,0x1E,0x4A,
    0x26,0x3A,0x02,0x61,0x90,0x32,0x42,0x61,0x83,0x83,0x00,0x22,0xB2,0x75,0x85,0x63,
    0x82,0x77,0x05,0x62,0x19,0x48,0x4A,0x78,0x02,0x75,0x09,0x78,0x41,0x75,0x16,0x49,
    0x40,0x22,0x86,0x31,0x01,0x60,0x5A,0x31,0x41,0x60,0x12,0x31,0x81,0x60,0x29,0x46,
    0x6C,0x39,0x20,0x46,0xFF,0xF7,0x90,0xFE,0x48,0x22,0x11,0x49,0x68,0x46,0xFF,0xF7,
    0x8B,0xFE,0x30,0x46,0x09,0x22,0x69,0x46,0xA0,0x38,0x00,0x23,0x07,0xF0,0x00,0xFA,
    0x30,0x46,0xFE,0x21,0x60,0x38,0x41,0x74,0x0A,0x48,0x31,0x46,0x40,0x68,0xA8,0x39,
    0x08,0x60,0x12,0xB0,0x70,0xBD,0x00,0x00,0x9C,0x03,0x00,0x20,0xB4,0x04,0x00,0x20,
    0x48,0x00,0x00,0x20,0xD0,0x7C,0x00,0x00,0x92,0x01,0x00,0x20,0x5C,0x0A,0x00,0x20,
    0x24,0x7D,0x00,0x00,0x0C,0x00,0x00,0x20,0x78,0xB5,0x00,0x22,0x1E,0xE0,0x4C,0x23,
    0x53,0x43,0x5B,0x18,0x1C,0x7C,0x24,0x07,0x17,0xD0,0x1C,0x68,0x00,0x94,0x1C,0x46,
    0x1D,0x46,0x6E,0x46,0x40,0x34,0x36,0x88,0x23,0x88,0x38,0x35,0xF3,0x18,0x04,0x26,
    0xA6,0x5F,0x76,0x10,0x9B,0x19,0x2B,0x80,0x6E,0x46,0x73,0x88,0x66,0x88,0x9B,0x19,
    0x06,0x26,0xA6,0x5F,0x74,0x10,0x1B,0x19,0x6B,0x80,0x52,0x1C,0x83,0x78,0x93,0x42,
    0xDD,0xDC,0x78,0xBD,0xFF,0xB5,0x85,0xB0,0x9F,0x88,0x00,0x97,0x00,0x25,0x02,0x24,
    0x45,0x5F,0x7F,0x1E,0xDE,0x88,0x04,0x5F,0x04,0x97,0xBD,0x42,0x02,0xD8,0x70,0x1E,
    0x84,0x42,0x6C,0xD9,0x0B,0x46,0x40,0x33,0x00,0x20,0x02,0x27,0x18,0x5E,0xDF,0x5F,
    0x40,0x00,0x7F,0x00,0x02,0x2A,0x02,0xD0,0x00,0x2A,0x07,0xD0,0x10,0xE0,0x04,0x22,
    0x9A,0x5E,0x10,0x18,0x06,0x22,0x9A,0x5E,0xD7,0x19,0x09,0xE0,0x00,0x20,0x24,0x22,
    0x08,0x5E,0x8A,0x5E,0x26,0x23,0x80,0x1A,0x02,0x22,0x8A,0x5E,0xCB,0x5E,0xD7,0x1A,
    0x00,0x9A,0x6B,0x00,0x9A,0x1A,0x53,0x1C,0x00,0x2B,0x01,0xDD,0x52,0x1C,0x00,0xE0,
    0xD2,0x43,0x94,0x46,0x62,0x00,0x92,0x1B,0x53,0x1C,0x00,0x2B,0x01,0xDD,0x52,0x1C,
    0x00,0xE0,0xD2,0x43,0x02,0x92,0x09,0x7C,0x09,0x09,0x49,0x1C,0x48,0x43,0x4F,0x43,
    0x01,0x90,0x00,0x28,0x09,0xD0,0x01,0x1E,0x00,0xDC,0x41,0x42,0x00,0x9A,0x60,0x46,
    0x80,0x1A,0x40,0x1C,0x00,0x04,0xFF,0xF7,0xDB,0xFD,0x03,0x90,0x00,0x2F,0x3D,0xD0,
    0x39,0x1E,0x00,0xDC,0x79,0x42,0x02,0x98,0x80,0x1B,0x40,0x1C,0x00,0x04,0xFF,0xF7,
    0xCF,0xFD,0x03,0x99,0x81,0x42,0x00,0xDC,0x01,0x46,0x01,0x22,0x12,0x04,0x91,0x42,
    0x00,0xDD,0x00,0x21,0x01,0x98,0x4F,0x43,0x48,0x43,0x80,0x18,0xB9,0x18,0x49,0x14,
    0x62,0x1A,0x40,0x14,0x94,0x46,0x00,0x9F,0x2B,0x1A,0x01,0x22,0xBB,0x42,0x02,0xD8,
    0xB4,0x45,0x00,0xD8,0x92,0x1E,0x50,0x43,0x45,0x19,0x4A,0x43,0x14,0x19,0x00,0x20,
    0x01,0x46,0x00,0x2D,0x05,0xDD,0x04,0x9A,0x29,0x46,0x95,0x42,0x01,0xDB,0x00,0x99,
    0x49,0x1E,0x0E,0x9A,0x00,0x2C,0x11,0x80,0x04,0xDD,0x71,0x1E,0x20,0x46,0x8C,0x42,
    0x00,0xDB,0x70,0x1E,0x0E,0x99,0x48,0x80,0x09,0xB0,0xF0,0xBD,0x00,0x20,0xC8,0xE7,
    0xF7,0xB5,0x88,0xB0,0x08,0x9B,0x15,0x20,0x18,0x56,0x04,0x90,0x18,0x46,0x14,0x23,
    0xC3,0x56,0x05,0x93,0xC8,0x6B,0x06,0x90,0x08,0x98,0x00,0x68,0x00,0x90,0x48,0x6A,
    0x41,0x68,0x03,0x91,0xD1,0x00,0x0C,0x18,0x08,0x34,0x04,0xF0,0x59,0xFC,0x06,0x46,
    0x05,0x9B,0x04,0x98,0xC0,0x18,0x41,0x00,0x45,0x18,0x28,0x46,0x04,0xF0,0x6E,0xFC,
    0x29,0x46,0x30,0x46,0xFF,0xF7,0xAF,0xFD,0x04,0x98,0x05,0x9B,0x40,0x00,0x85,0x19,
    0x58,0x00,0x41,0x19,0x04,0x98,0x02,0x91,0x08,0x18,0x01,0x90,0x21,0x78,0x20,0xE0,
    0x60,0x78,0x1A,0xE0,0x05,0x9A,0x03,0x9B,0x4A,0x43,0x12,0x18,0x27,0x79,0x9B,0x5C,
    0xFF,0x08,0xBB,0x42,0x10,0xD1,0x52,0x00,0x00,0x9B,0x94,0x46,0x9A,0x5E,0x4B,0x00,
    0xF7,0x5E,0xBA,0x42,0x00,0xDD,0xF2,0x52,0x00,0x9B,0x62,0x46,0x9A,0x5E,0x43,0x00,
    0xEF,0x5E,0xBA,0x42,0x00,0xDD,0xEA,0x52,0x40,0x1C,0xE2,0x78,0x82,0x42,0xE1,0xDA,
    0x49,0x1C,0xA0,0x78,0x88,0x42,0xDB,0xDA,0x00,0x23,0x30,0x46,0x02,0x9A,0x04,0x99,
    0x01,0xF0,0x84,0xFA,0x01,0x23,0x28,0x46,0x01,0x9A,0x05,0x99,0x01,0xF0,0x7E,0xFA,
    0x05,0x9B,0x00,0x93,0x20,0x46,0x01,0x9B,0x02,0x9A,0x03,0x99,0x07,0xF0,0x14,0xFA,
    0x06,0x98,0x03,0x99,0x03,0x7D,0x82,0x7D,0x68,0x46,0x0E,0xC0,0x20,0x79,0xFF,0x23,
    0xC2,0x08,0x21,0x46,0x08,0x98,0x01,0xF0,0x14,0xFB,0x00,0x28,0x00,0xD1,0xE0,0x79,
    0xA0,0x71,0x30,0x46,0x04,0xF0,0x32,0xFC,0x0B,0xB0,0xF0,0xBD,0xF0,0xB5,0x06,0x46,
    0x8B,0xB0,0x48,0x6A,0x03,0x90,0x40,0x68,0x04,0x90,0x00,0x20,0x05,0x90,0x02,0x90,
    0x08,0x46,0x60,0x30,0x80,0x31,0x08,0x91,0x07,0x90,0xCE,0xE0,0xC1,0x00,0x03,0x98,
    0x0D,0x18,0x00,0x20,0x2C,0x46,0x08,0x34,0x00,0x90,0x01,0x90,0xFF,0x20,0x69,0x46,
    0x88,0x70,0x2F,0x7A,0x09,0x97,0xA8,0x7A,0x86,0x46,0x2B,0xE0,0xE1,0x78,0x60,0x78,
    0x8C,0x46,0x24,0xE0,0x14,0x21,0x71,0x56,0x23,0x79,0x79,0x43,0x0A,0x18,0x04,0x99,
    0xDB,0x08,0x89,0x5C,0x99,0x42,0x19,0xD1,0x08,0x99,0x6B,0x46,0x89,0x69,0x5B,0x78,
    0x89,0x5C,0x99,0x42,0x01,0xD9,0x6B,0x46,0x59,0x70,0x6B,0x46,0x9B,0x78,0x99,0x42,
    0x01,0xD2,0x6B,0x46,0x99,0x70,0x28,0x29,0x08,0xD2,0x31,0x68,0x52,0x00,0x89,0x5E,
    0x50,0x29,0x03,0xDD,0x6A,0x46,0x11,0x78,0x49,0x1C,0x11,0x70,0x40,0x1C,0x84,0x45,
    0xD8,0xDA,0x7F,0x1C,0xBE,0x45,0xD1,0xDA,0x28,0x20,0x69,0x46,0x88,0x80,0xE8,0x7B,
    0x06,0x28,0x11,0xD9,0x07,0x98,0xC0,0x78,0x80,0x07,0x32,0xD4,0x48,0x78,0x89,0x78,
    0x40,0x1A,0x1E,0x28,0x03,0xDB,0x68,0x46,0x00,0x78,0x05,0x28,0x29,0xD2,0xFF,0x20,
    0x01,0x30,0x69,0x46,0x88,0x80,0x75,0xE0,0x09,0x98,0x00,0x28,0x0E,0xD0,0x15,0x20,
    0x30,0x56,0xA9,0x7A,0x80,0x1E,0x81,0x42,0x08,0xDC,0x68,0x7A,0x00,0x28,0x05,0xD0,
    0x14,0x20,0x30,0x56,0xE9,0x7A,0x80,0x1E,0x81,0x42,0xE8,0xDD,0x28,0x7B,0x04,0x21,
    0x08,0x43,0x28,0x73,0x69,0x46,0x09,0x78,0x02,0x29,0x0A,0xD2,0x69,0x46,0x49,0x78,
    0x28,0x29,0x17,0xD3,0x01,0x21,0x08,0x43,0x28,0x73,0x00,0x20,0x69,0x46,0x88,0x80,
    0x10,0xE0,0x68,0x46,0x40,0x78,0x28,0x28,0x0C,0xD3,0x68,0x46,0x80,0x78,0x23,0x28,
    0x08,0xD3,0x69,0x46,0x88,0x80,0x29,0x7B,0x01,0x22,0x11,0x43,0x29,0x73,0xC1,0x1F,
    0xF9,0x39,0x3F,0xD0,0x07,0x98,0xC0,0x78,0x00,0x07,0x3B,0xD5,0x24,0x48,0x06,0x90,
    0x20,0x78,0x24,0xE0,0x68,0x46,0x67,0x78,0x80,0x88,0x09,0x90,0x1A,0xE0,0x14,0x20,
    0x30,0x56,0x00,0x99,0x22,0x79,0x48,0x43,0x04,0x99,0xC0,0x19,0x09,0x5C,0xD2,0x08,
    0x91,0x42,0x0E,0xD1,0x08,0x99,0x89,0x69,0x0A,0x5C,0x09,0x99,0x8A,0x42,0x03,0xD3,
    0x04,0x9A,0x1F,0x21,0x11,0x54,0x04,0xE0,0x3A,0x46,0x06,0xA8,0x00,0x99,0x05,0xF0,
    0xC9,0xFD,0x7F,0x1C,0xE0,0x78,0xB8,0x42,0xE1,0xDA,0x00,0x98,0x40,0x1C,0x00,0x90,
    0xA1,0x78,0x81,0x42,0xD6,0xDA,0x0E,0x49,0x06,0x98,0x88,0x42,0x01,0xD0,0x20,0x60,
    0x08,0xE0,0x00,0x20,0xA8,0x73,0x68,0x7B,0xC0,0x06,0xC0,0x0E,0x68,0x73,0x05,0x98,
    0x40,0x1C,0x05,0x90,0x02,0x98,0x40,0x1C,0x02,0x90,0x03,0x98,0x00,0x21,0x41,0x5E,
    0x02,0x98,0x81,0x42,0x00,0xDD,0x29,0xE7,0x05,0x98,0x0B,0xB0,0xF0,0xBD,0x00,0x00,
    0xFF,0xFF,0x00,0x00,0xFF,0xB5,0xC8,0x6B,0x89,0xB0,0x40,0x30,0x00,0x7B,0x0E,0x46,
    0x0A,0x28,0x02,0xD3,0x64,0x20,0x0D,0xB0,0xF0,0xBD,0x00,0x21,0x75,0x6A,0x0F,0x46,
    0x0C,0x46,0x6A,0x5E,0x07,0xE0,0xE0,0x00,0x40,0x19,0x80,0x7B,0x88,0x42,0x01,0xDD,
    0x01,0x46,0x27,0x46,0x64,0x1C,0xA2,0x42,0xF5,0xDC,0xF8,0x00,0x44,0x19,0x08,0x34,
    0xA0,0x78,0x21,0x78,0x40,0x1A,0x02,0x28,0x04,0xDC,0xE1,0x78,0x60,0x78,0x08,0x1A,
    0x02,0x28,0x08,0xDD,0x6C,0x20,0x81,0x57,0x02,0x29,0x04,0xDA,0x3A,0x46,0x31,0x46,
    0x09,0x98,0xFF,0xF7,0x65,0xFE,0x04,0xF0,0xD3,0xFA,0x07,0x90,0x09,0x98,0x14,0x21,
    0x15,0x22,0x41,0x56,0x82,0x56,0x88,0x18,0x0C,0x21,0x48,0x43,0x04,0xF0,0xE6,0xFA,
    0x08,0xAB,0x03,0xAA,0x01,0x93,0x00,0x92,0x69,0x68,0x22,0x46,0x07,0x9B,0x09,0x98,
    0x01,0xF0,0x45,0xF8,0x08,0xAA,0x03,0xA9,0x6B,0x46,0x86,0xC3,0xB4,0x6F,0x31,0x46,
    0x0C,0x9B,0x0B,0x9A,0x09,0x98,0xA0,0x47,0x04,0x46,0x07,0x98,0x04,0xF0,0xEE,0xFA,
    0x20,0x46,0xB0,0xE7,0xFF,0xB5,0x95,0xB0,0x1E,0x98,0x0B,0x90,0x48,0x6A,0x02,0x90,
    0x04,0x20,0x18,0x5E,0x02,0x24,0x0D,0x46,0x1F,0x46,0x14,0x28,0x5A,0xDA,0xE8,0x6B,
    0x40,0x30,0xC0,0x7B,0x04,0x28,0x55,0xD2,0x02,0x98,0x00,0x21,0x41,0x5E,0x03,0x29,
    0x50,0xDA,0x00,0x26,0x86,0x5F,0x03,0xAB,0x04,0xAA,0x1F,0x99,0x0B,0x98,0x03,0xF0,
    0xC9,0xFD,0x29,0x6C,0x89,0x07,0xC9,0x0F,0x4A,0x00,0x89,0x18,0x16,0x22,0x51,0x1A,
    0x81,0x42,0x0E,0xDC,0x03,0x9A,0x04,0x9B,0x01,0x92,0x00,0x93,0x29,0x46,0x20,0x9B,
    0x02,0x9A,0x15,0x98,0x00,0xF0,0xFE,0xF8,0x02,0x98,0x02,0x99,0x00,0x88,0x40,0x1C,
    0x08,0x80,0x02,0x98,0x00,0x21,0x41,0x5E,0xB1,0x42,0x2B,0xDD,0x28,0x6C,0x20,0x43,
    0x28,0x64,0x02,0x98,0x00,0x23,0x40,0x68,0x0C,0x90,0x02,0x98,0x00,0x93,0x08,0x30,
    0x0A,0x90,0xE9,0x6B,0x17,0x9B,0x02,0x9A,0x15,0x98,0x01,0xF0,0x39,0xF9,0xE9,0x6B,
    0x40,0x31,0x48,0x72,0x00,0x20,0x06,0x90,0x03,0x90,0x40,0x1E,0x0F,0x90,0x02,0x98,
    0x00,0x21,0x41,0x5E,0x28,0x46,0x60,0x30,0x11,0x90,0xC0,0x78,0x40,0x09,0x08,0x1A,
    0x02,0x28,0x02,0xD0,0x00,0x20,0xC0,0x43,0x78,0x80,0x00,0x26,0x28,0x46,0x80,0x30,
    0x10,0x90,0xB4,0xE0,0x28,0x6C,0xA0,0x43,0xD2,0xE7,0x17,0x98,0x31,0x01,0x0B,0x18,
    0x00,0x93,0xF0,0x00,0x0A,0x99,0x09,0x90,0x44,0x18,0x22,0x46,0x0C,0x99,0x15,0x98,
    0x01,0xF0,0xEC,0xF9,0x61,0x79,0x49,0x09,0x7E,0xD1,0x00,0x28,0x02,0xD1,0x20,0x98,
    0x86,0x42,0x79,0xD1,0x11,0x98,0x00,0x99,0x82,0x7B,0x10,0x98,0xC3,0x68,0x15,0x98,
    0x98,0x47,0x07,0x90,0xE0,0x79,0x05,0x28,0x0D,0xD8,0xA1,0x79,0x1E,0x29,0x0A,0xD2,
    0x10,0x99,0x49,0x69,0x89,0x89,0xFF,0x29,0x05,0xD8,0x06,0x21,0x08,0x1A,0xC1,0x00,
    0x07,0x98,0x08,0x18,0x07,0x90,0x20,0x98,0x86,0x42,0x01,0xD1,0x07,0x98,0x38,0x80,
    0x21,0x46,0x0C,0x9A,0x15,0x98,0x03,0xF0,0x13,0xFB,0x01,0x90,0x0C,0x9A,0x15,0x99,
    0x00,0x98,0x03,0xF0,0xD3,0xFC,0x07,0x99,0x08,0x90,0x09,0x18,0x01,0x98,0x08,0x18,
    0x04,0x90,0x0A,0x99,0x09,0x98,0xA2,0x78,0x08,0x5C,0x10,0x1A,0x40,0x1C,0x05,0x90,
    0xE0,0x78,0x61,0x78,0x40,0x1A,0x40,0x1C,0x41,0x00,0x07,0x90,0x05,0x98,0x81,0x42,
    0x03,0xDB,0x41,0x00,0x07,0x98,0x81,0x42,0x02,0xDA,0x00,0x20,0xC0,0x43,0x78,0x80,
    0x60,0x79,0xC1,0x06,0x20,0x98,0xC9,0x0E,0xC2,0x00,0x0A,0x98,0x10,0x18,0x00,0x79,
    0xC0,0x08,0x81,0x42,0x46,0xD1,0x28,0x6C,0x80,0x07,0x09,0xD5,0x0B,0x9A,0x1F,0x9B,
    0x01,0x93,0x00,0x92,0x13,0x68,0x22,0x46,0x0C,0x99,0x15,0x98,0x00,0xF0,0x57,0xFF,
    0x01,0x23,0x01,0x93,0x09,0xAA,0x00,0x92,0x12,0xAB,0x0D,0xAA,0x1F,0x99,0x0B,0x98,
    0x03,0xF0,0xF0,0xFB,0x04,0x99,0x0F,0x9A,0x09,0x18,0x04,0x91,0xA1,0x79,0x91,0x42,
    0x02,0xDD,0x0F,0x91,0x04,0x99,0x06,0x91,0x02,0x21,0x79,0x5E,0x49,0x1C,0x1E,0xD0,
    0x0D,0x9A,0x0E,0x99,0x52,0x00,0x00,0xE0,0x20,0xE0,0x91,0x42,0x17,0xDC,0x15,0x9B,
    0x14,0x22,0x9A,0x56,0x91,0x42,0x12,0xDA,0x23,0x28,0x10,0xDA,0x08,0x98,0x19,0x28,
    0x0D,0xDA,0x15,0x21,0x59,0x56,0xE0,0x79,0x51,0x43,0x05,0x9A,0x64,0x23,0x50,0x43,
    0x07,0x9A,0x49,0x43,0x5A,0x43,0x50,0x43,0xFF,0xF7,0xC2,0xFA,0x01,0xE0,0x00,0x20,
    0xC0,0x43,0x78,0x80,0x04,0x99,0x03,0x98,0x40,0x18,0x03,0x90,0x76,0x1C,0x02,0x98,
    0x00,0x21,0x41,0x5E,0xB1,0x42,0x00,0xDD,0x47,0xE7,0x06,0x9A,0x03,0x99,0xC8,0x20,
    0x89,0x1A,0xCA,0x10,0x06,0x99,0x51,0x18,0xC8,0x29,0x00,0xDA,0x08,0x46,0x19,0xB0,
    0xF0,0xBD,0x00,0x00,0xFF,0xB5,0x89,0xB0,0x09,0x99,0x14,0x20,0x08,0x56,0x01,0x90,
    0x50,0x68,0x05,0x90,0xD8,0x00,0x87,0x18,0x00,0x20,0x10,0x5E,0x08,0x37,0xC0,0x00,
    0x86,0x18,0x08,0x36,0x31,0x79,0x49,0x07,0x49,0x0F,0x01,0x43,0x31,0x71,0xB9,0x78,
    0x38,0x78,0x09,0x1A,0x49,0x1C,0x02,0x91,0xFA,0x78,0x79,0x78,0x07,0x91,0x52,0x1A,
    0x00,0x21,0x52,0x1C,0x04,0x91,0x08,0x91,0x06,0x92,0x43,0x49,0x39,0x60,0x31,0x60,
    0x00,0x25,0x00,0x90,0x53,0xE0,0x07,0x98,0x00,0x24,0x03,0x90,0x48,0xE0,0x00,0x20,
    0x12,0x99,0xC0,0x43,0x00,0x29,0x06,0xD0,0x01,0x29,0x06,0xD0,0x02,0x29,0x06,0xD0,
    0x03,0x29,0x06,0xD0,0x09,0xE0,0x28,0x46,0x07,0xE0,0x20,0x46,0x05,0xE0,0x28,0x19,
    0x03,0xE0,0x06,0x98,0x29,0x1B,0x08,0x18,0x40,0x1E,0x00,0x9B,0x01,0x99,0x03,0x9A,
    0x4B,0x43,0x05,0x99,0x89,0x18,0x3A,0x79,0x8C,0x46,0x59,0x5C,0xD2,0x08,0x96,0x46,
    0x91,0x42,0x01,0xD0,0x15,0x29,0x1F,0xD1,0x13,0x9A,0x90,0x42,0x03,0xD1,0x15,0x20,
    0x61,0x46,0x58,0x54,0x18,0xE0,0x90,0x42,0x0E,0xDD,0x71,0x45,0x03,0xD1,0x30,0x79,
    0x61,0x46,0xC0,0x08,0x58,0x54,0x30,0x46,0x03,0x9A,0x00,0x99,0x05,0xF0,0xB2,0xFB,
    0x08,0x98,0x40,0x1C,0x08,0x90,0x07,0xE0,0x38,0x46,0x03,0x9A,0x00,0x99,0x05,0xF0,
    0xA9,0xFB,0x04,0x98,0x40,0x1C,0x04,0x90,0x03,0x98,0x64,0x1C,0x40,0x1C,0x03,0x90,
    0x06,0x98,0x84,0x42,0xB3,0xDB,0x00,0x98,0x6D,0x1C,0x40,0x1C,0x00,0x90,0x02,0x98,
    0x85,0x42,0xA8,0xDB,0x01,0x24,0x3D,0x46,0x00,0x2C,0x00,0xD0,0x35,0x46,0x0A,0x98,
    0x05,0x99,0xC0,0x6B,0x03,0x7D,0x82,0x7D,0x68,0x46,0x0E,0xC0,0x28,0x79,0xFF,0x23,
    0xC2,0x08,0x29,0x46,0x09,0x98,0x01,0xF0,0x04,0xF8,0xA8,0x71,0x64,0x1E,0xEA,0xD5,
    0x38,0x79,0x02,0x21,0x08,0x43,0x38,0x71,0x04,0x98,0xF8,0x71,0x30,0x79,0x08,0x43,
    0x30,0x71,0x70,0x79,0x39,0x79,0x40,0x09,0x40,0x01,0xC9,0x08,0x08,0x43,0x70,0x71,
    0x08,0x98,0xF0,0x71,0x0D,0xB0,0xF0,0xBD,0xFF,0xFF,0x00,0x00,0xFF,0xB5,0x04,0x46,
    0x00,0x20,0x81,0xB0,0x66,0x42,0x1D,0x46,0x00,0x90,0x00,0x2C,0x01,0xDA,0x40,0x20,
    0x00,0x90,0x18,0x46,0x03,0x99,0xFF,0xF7,0x26,0xFA,0x20,0x46,0x03,0x99,0xFF,0xF7,
    0xE7,0xF9,0xC7,0xB2,0x02,0x98,0x87,0x42,0x00,0xD9,0x07,0x46,0x00,0x98,0x3A,0x46,
    0x02,0x43,0x80,0x20,0x02,0x43,0x28,0x46,0x03,0x99,0xFF,0xF7,0x0D,0xFA,0x03,0x98,
    0x78,0x43,0x20,0x1A,0x81,0xB2,0x02,0x98,0x87,0x42,0x0D,0xD2,0x00,0x20,0x08,0xE0,
    0x00,0x29,0x09,0xD0,0x2A,0x5C,0x49,0x1E,0x52,0x1C,0x2A,0x54,0x40,0x1C,0x89,0xB2,
    0xC0,0xB2,0x03,0x9A,0x90,0x42,0xF3,0xD3,0x00,0x2C,0x01,0xDA,0x88,0x1B,0x03,0xE0,
    0x00,0x2C,0x00,0xDC,0x34,0x46,0x60,0x1A,0x00,0xB2,0x05,0xB0,0xF0,0xBD,0x70,0xB5,
    0x05,0x46,0x0C,0x46,0x00,0x2B,0x05,0xD0,0x01,0x46,0x52,0x00,0x20,0x46,0xFF,0xF7,
    0xC3,0xF9,0x70,0xBD,0x00,0x20,0x08,0xE0,0x43,0x00,0xE1,0x5E,0x4E,0x00,0x89,0x19,
    0xEE,0x5E,0x89,0x19,0x89,0x10,0xE1,0x52,0x40,0x1C,0x90,0x42,0xF4,0xDB,0x70,0xBD,
    0x70,0xB5,0x05,0x46,0xC8,0x78,0x0C,0x46,0x00,0x07,0x5C,0x34,0x00,0x0F,0x00,0x23,
    0x0A,0x46,0x01,0x28,0x0F,0xD0,0xE0,0x7A,0x00,0x28,0x08,0xD0,0x00,0x20,0x18,0x21,
    0x41,0x43,0x09,0x19,0x8E,0x69,0x40,0x1C,0x0E,0x62,0x05,0x28,0xF7,0xDB,0x20,0x7A,
    0xFF,0x28,0x03,0xD0,0x0C,0xE0,0x23,0x72,0x00,0x20,0x70,0xBD,0x23,0x72,0xA3,0x72,
    0xFF,0x20,0x60,0x72,0xA3,0x80,0xE0,0x6A,0x0A,0x21,0x00,0x78,0x48,0x43,0xE0,0x80,
    0x20,0x7A,0x03,0x28,0x1D,0xD2,0xA1,0x7A,0x16,0x7B,0xB1,0x42,0x19,0xD2,0x66,0x7A,
    0x52,0x7B,0x96,0x42,0x02,0xD2,0x40,0x1C,0x20,0x72,0x00,0xE0,0x23,0x72,0x00,0x29,
    0x04,0xD0,0x00,0x22,0x01,0x21,0x20,0x46,0x00,0xF0,0x41,0xF8,0x21,0x46,0x28,0x46,
    0x00,0xF0,0x21,0xF8,0x00,0x22,0x11,0x46,0x20,0x46,0x00,0xF0,0x38,0xF8,0x01,0x26,
    0x04,0xE0,0xE3,0x68,0x21,0x46,0x28,0x46,0x98,0x47,0x06,0x46,0xA0,0x7A,0xC8,0x28,
    0x01,0xD2,0x40,0x1C,0xA0,0x72,0x00,0x25,0x18,0x20,0x68,0x43,0x00,0x19,0x28,0x21,
    0x41,0x5E,0x4A,0x00,0x81,0x69,0x00,0x6A,0xFF,0xF7,0x56,0xF9,0x6D,0x1C,0x05,0x2D,
    0xF2,0xDB,0x30,0x46,0x70,0xBD,0x70,0xB5,0x08,0x7A,0x01,0x26,0x0D,0x46,0x00,0x28,
    0x03,0xD1,0xA8,0x7A,0x00,0x28,0x00,0xD0,0x00,0x26,0x00,0x24,0x18,0x20,0x60,0x43,
    0x40,0x19,0x18,0x30,0x41,0x68,0x00,0x29,0x05,0xD0,0x10,0x22,0x82,0x5E,0x00,0x68,
    0x33,0x46,0xFF,0xF7,0x6C,0xFF,0x64,0x1C,0x05,0x2C,0xEF,0xDB,0x70,0xBD,0xF7,0xB5,
    0x8C,0x46,0x96,0x46,0x00,0x25,0x18,0x20,0x00,0x99,0x68,0x43,0x41,0x18,0x70,0x46,
    0x8B,0x69,0x00,0x28,0x00,0xD0,0x0B,0x6A,0x28,0x20,0x08,0x5E,0xCC,0x69,0x40,0x1E,
    0x16,0xD4,0x20,0x31,0x8A,0x7A,0x00,0x2A,0x03,0xD0,0x46,0x00,0xA7,0x5B,0x9A,0x5B,
    0x0A,0xE0,0x62,0x46,0x00,0x2A,0x04,0xD0,0x46,0x00,0x9F,0x5B,0xA2,0x5B,0xBF,0x18,
    0x03,0xE0,0x46,0x00,0x9F,0x5B,0xA2,0x5B,0xBF,0x1A,0x9F,0x53,0x40,0x1E,0xE9,0xD5,
    0x6D,0x1C,0x05,0x2D,0xD7,0xDB,0xFE,0xBD,0x30,0xB5,0x01,0x25,0x2C,0x46,0x94,0x40,
    0x9D,0x40,0x88,0x42,0x09,0xDD,0x43,0x1A,0xA3,0x42,0x04,0xD9,0x64,0x1E,0x44,0x43,
    0x60,0x18,0xD0,0x40,0x30,0xBD,0x40,0x1E,0x30,0xBD,0x81,0x42,0xFC,0xDD,0x0A,0x1A,
    0xAA,0x42,0x04,0xD9,0x6D,0x1E,0x45,0x43,0x68,0x18,0xD8,0x40,0x30,0xBD,0x40,0x1C,
    0x30,0xBD,0x00,0x00,0x01,0x46,0x10,0xB5,0xFF,0x30,0x01,0x30,0xC0,0x6A,0x06,0x4A,
    0x02,0x60,0x08,0x46,0x5C,0x30,0xFF,0x22,0x02,0x72,0x04,0x4A,0x8A,0x66,0x00,0x22,
    0x00,0xF0,0x06,0xF8,0x00,0x20,0x10,0xBD,0x71,0x0D,0x00,0x00,0x71,0x10,0x00,0x00,
    0x70,0xB5,0x05,0x46,0xC0,0x69,0x00,0x24,0x16,0x46,0x00,0x28,0x1F,0xD0,0x28,0x6A,
    0x00,0x28,0x1C,0xD1,0x03,0xF0,0x8C,0xFF,0x03,0x46,0x00,0x2E,0x19,0xD0,0x00,0x20,
    0x18,0x21,0x41,0x43,0x49,0x19,0xCA,0x69,0x00,0x2A,0x05,0xD0,0x62,0x00,0xD2,0x18,
    0x0A,0x62,0x28,0x22,0x8A,0x5E,0x14,0x19,0x40,0x1C,0x05,0x28,0xF0,0xDB,0x64,0x00,
    0x21,0x46,0x18,0x46,0xFF,0xF7,0xD7,0xF8,0x20,0x46,0x03,0xF0,0x8F,0xFF,0x20,0x46,
    0x70,0xBD,0x01,0x20,0xE8,0x72,0xF2,0xE7,0xF7,0xB5,0x84,0xB0,0x04,0x20,0x40,0x32,
    0x02,0x90,0x90,0x7C,0x01,0x28,0x01,0xD1,0x05,0x20,0x02,0x90,0x00,0x26,0x18,0x20,
    0x05,0x99,0x70,0x43,0x44,0x18,0x18,0x34,0x60,0x68,0x00,0x28,0x1C,0xD0,0xA0,0x7C,
    0x00,0x28,0x03,0xD0,0x05,0x20,0x01,0x90,0x02,0x98,0x02,0xE0,0x02,0x98,0x01,0x90,
    0x05,0x20,0x00,0x25,0x00,0x90,0x0B,0xE0,0xA0,0x68,0x6F,0x00,0xC1,0x5F,0x60,0x68,
    0x00,0x9B,0xC0,0x5F,0x01,0x9A,0xFF,0xF7,0x77,0xFF,0x61,0x68,0x6D,0x1C,0xC8,0x53,
    0x10,0x20,0x20,0x5E,0xA8,0x42,0xEF,0xDC,0x76,0x1C,0x05,0x2E,0xD7,0xDB,0x07,0xB0,
    0xF0,0xBD,0xF0,0xB5,0x06,0x46,0x00,0x20,0x85,0xB0,0x49,0x00,0x05,0x46,0x04,0x46,
    0x03,0x46,0x03,0x91,0x2E,0xE0,0x99,0x00,0x8C,0x46,0x71,0x58,0x14,0x22,0x8E,0x46,
    0x15,0x21,0x71,0x56,0xB2,0x56,0x0F,0x46,0x57,0x43,0x02,0x92,0x01,0x91,0x61,0x46,
    0x6A,0x46,0x00,0x97,0x89,0x18,0x09,0x68,0x8C,0x46,0x00,0x21,0x0D,0xE0,0x4A,0x00,
    0x77,0x46,0xBA,0x5E,0x14,0x2A,0x01,0xDD,0x10,0x18,0x6D,0x1C,0x13,0x27,0xFF,0x43,
    0xBA,0x42,0x01,0xDA,0x80,0x1A,0x64,0x1C,0x49,0x1C,0x61,0x45,0xEF,0xDB,0x00,0x2B,
    0x06,0xD1,0x00,0x2D,0x01,0xD0,0x04,0x2C,0x02,0xDC,0x00,0x20,0x05,0xB0,0xF0,0xBD,
    0x03,0x99,0x5B,0x1C,0x99,0x42,0xCE,0xDA,0x29,0x19,0xFF,0xF7,0x21,0xF8,0xF5,0xE7,
    0xF7,0xB5,0x48,0x20,0x00,0x26,0x80,0x5C,0x0C,0x46,0x15,0x46,0x40,0x07,0x37,0x46,
    0x35,0xD4,0x00,0x98,0xA1,0x88,0x40,0x8A,0x08,0x18,0x80,0xB2,0xA0,0x80,0xE1,0x88,
    0x88,0x42,0x31,0xD3,0x00,0x22,0x01,0x21,0x20,0x46,0xFF,0xF7,0xE8,0xFE,0x67,0x20,
    0x40,0x5D,0x00,0x28,0x04,0xD1,0x01,0x22,0x11,0x46,0x20,0x46,0xFF,0xF7,0xDF,0xFE,
    0x2A,0x46,0x21,0x46,0x00,0x98,0xFF,0xF7,0x67,0xFF,0x00,0x22,0x11,0x46,0x20,0x46,
    0xFF,0xF7,0xD5,0xFE,0xA7,0x80,0xE8,0x78,0x01,0x26,0x00,0x09,0x01,0xD0,0x01,0x21,
    0x00,0xE0,0x00,0x21,0x00,0x98,0xFF,0xF7,0x8C,0xFF,0x01,0x46,0x01,0x20,0x1E,0x29,
    0x03,0xDC,0xE0,0x6A,0x0A,0x21,0x00,0x78,0x48,0x43,0xE0,0x80,0x04,0xE0,0x50,0x7C,
    0x0A,0x21,0x48,0x43,0xE0,0x80,0xA7,0x80,0x30,0x46,0xFE,0xBD,0xF7,0xB5,0x05,0x46,
    0x02,0x23,0x26,0x21,0x04,0x46,0x16,0x46,0xD3,0x5E,0x41,0x5E,0x00,0x22,0x24,0x20,
    0x40,0x35,0xB2,0x5E,0x20,0x5E,0x04,0xF0,0xC4,0xF9,0xC7,0x00,0x06,0x23,0x04,0x22,
    0x26,0x21,0x24,0x20,0xF3,0x5E,0xB2,0x5E,0x61,0x5E,0x20,0x5E,0x04,0xF0,0xB9,0xF9,
    0x01,0x99,0xC0,0x00,0x40,0x31,0x89,0x7D,0x03,0x22,0x03,0x29,0x00,0xD9,0x0A,0x46,
    0x39,0x18,0x51,0x43,0x00,0x26,0x32,0x46,0x00,0x29,0x08,0xD0,0x63,0x7C,0xDB,0x09,
    0x05,0xD1,0x7F,0x43,0x40,0x43,0x38,0x18,0xFE,0xF7,0xAA,0xFF,0x02,0x46,0x0A,0x20,
    0x28,0x5E,0x80,0x18,0x40,0x10,0x68,0x81,0x01,0x9F,0x20,0x37,0x38,0x7A,0x43,0x00,
    0x78,0x7A,0x42,0x00,0x60,0x7C,0xC0,0x09,0x03,0xD1,0xF8,0x7A,0x00,0xF0,0xB6,0xF8,
    0x06,0x46,0xB8,0x7A,0x00,0xF0,0xB2,0xF8,0x86,0x1B,0x0A,0x20,0x28,0x5E,0x00,0x21,
    0x98,0x42,0x01,0xDB,0x31,0x46,0x07,0xE0,0x90,0x42,0x05,0xDD,0x80,0x1A,0x99,0x1A,
    0x70,0x43,0xFE,0xF7,0x85,0xFF,0x01,0x46,0x60,0x7C,0x63,0x7F,0xC2,0x09,0x08,0x20,
    0x28,0x5E,0x00,0xF0,0xAC,0xF8,0x08,0x27,0xEF,0x5F,0xC4,0x1B,0x00,0x2C,0x01,0xDD,
    0x20,0x46,0x00,0xE0,0x38,0x1A,0x31,0x46,0x40,0x43,0x71,0x43,0x80,0x02,0xFE,0xF7,
    0x6F,0xFF,0xFF,0x21,0x01,0x31,0x88,0x42,0x03,0xDD,0x89,0x00,0x88,0x42,0x00,0xDA,
    0x01,0x46,0x4C,0x43,0xA0,0x12,0x38,0x18,0x00,0xB2,0x28,0x81,0x80,0x21,0x08,0x1A,
    0xFE,0xBD,0xFF,0xB5,0x85,0xB0,0x0E,0x9E,0x0F,0x46,0x05,0x46,0x04,0x46,0xC1,0x6A,
    0x40,0x35,0xB3,0x68,0x72,0x68,0x68,0x46,0x06,0xF0,0xE2,0xFB,0xA0,0x6B,0x01,0x90,
    0x08,0x20,0x28,0x5E,0x20,0x22,0x40,0x43,0x81,0x11,0x10,0x46,0x20,0x29,0x00,0xDC,
    0x08,0x46,0x07,0x99,0x12,0x1A,0x4C,0x00,0x01,0xA9,0x09,0x5F,0x04,0x23,0x51,0x43,
    0x6A,0x46,0x12,0x5F,0x42,0x43,0x88,0x18,0x29,0x5F,0x62,0x19,0x03,0x92,0x02,0x91,
    0xD3,0x5E,0x40,0x11,0x5A,0x10,0x10,0x18,0x0A,0x18,0x39,0x46,0x79,0x43,0x0B,0x11,
    0x9C,0x46,0x7B,0x43,0xD9,0x11,0x96,0x46,0xCA,0x00,0x63,0x46,0x8A,0x1A,0xDB,0x00,
    0xF8,0x00,0xD2,0x18,0x43,0x00,0xC3,0x18,0xD3,0x1A,0x01,0x22,0xD2,0x02,0x9F,0x18,
    0x72,0x46,0x57,0x43,0x4A,0x00,0x63,0x46,0x52,0x42,0x9B,0x00,0xD2,0x18,0x0A,0x23,
    0x43,0x43,0xD2,0x1A,0x01,0x23,0x5B,0x03,0xD2,0x18,0x33,0x5F,0x5A,0x43,0xD3,0x19,
    0x9E,0x46,0x63,0x46,0x06,0x27,0x7B,0x43,0x8A,0x00,0x9C,0x46,0xD2,0x1A,0x3B,0x46,
    0x43,0x43,0xD3,0x18,0x01,0x22,0xD2,0x02,0x9B,0x18,0xA2,0x19,0x04,0x27,0xD7,0x5F,
    0x04,0x97,0x5F,0x43,0x77,0x44,0x8B,0x00,0xC9,0x18,0x63,0x46,0xC9,0x1A,0xC3,0x00,
    0x18,0x1A,0x08,0x18,0x08,0x21,0x51,0x5E,0x48,0x43,0x03,0x21,0x09,0x03,0xC0,0x19,
    0x4A,0x10,0x80,0x18,0xFE,0xF7,0xEC,0xFE,0x04,0x9F,0x02,0x99,0xC3,0x1B,0x03,0x9A,
    0x59,0x1A,0x91,0x80,0x2B,0x53,0x30,0x53,0x09,0xB0,0xF0,0xBD,0x32,0x28,0x04,0xDA,
    0x83,0x21,0xC9,0x01,0x48,0x43,0x00,0x14,0x70,0x47,0x64,0x21,0x08,0x1A,0xBF,0x21,
    0x40,0x43,0x09,0x02,0x48,0x43,0x00,0x15,0x80,0x21,0x08,0x1A,0x70,0x47,0xF8,0xB5,
    0x04,0x46,0x0D,0x46,0x17,0x00,0x1E,0x46,0x00,0xD0,0x00,0x25,0xAC,0x42,0x01,0xD1,
    0x28,0x46,0xF8,0xBD,0x01,0x20,0x61,0x1B,0x80,0x02,0xFE,0xF7,0xC1,0xFE,0x01,0x46,
    0xAA,0x02,0xAC,0x42,0x01,0xDA,0x00,0x2F,0x0D,0xD0,0x64,0x1E,0x60,0x1B,0x03,0x46,
    0x4B,0x43,0x43,0x43,0x98,0x18,0x84,0x12,0xAC,0x42,0x02,0xD0,0xF6,0x1E,0x00,0x2E,
    0xEF,0xDC,0x20,0x46,0xF8,0xBD,0x64,0x1C,0xF0,0xE7,0x03,0x46,0x10,0xB5,0x00,0x20,
    0x02,0x46,0x04,0xE0,0x9C,0x5C,0x20,0x18,0x52,0x1C,0xC0,0xB2,0xD2,0xB2,0x8A,0x42,
    0xF8,0xD3,0x10,0xBD,0xF0,0xB5,0x00,0x25,0x05,0x9C,0xED,0x43,0x05,0x2C,0x02,0xD1,
    0x82,0x42,0x10,0xD2,0x0D,0xE0,0x04,0x2C,0x02,0xD1,0x82,0x42,0x0B,0xD9,0x08,0xE0,
    0x02,0x2C,0x02,0xD1,0x8B,0x42,0x06,0xD9,0x03,0xE0,0x03,0x2C,0x03,0xD1,0x8B,0x42,
    0x01,0xD2,0x28,0x46,0xF0,0xBD,0x14,0x1A,0x10,0x1A,0x24,0xB2,0x5D,0x1A,0x00,0xB2,
    0x40,0x42,0x2D,0xB2,0x26,0x46,0x00,0x2C,0x00,0xDC,0x06,0x46,0x59,0x1A,0x09,0xB2,
    0x4A,0x42,0x2F,0x46,0x00,0x2D,0x00,0xDC,0x17,0x46,0x79,0x00,0x8E,0x42,0x05,0xDD,
    0x00,0x2C,0x01,0xDD,0x05,0x20,0xF0,0xBD,0x04,0x20,0xF0,0xBD,0x29,0x1E,0x00,0xDC,
    0x11,0x46,0x00,0x2C,0x00,0xDC,0x04,0x46,0x60,0x00,0x81,0x42,0x05,0xDD,0x00,0x2D,
    0x01,0xDD,0x03,0x20,0xF0,0xBD,0x02,0x20,0xF0,0xBD,0x01,0x20,0xC0,0x43,0xF0,0xBD,
    0xFF,0xB5,0x0D,0x46,0xCF,0x6B,0x40,0x31,0x09,0x7E,0x36,0x4A,0x14,0x20,0x51,0x43,
    0x49,0x0C,0x81,0xB0,0x1C,0x46,0x14,0x29,0x03,0xD9,0x23,0x20,0x23,0x29,0x00,0xD2,
    0x08,0x46,0x03,0x46,0x02,0x46,0x00,0x90,0x29,0x46,0x01,0x98,0x02,0xF0,0xC4,0xFB,
    0x00,0x28,0x2C,0xD0,0x6E,0x6A,0x00,0x21,0x30,0x46,0x71,0x5E,0x08,0x30,0x01,0x29,
    0x0B,0xDC,0x81,0x78,0x02,0x78,0x89,0x1A,0x49,0x1C,0x04,0x29,0x05,0xDC,0xC1,0x78,
    0x40,0x78,0x08,0x1A,0x40,0x1C,0x04,0x28,0x04,0xDD,0x39,0x46,0x01,0x98,0x00,0xF0,
    0x1D,0xF9,0xA0,0x80,0xEA,0x6F,0x29,0x46,0x01,0x98,0x90,0x47,0x40,0x07,0x2F,0x46,
    0x01,0x0E,0x60,0x37,0xF8,0x78,0xC0,0x06,0xC0,0x0E,0x08,0x43,0xF8,0x70,0x00,0x21,
    0x71,0x5E,0x42,0x09,0x91,0x42,0x07,0xD1,0x04,0x21,0x08,0x43,0x06,0xE0,0x64,0x20,
    0xE0,0x80,0x01,0x20,0x05,0xB0,0xF0,0xBD,0xFB,0x21,0x08,0x40,0xF8,0x70,0x29,0x46,
    0x00,0x9B,0x03,0x9A,0x01,0x98,0x00,0xF0,0x4F,0xF8,0x60,0x81,0xF8,0x78,0x40,0x07,
    0x06,0xD4,0x23,0x46,0x29,0x46,0x03,0x9A,0x01,0x98,0xFF,0xF7,0xCB,0xF9,0xE0,0x80,
    0x00,0x20,0x20,0x5E,0x1E,0x28,0x01,0xDD,0x00,0x20,0x60,0x81,0x02,0x20,0x20,0x5E,
    0x00,0x28,0x04,0xDC,0x00,0x99,0x01,0x98,0x02,0xF0,0x64,0xFD,0x60,0x80,0x00,0x20,
    0xD8,0xE7,0x00,0x00,0xAB,0xAA,0x00,0x00,0xF0,0xB5,0x71,0x22,0x12,0x5C,0x00,0x2A,
    0x14,0xD0,0xC0,0x6A,0x15,0x22,0x84,0x46,0x14,0x20,0x08,0x56,0x8A,0x56,0x00,0x23,
    0x50,0x43,0x1C,0x46,0x1D,0x46,0x40,0x1E,0x15,0xD4,0x09,0x27,0xFF,0x43,0x46,0x00,
    0x62,0x46,0x92,0x5F,0x0A,0x2A,0x03,0xDD,0xD3,0x18,0x0A,0xE0,0x00,0x20,0xF0,0xBD,
    0xBA,0x42,0x01,0xDA,0xA4,0x1A,0x04,0xE0,0x0A,0x68,0x92,0x5F,0x50,0x2A,0x00,0xDD,
    0x6D,0x1C,0x40,0x1E,0xEB,0xD5,0x00,0x20,0x00,0x2B,0x01,0xD0,0x00,0x2C,0xEE,0xD1,
    0x02,0x2D,0xEC,0xDD,0x18,0x19,0xF0,0xBD,0xFE,0xB5,0x0F,0x46,0x04,0x46,0x4E,0x6A,
    0x00,0x21,0x38,0x46,0x71,0x5E,0x60,0x30,0x01,0x90,0xC0,0x78,0x40,0x09,0x08,0x1A,
    0x01,0x28,0x32,0xDC,0x14,0x25,0x15,0x20,0x65,0x57,0x20,0x56,0x00,0x90,0x84,0x46,
    0x69,0x00,0x20,0x68,0x89,0x1C,0x41,0x5E,0x08,0x36,0x99,0x42,0x25,0xDC,0xA9,0x00,
    0x09,0x1F,0x41,0x5E,0x99,0x42,0x20,0xDC,0x61,0x46,0x89,0x1E,0x69,0x43,0x4A,0x00,
    0x92,0x1C,0x82,0x5E,0x9A,0x42,0x18,0xDC,0x49,0x19,0x49,0x00,0x09,0x1F,0x40,0x5E,
    0x98,0x42,0x12,0xDC,0x61,0x46,0x60,0x68,0x03,0xF0,0x4A,0xFC,0x02,0x90,0x14,0x21,
    0x61,0x56,0xA0,0x68,0x03,0xF0,0x44,0xFC,0x02,0x99,0x5A,0x29,0x05,0xDD,0x5A,0x28,
    0x03,0xDD,0x40,0x37,0x38,0x7E,0x78,0x28,0x01,0xD8,0x00,0x20,0xFE,0xBD,0x31,0x78,
    0x00,0x20,0x00,0x29,0xFA,0xD0,0x71,0x78,0x00,0x29,0xF7,0xD0,0x00,0x99,0xB2,0x78,
    0x49,0x1E,0x8A,0x42,0xF2,0xDA,0xF1,0x78,0x6D,0x1E,0xA9,0x42,0xEE,0xDA,0x01,0x99,
    0x18,0x20,0xC9,0x78,0xC0,0x43,0xCA,0x07,0x01,0xD1,0x09,0x20,0xC0,0x43,0x01,0x22,
    0x11,0x43,0x01,0x9A,0xD1,0x70,0xFE,0xBD,0xF0,0xB5,0x0C,0x46,0x15,0x46,0x87,0xB0,
    0x06,0x46,0x6B,0x46,0x00,0x22,0x29,0x46,0x20,0x46,0x00,0xF0,0x17,0xF8,0x03,0xAB,
    0x01,0x22,0x29,0x46,0x20,0x46,0x00,0xF0,0x11,0xF8,0x00,0x24,0x6F,0x46,0xA5,0x00,
    0x03,0xA9,0x78,0x59,0x49,0x59,0x40,0x43,0x49,0x43,0x40,0x18,0x05,0xF0,0xDE,0xFE,
    0x64,0x1C,0x70,0x51,0x03,0x2C,0xF2,0xDB,0x07,0xB0,0xF0,0xBD,0xFF,0xB5,0x51,0x00,
    0x42,0x5E,0x00,0x27,0x9E,0x46,0x8C,0x46,0x15,0x46,0x16,0x46,0x01,0x24,0x10,0xE0,
    0xA1,0x00,0x09,0x18,0x63,0x46,0xC9,0x5E,0x53,0x1A,0x00,0x2B,0x00,0xDC,0x8B,0x1A,
    0xDF,0x19,0x8D,0x42,0x00,0xDC,0x0D,0x46,0x8E,0x42,0x00,0xDB,0x0E,0x46,0x0A,0x46,
    0x64,0x1C,0x01,0x99,0x8C,0x42,0xEB,0xDB,0xAB,0x1B,0x71,0x46,0x88,0xC1,0x61,0x46,
    0x40,0x5E,0x11,0x1A,0x70,0x46,0x81,0x60,0xFF,0xBD,0x00,0x00,0xF0,0xB5,0x15,0x21,
    0x86,0xB0,0x41,0x56,0x02,0x91,0x14,0x21,0x41,0x56,0x00,0x91,0x00,0x68,0x04,0x90,
    0x00,0x20,0x01,0x90,0x03,0x90,0x65,0xE0,0x00,0x99,0x05,0x91,0x00,0x20,0x61,0x46,
    0x00,0x29,0x04,0xD0,0x0A,0x46,0x02,0x99,0x49,0x1E,0x8A,0x42,0x03,0xD1,0x00,0x99,
    0x01,0x20,0x49,0x1E,0x05,0x91,0x86,0x46,0x01,0x46,0x05,0x98,0x81,0x42,0x60,0x46,
    0x4F,0xDA,0x00,0x99,0x48,0x43,0x71,0x46,0x41,0x18,0x4A,0x00,0x04,0x99,0x00,0x20,
    0x8E,0x5E,0x04,0x46,0x00,0x2E,0x01,0xDD,0x32,0x46,0x00,0xE0,0x72,0x42,0x0A,0x2A,
    0x00,0xDA,0x0A,0x22,0x03,0x21,0x65,0x46,0x73,0x46,0xCF,0x07,0x05,0xD0,0x5B,0x18,
    0x00,0x9F,0x9B,0x1E,0xBB,0x42,0x1A,0xD2,0x04,0xE0,0x6D,0x18,0x02,0x9F,0x6D,0x1E,
    0xBD,0x42,0x14,0xD2,0x00,0x9F,0x7D,0x43,0xEB,0x18,0x5D,0x00,0x04,0x9B,0x5B,0x5F,
    0xF3,0x1A,0x1D,0x46,0x09,0x35,0x13,0x2D,0x09,0xD3,0xC0,0x18,0x55,0x42,0xAB,0x42,
    0x01,0xDA,0x2B,0x46,0x02,0xE0,0x93,0x42,0x00,0xDD,0x13,0x46,0xE4,0x18,0x49,0x1E,
    0xD9,0xD5,0x00,0x2C,0x00,0xDC,0x64,0x42,0x51,0x00,0x8C,0x42,0x0E,0xDD,0x64,0x21,
    0x02,0x1E,0x00,0xDC,0x42,0x42,0x64,0x2A,0x02,0xDC,0x01,0x1E,0x00,0xDC,0x49,0x42,
    0x01,0x98,0x08,0x18,0x01,0x90,0x03,0x98,0x40,0x1C,0x03,0x90,0x70,0x46,0x40,0x1C,
    0xA9,0xE7,0x40,0x1C,0x02,0x99,0x84,0x46,0x88,0x42,0x95,0xDB,0x03,0x98,0x04,0x28,
    0x01,0xDB,0x01,0x98,0x01,0xE0,0x00,0x20,0x01,0x90,0x02,0x49,0x06,0xB0,0x48,0x43,
    0x00,0x15,0xF0,0xBD,0xCD,0xCC,0x00,0x00,0x10,0xB5,0x94,0x21,0x0B,0x58,0x12,0x22,
    0x9A,0x5E,0x14,0x21,0x59,0x5E,0x14,0x46,0x0C,0x40,0x64,0x1C,0x09,0xD0,0x0A,0x2A,
    0x07,0xDA,0x5B,0x89,0xFF,0x24,0x81,0x34,0x60,0x30,0xA3,0x42,0x02,0xD9,0x0A,0x3A,
    0xC2,0x72,0x10,0xBD,0x4A,0x1C,0xFC,0xD0,0x0F,0x29,0xFA,0xDA,0x02,0x4A,0xC9,0x05,
    0x89,0x18,0x09,0x16,0xC1,0x72,0x10,0xBD,0x00,0x00,0x80,0xF8,0xFF,0xB5,0x00,0x20,
    0x89,0xB0,0x84,0x46,0x03,0x90,0x01,0x46,0x00,0x90,0x01,0x90,0x0B,0x98,0x1C,0x46,
    0x40,0x78,0x04,0x90,0x0B,0x98,0x22,0x79,0x00,0x78,0x00,0x23,0x56,0x1E,0x00,0x2E,
    0x00,0xDD,0x33,0x46,0xA2,0x79,0x40,0x1E,0x56,0x1C,0x86,0x42,0x00,0xDA,0x50,0x1C,
    0x05,0x90,0x62,0x79,0x00,0x20,0x55,0x1E,0x00,0x2D,0x00,0xDD,0x50,0x1E,0x06,0x90,
    0x04,0x98,0xE2,0x79,0x40,0x1E,0x55,0x1C,0x85,0x42,0x00,0xDA,0x50,0x1C,0x07,0x90,
    0x00,0x20,0x02,0x90,0x4B,0xE0,0x06,0x9A,0x45,0xE0,0x04,0x98,0x58,0x43,0x80,0x18,
    0x05,0xB2,0x09,0x98,0x6E,0x00,0x80,0x5F,0x00,0x28,0x3B,0xDD,0x0A,0x9E,0x75,0x5D,
    0x26,0x7B,0xF6,0x08,0xB5,0x42,0x01,0xD0,0x0F,0x2D,0x33,0xD3,0x15,0x2D,0x00,0xD1,
    0x40,0x10,0x40,0x25,0x40,0x28,0x00,0xDC,0x05,0x46,0x02,0x9E,0xAD,0x19,0x02,0x95,
    0x03,0x9D,0x85,0x42,0x03,0xDA,0x05,0xB2,0x03,0x95,0x23,0x72,0x62,0x72,0x01,0x26,
    0x76,0x02,0xB0,0x42,0x00,0xDA,0x06,0x46,0x0B,0x98,0x37,0x46,0x80,0x68,0x77,0x43,
    0x86,0x46,0x3D,0x46,0x00,0x05,0x00,0xD4,0x35,0x46,0x70,0x46,0xC0,0x04,0x00,0xD4,
    0x37,0x46,0x28,0x46,0x49,0x19,0x6D,0x08,0x50,0x43,0x65,0x44,0x40,0x19,0x84,0x46,
    0x01,0x98,0x00,0x9D,0xC0,0x19,0x01,0x90,0x38,0x46,0x7E,0x08,0x58,0x43,0x75,0x19,
    0x40,0x19,0x00,0x90,0x52,0x1C,0x07,0x98,0x82,0x42,0xB6,0xDD,0x5B,0x1C,0x05,0x98,
    0x83,0x42,0xB0,0xDD,0x00,0x29,0x13,0xD0,0x01,0x98,0x00,0x28,0x10,0xD0,0x02,0x98,
    0x12,0x4A,0x80,0x1D,0x50,0x43,0xC0,0x14,0xFF,0x22,0xFF,0x28,0x00,0xDA,0x02,0x46,
    0x01,0x25,0x2D,0x06,0xE2,0x72,0x60,0x46,0xAC,0x45,0x04,0xDD,0xC9,0x11,0x03,0xE0,
    0x00,0x20,0x60,0x73,0x0F,0xE0,0xC0,0x01,0xFE,0xF7,0xCA,0xFB,0x20,0x80,0x00,0x98,
    0xA8,0x42,0x03,0xDD,0x01,0x98,0xC1,0x11,0x00,0x98,0x01,0xE0,0xC0,0x01,0x01,0x99,
    0xFE,0xF7,0xBE,0xFB,0x60,0x80,0x00,0x20,0x0D,0xB0,0xF0,0xBD,0xAB,0xAA,0x00,0x00,
    0x10,0xB5,0x02,0x88,0x0B,0x46,0x80,0x78,0x64,0x21,0x48,0x43,0x82,0x42,0x0C,0xD2,
    0x19,0x88,0x98,0x78,0x64,0x23,0x58,0x43,0x81,0x42,0x06,0xD9,0x49,0x1C,0xD0,0x01,
    0xFE,0xF7,0x90,0xFB,0x80,0x21,0x08,0x1A,0x10,0xBD,0x00,0x20,0x10,0xBD,0xFF,0xB5,
    0xD0,0x78,0x51,0x78,0x83,0xB0,0x41,0x1A,0x49,0x1C,0x01,0x91,0x90,0x78,0x11,0x78,
    0x0C,0x9C,0x40,0x1A,0x40,0x1C,0x01,0x99,0x00,0x90,0x41,0x18,0x0C,0x20,0x02,0x91,
    0x41,0x43,0x15,0x46,0x1F,0x46,0x0D,0x9E,0x18,0x46,0xFE,0xF7,0xC4,0xFB,0x00,0x98,
    0x30,0x70,0x01,0x99,0x71,0x70,0x02,0x99,0x49,0x1E,0xB1,0x70,0xF1,0x70,0x27,0x60,
    0x00,0x98,0x80,0x00,0xC0,0x19,0x60,0x60,0x01,0x99,0x89,0x00,0x40,0x18,0xA0,0x60,
    0x02,0x99,0xC8,0x00,0xC0,0x19,0x00,0x1F,0x00,0x21,0xE0,0x60,0x3D,0xE0,0x00,0x20,
    0x37,0xE0,0x03,0x9E,0x2A,0x78,0x14,0x23,0xF3,0x56,0x52,0x18,0x53,0x43,0x6A,0x78,
    0x9A,0x18,0x12,0x18,0x33,0x68,0x56,0x00,0x9B,0x5F,0x04,0x9E,0xB2,0x5C,0x2E,0x79,
    0xF6,0x08,0xB2,0x42,0x24,0xD1,0x00,0x2B,0x01,0xDA,0x00,0x23,0x02,0xE0,0xFF,0x2B,
    0x00,0xDD,0xFF,0x23,0x8E,0x00,0x22,0x68,0xB4,0x46,0x97,0x59,0x01,0x26,0x36,0x04,
    0x33,0x43,0xFF,0x18,0x66,0x46,0x97,0x51,0x62,0x68,0x86,0x00,0x97,0x59,0xFF,0x18,
    0x97,0x51,0x0E,0x18,0xA2,0x68,0xB6,0x00,0x97,0x59,0xFF,0x18,0x97,0x51,0x01,0x9E,
    0x0F,0x1A,0xBE,0x19,0xE2,0x68,0xB6,0x00,0x36,0x1F,0x97,0x59,0xFB,0x18,0x93,0x51,
    0x40,0x1C,0x01,0x9A,0x90,0x42,0xC4,0xDB,0x49,0x1C,0x00,0x98,0x81,0x42,0xBE,0xDB,
    0x00,0x20,0x07,0xB0,0xF0,0xBD,0x00,0x00,0xF3,0xB5,0x85,0xB0,0x05,0x98,0x60,0x30,
    0x40,0x7C,0x00,0x28,0x63,0xD0,0x05,0x98,0x32,0xA1,0xC0,0x6A,0x03,0x90,0x03,0xC9,
    0x00,0x26,0x01,0x91,0x00,0x90,0x55,0xE0,0x00,0x24,0x4C,0xE0,0x05,0x99,0x70,0x43,
    0x80,0x31,0x89,0x69,0x00,0x19,0x0D,0x18,0x03,0x99,0x40,0x00,0x0A,0x5E,0x11,0x46,
    0x0A,0x31,0x15,0x29,0x04,0xD2,0x06,0x99,0x09,0x68,0x08,0x5E,0x14,0x28,0x01,0xDC,
    0x00,0x20,0x36,0xE0,0x00,0x2A,0x01,0xDD,0x10,0x46,0x00,0xE0,0x50,0x42,0x00,0x21,
    0x06,0x9B,0x15,0x27,0xDF,0x57,0x04,0x97,0x6F,0x46,0x7B,0x56,0x7F,0x18,0x9B,0x19,
    0x02,0x93,0x01,0x23,0xFB,0x56,0x04,0x9F,0x1B,0x19,0x9E,0x46,0x02,0x9B,0x9F,0x42,
    0x02,0xD9,0x63,0x46,0xF4,0x45,0x05,0xD8,0x00,0x2A,0x01,0xDD,0x13,0x46,0x0B,0xE0,
    0x53,0x42,0x09,0xE0,0x1F,0x46,0x02,0x9B,0x7B,0x43,0x73,0x44,0x03,0x9F,0x5B,0x00,
    0xFB,0x5E,0x00,0x2B,0x00,0xDC,0x5B,0x42,0x18,0x18,0x89,0x1C,0x08,0x29,0xDB,0xDB,
    0x05,0x21,0xFE,0xF7,0xD5,0xFA,0x05,0x28,0xCA,0xDA,0x28,0x78,0xFF,0x28,0x01,0xD2,
    0x40,0x1C,0x28,0x70,0x64,0x1C,0x06,0x99,0x14,0x20,0x08,0x56,0x84,0x46,0xA0,0x42,
    0xAC,0xDC,0x76,0x1C,0x06,0x98,0x15,0x21,0x41,0x56,0xB1,0x42,0xA4,0xDC,0x07,0xB0,
    0xF0,0xBD,0x00,0x00,0xFF,0x00,0x01,0x00,0x00,0xFF,0x00,0x01,0xFF,0xB5,0x83,0xB0,
    0x04,0x46,0x0D,0x46,0x03,0xF0,0x7C,0xF9,0x00,0x90,0x03,0xF0,0x89,0xF9,0x00,0x21,
    0x86,0x46,0x0A,0x46,0x01,0x91,0x27,0xE0,0x00,0x20,0x03,0x46,0x00,0x2A,0x04,0xDD,
    0x53,0x00,0x1E,0x19,0x20,0x3E,0x1E,0x23,0xF3,0x5E,0x9C,0x46,0x6B,0x1E,0x9A,0x42,
    0x03,0xDA,0x50,0x00,0x03,0x19,0x02,0x20,0x18,0x5E,0x56,0x00,0xA7,0x5B,0x63,0x46,
    0x1B,0x18,0x7F,0x00,0xDB,0x1B,0x77,0x46,0xBB,0x53,0xA3,0x5F,0x00,0x9E,0xB3,0x42,
    0x00,0xD1,0x01,0x92,0x63,0x45,0x06,0xDB,0x83,0x42,0x04,0xDD,0x00,0x98,0x40,0x10,
    0x83,0x42,0x00,0xDD,0x49,0x1C,0x52,0x1C,0xAA,0x42,0xD5,0xDB,0x00,0x20,0x6E,0x1E,
    0x03,0x46,0x84,0x46,0x02,0x90,0x02,0x29,0x1A,0xDA,0x00,0x99,0x49,0x10,0x15,0xE0,
    0x47,0x00,0x72,0x46,0xD2,0x5F,0x1E,0x2A,0x0F,0xDB,0xE7,0x5F,0x8F,0x42,0x0C,0xDC,
    0x01,0x9F,0xB8,0x42,0x05,0xDA,0x9A,0x42,0x07,0xDD,0x13,0x46,0x42,0x1C,0x02,0x92,
    0x03,0xE0,0x62,0x45,0x01,0xDD,0x94,0x46,0x46,0x1E,0x40,0x1C,0xA8,0x42,0xE7,0xDB,
    0x03,0xF0,0x4C,0xF9,0x01,0x22,0x02,0x98,0x02,0xE0,0x05,0x99,0x0A,0x54,0x40,0x1C,
    0xB0,0x42,0xFA,0xDD,0x07,0xB0,0xF0,0xBD,0xC8,0x6B,0x40,0x30,0x40,0x7A,0x70,0x47,
    0xFF,0xB5,0x00,0x25,0x17,0x46,0x81,0xB0,0x16,0x46,0x08,0x37,0x2C,0x46,0x31,0xE0,
    0x0A,0x98,0x00,0x28,0x04,0xD0,0xE0,0x00,0xC0,0x19,0x80,0x79,0x00,0x28,0x28,0xD0,
    0x28,0x46,0x01,0x01,0x04,0x98,0xFB,0x22,0x0B,0x18,0xE0,0x00,0xC0,0x19,0x01,0x79,
    0x19,0x73,0x81,0x79,0x59,0x73,0x41,0x79,0x6D,0x1C,0xC9,0x06,0xC9,0x0E,0x99,0x72,
    0x00,0x21,0xD9,0x72,0x19,0x7B,0x11,0x40,0x02,0x79,0x52,0x07,0xD2,0x0F,0x92,0x00,
    0x11,0x43,0x19,0x73,0x02,0x79,0x49,0x08,0xD2,0x07,0x49,0x00,0xD2,0x0F,0x11,0x43,
    0x19,0x73,0x00,0x68,0x58,0x60,0x01,0x98,0x71,0x68,0x00,0x68,0x02,0x9A,0xFF,0xF7,
    0xB5,0xFD,0x64,0x1C,0x00,0x20,0x30,0x5E,0xA0,0x42,0xC9,0xDC,0x28,0x46,0x05,0xB0,
    0xF0,0xBD,0xFF,0xB5,0x00,0x24,0x85,0xB0,0x8C,0x46,0x00,0x94,0x01,0x94,0x62,0x46,
    0x86,0x46,0x09,0x78,0x92,0x78,0x25,0x46,0x20,0x46,0x03,0x92,0x30,0xE0,0x62,0x46,
    0x53,0x78,0xD2,0x78,0x02,0x92,0x27,0xE0,0x76,0x46,0x14,0x22,0xB2,0x56,0x4A,0x43,
    0xD6,0x18,0x72,0x46,0x12,0x68,0x77,0x00,0xD2,0x5F,0x00,0x2A,0x1A,0xDD,0x0E,0x9F,
    0xBE,0x5D,0x08,0x9F,0x3E,0x40,0x07,0x9F,0xBE,0x42,0x01,0xD0,0x15,0x2E,0x11,0xD1,
    0x16,0x46,0x01,0x9F,0x56,0x43,0xF6,0x19,0xA4,0x18,0x01,0x96,0x16,0x46,0x82,0x42,
    0x00,0xDC,0x06,0x46,0x30,0x46,0x00,0x9E,0x76,0x1C,0x00,0x96,0x10,0x9E,0xB2,0x42,
    0x00,0xDB,0x6D,0x1C,0x02,0x9A,0x5B,0x1C,0x9A,0x42,0xD5,0xDA,0x03,0x9A,0x49,0x1C,
    0x8A,0x42,0xCC,0xDA,0x10,0x9A,0x00,0x21,0x90,0x42,0x33,0xDB,0x0F,0x99,0x0A,0x20,
    0x41,0x43,0x20,0x46,0xFE,0xF7,0xC4,0xF9,0x40,0x1C,0x40,0x21,0x40,0x28,0x00,0xDA,
    0x01,0x46,0x88,0x00,0x01,0x46,0xFF,0x22,0x41,0x43,0x81,0x32,0x10,0x1A,0x41,0x43,
    0xC8,0x12,0x01,0x21,0x89,0x02,0x46,0x18,0x00,0x98,0x08,0x21,0x40,0x19,0x08,0x28,
    0x00,0xDA,0x01,0x46,0x88,0x01,0x05,0xF0,0x51,0xFB,0x01,0x99,0x48,0x43,0x0F,0x99,
    0x61,0x43,0xFE,0xF7,0xA5,0xF9,0xAA,0x21,0xAA,0x28,0x00,0xDA,0x01,0x46,0x08,0x46,
    0xFF,0x22,0x48,0x43,0x01,0x32,0x51,0x1A,0x48,0x43,0x80,0x13,0x46,0x43,0x2B,0x20,
    0x46,0x43,0x71,0x14,0x08,0x46,0x09,0xB0,0xF0,0xBD,0x00,0x00,0x70,0xB5,0x46,0x78,
    0x05,0x78,0xFF,0x30,0x01,0x30,0xC4,0x6A,0x03,0xF0,0x62,0xF8,0x60,0x62,0x28,0x20,
    0x03,0xF0,0x7C,0xF8,0xA0,0x69,0x00,0x28,0x06,0xD1,0x03,0xF0,0x59,0xF8,0xA0,0x61,
    0x28,0x46,0x70,0x43,0x03,0xF0,0x72,0xF8,0x60,0x6A,0xA1,0x69,0x41,0x60,0x02,0x48,
    0x60,0x60,0x00,0x20,0x70,0xBD,0x00,0x00,0x09,0x1C,0x00,0x00,0x10,0xB5,0x02,0x21,
    0x59,0x5E,0xCA,0x11,0x00,0x21,0x59,0x5E,0x52,0x00,0xCC,0x11,0x41,0x68,0x8A,0x5E,
    0x14,0x2A,0x04,0xDD,0x82,0x68,0x64,0x00,0x12,0x5F,0x14,0x2A,0x0A,0xDC,0x1A,0x7A,
    0x52,0x00,0x89,0x5E,0x14,0x29,0x07,0xDD,0x59,0x7A,0x80,0x68,0x49,0x00,0x40,0x5E,
    0x14,0x28,0x01,0xDD,0x01,0x20,0x10,0xBD,0x00,0x20,0x10,0xBD,0x70,0xB5,0x1E,0x48,
    0x1D,0x4C,0x01,0x7F,0xC2,0x7F,0x40,0x7F,0x89,0x18,0x08,0x18,0x20,0x34,0xC6,0xB2,
    0xA3,0x78,0x62,0x78,0x21,0x78,0x30,0x46,0x00,0xF0,0x60,0xFA,0x05,0x46,0xA3,0x7A,
    0x62,0x78,0x21,0x78,0x30,0x46,0x00,0xF0,0x59,0xFA,0x01,0x46,0x6A,0x08,0x50,0x19,
    0xAA,0x08,0x83,0xB2,0x4D,0x08,0x68,0x18,0x85,0xB2,0x8E,0x08,0x2D,0x21,0x0F,0x48,
    0x00,0xF0,0x60,0xF9,0x0A,0x28,0x13,0xD8,0x60,0x7C,0x00,0x28,0x12,0xD0,0x0B,0x48,
    0x2B,0x46,0x32,0x46,0x09,0x21,0xF0,0x30,0x00,0xF0,0x54,0xF9,0x03,0x28,0x07,0xD8,
    0x2B,0x46,0x32,0x46,0x05,0x21,0x06,0x48,0x00,0xF0,0x4C,0xF9,0x03,0x28,0x01,0xD9,
    0x00,0x20,0x70,0xBD,0x01,0x20,0x70,0xBD,0xB0,0x7C,0x00,0x00,0x6A,0x00,0x00,0x20,
    0x88,0x01,0x00,0x20,0x10,0xB5,0x0A,0x4C,0x60,0x78,0x21,0x78,0x48,0x43,0x41,0x00,
    0x08,0x48,0xFE,0xF7,0x40,0xF9,0x60,0x78,0x41,0x00,0x06,0x48,0x5A,0x30,0xFE,0xF7,
    0x3A,0xF9,0x20,0x78,0x41,0x00,0x03,0x48,0x6C,0x30,0xFE,0xF7,0x34,0xF9,0x10,0xBD,
    0x48,0x00,0x00,0x20,0x18,0x02,0x00,0x20,0xC3,0x07,0x00,0x21,0x05,0x4A,0x00,0x2B,
    0x00,0xD0,0x11,0x70,0x43,0x07,0x00,0xD5,0x91,0x70,0x80,0x07,0x00,0xD5,0x51,0x70,
    0x70,0x47,0x00,0x00,0x8C,0x0A,0x00,0x20,0xFF,0xB5,0x89,0xB0,0x00,0x20,0x02,0x90,
    0x08,0x68,0x06,0x90,0x14,0x20,0x01,0x26,0x08,0x56,0x01,0x90,0x15,0x20,0x08,0x56,
    0x28,0xA2,0x08,0x90,0x07,0xCA,0x1D,0x46,0x03,0xAB,0x07,0xC3,0xB4,0x46,0x02,0x98,
    0x40,0x00,0x29,0x5C,0x40,0x19,0x00,0x91,0x40,0x78,0x07,0x90,0x02,0x98,0x40,0x1C,
    0x80,0x06,0x80,0x0E,0x02,0x90,0x01,0x98,0x41,0x43,0x07,0x98,0x08,0x18,0x41,0x00,
    0x06,0x98,0x41,0x5E,0x13,0x98,0x81,0x42,0x2D,0xDB,0x00,0x24,0x03,0xA8,0x02,0x57,
    0x00,0x99,0x51,0x18,0x08,0x9A,0x91,0x42,0x22,0xD2,0x00,0x19,0x01,0x22,0x82,0x56,
    0x07,0x98,0x12,0x18,0x01,0x98,0x82,0x42,0x1A,0xD2,0x48,0x43,0x09,0x9B,0x80,0x18,
    0x1B,0x5C,0x0F,0x2B,0x14,0xD3,0x06,0x9B,0x47,0x00,0xDF,0x5F,0x14,0x9B,0x9F,0x42,
    0x0E,0xDB,0x09,0x9F,0x0B,0x9B,0x3B,0x54,0x60,0x46,0x40,0x00,0x29,0x54,0x40,0x19,
    0x42,0x70,0x12,0x98,0x04,0xF0,0x06,0xFA,0x76,0x1C,0xB0,0x06,0x80,0x0E,0x84,0x46,
    0x64,0x1C,0x08,0x2C,0xD2,0xDB,0x02,0x98,0x60,0x45,0xB8,0xD1,0x30,0x46,0x0D,0xB0,
    0xF0,0xBD,0x00,0x00,0xFF,0x01,0x01,0x00,0x01,0xFF,0x00,0xFF,0xFF,0x00,0x00,0x00,
    0xF0,0xB5,0x8E,0x46,0x05,0x99,0x15,0x78,0xC9,0xB2,0x8C,0x46,0x0F,0xE0,0x76,0x46,
    0x29,0x46,0x54,0x78,0x71,0x43,0x06,0xE0,0x0E,0x19,0x87,0x5D,0x9F,0x42,0x01,0xD1,
    0x67,0x46,0x87,0x55,0x64,0x1C,0xD6,0x78,0xA6,0x42,0xF5,0xDA,0x6D,0x1C,0x91,0x78,
    0xA9,0x42,0xEC,0xDA,0xF0,0xBD,0x00,0x00,0xFF,0xB5,0x81,0xB0,0x04,0x46,0x04,0x98,
    0x0F,0x46,0x15,0x46,0xC0,0x07,0x06,0xD0,0x15,0x21,0x61,0x56,0x60,0x68,0x02,0xF0,
    0x1F,0xFF,0x06,0x46,0x01,0xE0,0xFE,0x7D,0x76,0x1C,0x04,0x98,0x80,0x07,0x06,0xD5,
    0x14,0x21,0x61,0x56,0xA0,0x68,0x02,0xF0,0x13,0xFF,0x03,0x46,0x01,0xE0,0xFB,0x7D,
    0x5B,0x1C,0xF8,0x7D,0x86,0x46,0xB0,0x42,0x70,0xDA,0x9E,0x45,0x6E,0xDA,0x04,0x98,
    0x02,0x28,0x31,0xD0,0x60,0x68,0x84,0x46,0x15,0x20,0x20,0x56,0x00,0x21,0x40,0x1E,
    0x14,0xD4,0x42,0x00,0x67,0x46,0xBA,0x5E,0x72,0x45,0x00,0xDD,0x51,0x18,0x40,0x1E,
    0xF7,0xD5,0x2F,0x48,0x81,0x42,0x09,0xDD,0x40,0x20,0x82,0x01,0x91,0x42,0x04,0xDA,
    0xC8,0x17,0x80,0x0E,0x40,0x18,0x80,0x11,0x28,0x1A,0x05,0x46,0xAE,0x42,0x00,0xDB,
    0x2E,0x46,0xAB,0x42,0x00,0xDB,0x2B,0x46,0x31,0x46,0x01,0x20,0x1F,0x46,0x59,0x43,
    0x00,0x06,0xFE,0xF7,0x15,0xF8,0x47,0x43,0x39,0x13,0x46,0x43,0x30,0x13,0x00,0x91,
    0x86,0x46,0x00,0x26,0x21,0x68,0x35,0xE0,0xA0,0x68,0x84,0x46,0x14,0x20,0x20,0x56,
    0xCC,0xE7,0x60,0x68,0x72,0x00,0x80,0x5E,0x00,0x28,0x00,0xDC,0x40,0x42,0x01,0x22,
    0x12,0x03,0x94,0x46,0xA8,0x42,0x05,0xDA,0x04,0x9A,0xD2,0x07,0x02,0xD0,0x00,0x9A,
    0x50,0x43,0x84,0x46,0x00,0x20,0x18,0xE0,0xA2,0x68,0x43,0x00,0xD2,0x5E,0x00,0x2A,
    0x00,0xDC,0x52,0x42,0x01,0x23,0x1B,0x03,0xAA,0x42,0x04,0xDA,0x04,0x9F,0xBF,0x07,
    0x01,0xD5,0x73,0x46,0x53,0x43,0x00,0x22,0x8A,0x5E,0x67,0x46,0x7A,0x43,0x12,0x13,
    0x5A,0x43,0x12,0x13,0x0A,0x80,0x89,0x1C,0x40,0x1C,0x14,0x22,0xA2,0x56,0x82,0x42,
    0xE2,0xDC,0x76,0x1C,0x15,0x20,0x20,0x56,0xB0,0x42,0xCA,0xDC,0x05,0xB0,0xF0,0xBD,
    0x8C,0x0A,0x00,0x00,0x70,0xB5,0x06,0x46,0x00,0x20,0x04,0x46,0x09,0xE0,0x65,0x00,
    0x75,0x5B,0x95,0x42,0x01,0xD3,0x9D,0x42,0x01,0xD9,0x40,0x1C,0x80,0xB2,0x64,0x1C,
    0xA4,0xB2,0x8C,0x42,0xF3,0xD3,0x70,0xBD,0x10,0xB5,0x04,0x48,0x40,0x68,0x80,0x47,
    0x02,0x49,0x01,0x20,0x09,0x1F,0x48,0x70,0x10,0xBD,0x00,0x00,0x90,0x0A,0x00,0x20,
    0x04,0x48,0x81,0x88,0x11,0x22,0x11,0x43,0x81,0x80,0x03,0x49,0x01,0x20,0x08,0x70,
    0x70,0x47,0x00,0x00,0x00,0x10,0x00,0x40,0xCC,0x0A,0x00,0x20,0x10,0xB5,0x04,0x46,
    0xC0,0x07,0x02,0xD0,0x03,0x20,0xFD,0xF7,0xF5,0xFF,0x60,0x07,0x02,0xD5,0x05,0x20,
    0xFD,0xF7,0xF0,0xFF,0xA0,0x07,0x02,0xD5,0x04,0x20,0xFD,0xF7,0xEB,0xFF,0x10,0xBD,
    0xF8,0xB5,0x03,0x07,0x00,0x09,0x1D,0x4A,0x1B,0x0F,0xC0,0x00,0x82,0x18,0x01,0x20,
    0x98,0x40,0x00,0x23,0x00,0x93,0x14,0x78,0xC0,0xB2,0x84,0x43,0x6F,0x46,0x3C,0x70,
    0x53,0x78,0x83,0x43,0x7B,0x70,0x95,0x78,0x85,0x43,0xBD,0x70,0xD6,0x78,0x86,0x43,
    0xFE,0x70,0x04,0x29,0x08,0xD0,0x0C,0x29,0x09,0xD0,0x08,0x29,0x0C,0xD0,0x02,0x29,
    0x0D,0xD0,0x01,0x29,0x0E,0xD0,0x0F,0xE0,0x03,0x43,0x7B,0x70,0x0C,0xE0,0x04,0x43,
    0x3C,0x70,0x03,0x43,0x7B,0x70,0x07,0xE0,0x04,0x43,0x3C,0x70,0x04,0xE0,0x05,0x43,
    0xBD,0x70,0x01,0xE0,0x06,0x43,0xFE,0x70,0x38,0x78,0x10,0x70,0x78,0x78,0x50,0x70,
    0xB8,0x78,0x90,0x70,0xF8,0x78,0xD0,0x70,0xF8,0xBD,0x00,0x00,0x40,0x03,0x00,0x40,
    0x00,0x23,0x00,0x29,0x00,0xD0,0x0F,0x23,0x00,0x2A,0x01,0xD0,0x20,0x21,0x0B,0x43,
    0x02,0x49,0x80,0x00,0x40,0x18,0x43,0x70,0x70,0x47,0x00,0x00,0x00,0x12,0x00,0x40,
    0x01,0x09,0x00,0x07,0xC9,0x00,0x00,0x0F,0x10,0xB5,0x08,0x18,0x0A,0x21,0xFD,0xF7,
    0x21,0xFF,0x08,0x46,0x10,0xBD,0x70,0xB5,0xC0,0x06,0x4C,0x07,0x05,0x0E,0x64,0x0F,
    0x04,0x9E,0x08,0x07,0x00,0xD4,0x64,0x00,0x21,0x46,0x99,0x40,0x6E,0x43,0x30,0x46,
    0x90,0x40,0xFD,0xF7,0x25,0xFF,0x80,0xB2,0x70,0xBD,0x70,0xB5,0x0E,0x46,0x04,0x46,
    0x40,0x06,0x04,0x99,0xC5,0x0F,0x58,0x18,0x90,0x42,0x07,0xD2,0xD0,0x1A,0x80,0xB2,
    0x00,0x2D,0x01,0xD0,0x00,0x22,0x07,0xE0,0x01,0x22,0x05,0xE0,0x58,0x1A,0x90,0x42,
    0x11,0xDD,0x98,0x1A,0x80,0xB2,0x2A,0x46,0xA4,0x06,0xA4,0x0E,0x00,0x2A,0x0E,0xD0,
    0x4A,0x00,0x82,0x42,0x09,0xD2,0xA2,0x1C,0xB2,0x42,0x06,0xD2,0xFD,0xF7,0xEA,0xFE,
    0x00,0x19,0xC0,0xB2,0x07,0xE0,0x20,0x46,0x70,0xBD,0x60,0x1C,0x03,0xE0,0x00,0x2C,
    0x0D,0xD0,0x64,0x1E,0xE0,0xB2,0x3F,0x28,0x00,0xD9,0x3F,0x20,0xA9,0x01,0xB0,0x42,
    0x00,0xD3,0x70,0x1E,0x01,0x43,0x80,0x20,0x01,0x43,0xC8,0xB2,0x70,0xBD,0x00,0x2D,
    0x02,0xD0,0x00,0x25,0x01,0x20,0xF1,0xE7,0x01,0x25,0xFB,0xE7,0x10,0xB5,0x0C,0x46,
    0x01,0x21,0x91,0x40,0x58,0x43,0xA0,0x40,0xFD,0xF7,0xDA,0xFE,0xC0,0x03,0x00,0x0C,
    0x10,0xBD,0x00,0x00,0xFF,0xB5,0x1E,0x46,0x18,0x4B,0x81,0xB0,0x58,0x8A,0x0F,0x46,
    0x00,0x90,0x1D,0x8A,0x16,0x48,0x58,0x80,0x16,0x48,0x18,0x80,0x16,0x4C,0x11,0x20,
    0x60,0x74,0x35,0x20,0x20,0x74,0x00,0x20,0xD8,0x81,0x08,0x20,0x00,0xF0,0xAA,0xF8,
    0x0F,0x48,0x58,0x80,0x0F,0x48,0x18,0x80,0x11,0x20,0x60,0x74,0x35,0x20,0x20,0x74,
    0x00,0x20,0xD8,0x81,0x04,0x46,0x08,0xE0,0x01,0x98,0x39,0x5D,0x00,0x5D,0x00,0xF0,
    0x31,0xF8,0x61,0x00,0x64,0x1C,0x70,0x52,0xE4,0xB2,0x03,0x98,0x84,0x42,0xF3,0xD3,
    0x02,0x48,0x00,0x99,0x41,0x82,0x05,0x82,0x05,0xB0,0xF0,0xBD,0x00,0x10,0x00,0x40,
    0x82,0x10,0x00,0x00,0x45,0x08,0x00,0x00,0xE0,0x12,0x00,0x40,0x70,0xB5,0x05,0x46,
    0x0B,0x4C,0x11,0x20,0xA0,0x80,0x02,0x20,0xFF,0xF7,0x9E,0xFD,0x20,0x88,0x02,0x21,
    0x08,0x43,0x20,0x80,0x00,0x2D,0x06,0xD0,0x01,0x2D,0x05,0xD0,0x00,0x22,0x20,0x21,
    0x02,0x20,0x05,0xF0,0x0D,0xFC,0x70,0xBD,0x00,0x22,0x21,0x21,0xF8,0xE7,0x00,0x00,
    0x00,0x10,0x00,0x40,0xF3,0xB5,0x88,0x00,0x2B,0x49,0x2D,0x4F,0x46,0x18,0x81,0xB0,
    0x2A,0x48,0x78,0x82,0x0F,0x20,0x30,0x70,0xBF,0x21,0x30,0x46,0x20,0x38,0x00,0x90,
    0xC1,0x77,0x28,0x48,0x38,0x81,0x28,0x48,0x78,0x81,0x01,0x21,0x01,0x98,0xFF,0xF7,
    0xD7,0xFE,0xBC,0x04,0x60,0x89,0x80,0x25,0x28,0x43,0x60,0x81,0x23,0x48,0x38,0x80,
    0x22,0x48,0x42,0x38,0x38,0x80,0x01,0x21,0x08,0x20,0x00,0xF0,0x47,0xFD,0x60,0x89,
    0xA8,0x43,0x60,0x81,0x00,0x24,0x20,0x25,0x2C,0x43,0xE0,0xB2,0x04,0xF0,0x92,0xF8,
    0x16,0x48,0x40,0x38,0x78,0x82,0x01,0x21,0x64,0x20,0x00,0xF0,0x37,0xFD,0x18,0x48,
    0x78,0x82,0x01,0x21,0x64,0x20,0x00,0xF0,0x31,0xFD,0x30,0x78,0x00,0x06,0x00,0xD4,
    0xAC,0x43,0x6D,0x08,0xE8,0xD1,0x0D,0x48,0x78,0x82,0x87,0x06,0x78,0x89,0x80,0x25,
    0x28,0x43,0x78,0x81,0x08,0x21,0x01,0x98,0xFF,0xF7,0xA2,0xFE,0x30,0x20,0x30,0x70,
    0x00,0x98,0x00,0x21,0xC1,0x77,0x00,0x2C,0x00,0xD1,0x01,0x24,0x78,0x89,0x28,0x43,
    0x78,0x81,0x20,0x46,0xFE,0xBD,0x00,0x00,0x01,0x12,0x00,0x40,0xD0,0x82,0x00,0x00,
    0x00,0x10,0x00,0x40,0xE0,0xE8,0x00,0x00,0xFF,0x02,0x00,0x00,0x45,0x08,0x00,0x00,
    0x90,0x80,0x00,0x00,0x00,0x22,0x11,0x46,0x08,0x28,0x02,0xD0,0x02,0x28,0x02,0xD0,
    0x02,0xE0,0xFF,0x22,0x00,0xE0,0xFF,0x21,0x07,0x48,0x02,0x70,0x02,0x72,0x02,0x74,
    0x00,0x22,0x42,0x70,0x42,0x72,0x42,0x74,0x81,0x70,0x81,0x72,0x81,0x74,0xC2,0x70,
    0xC2,0x72,0xC2,0x74,0x70,0x47,0x00,0x00,0x40,0x03,0x00,0x40,0x10,0xB5,0x0A,0x48,
    0x01,0x78,0x10,0x22,0x11,0x43,0x01,0x70,0x00,0x21,0xC1,0x71,0xFF,0x22,0x42,0x75,
    0x02,0x75,0xC1,0x74,0x01,0x74,0x81,0x74,0x41,0x74,0x01,0x22,0x22,0x21,0x04,0x20,
    0x05,0xF0,0x6E,0xFB,0xF9,0xE7,0x00,0x00,0x00,0x03,0x00,0x40,0x08,0x4B,0x01,0x20,
    0xD8,0x71,0x08,0x48,0x02,0x69,0x04,0x21,0x0A,0x43,0x02,0x61,0x30,0xBF,0x02,0x69,
    0x8A,0x43,0x02,0x61,0x04,0x49,0x45,0x20,0x08,0x80,0x10,0x20,0xD8,0x71,0x70,0x47,
    0x00,0x20,0x00,0x40,0x00,0xED,0x00,0xE0,0x00,0x10,0x00,0x40,0x01,0x21,0x81,0x40,
    0xC8,0xB2,0x04,0x49,0x09,0x7C,0x01,0x42,0x01,0xD0,0x01,0x20,0x70,0x47,0x00,0x20,
    0x70,0x47,0x00,0x00,0x00,0x03,0x00,0x40,0xF0,0xB5,0x0F,0x4C,0x05,0x46,0xA0,0x7C,
    0x80,0x21,0x08,0x43,0xA0,0x74,0x0E,0x49,0x0C,0x48,0x88,0x80,0xFF,0x20,0x42,0x30,
    0x08,0x80,0x0C,0x4E,0x00,0x27,0x37,0x70,0xFF,0xF7,0xC8,0xFF,0x06,0x48,0xE0,0x38,
    0x40,0x8A,0x28,0x80,0xA0,0x7C,0x40,0x06,0x40,0x0E,0xA0,0x74,0x30,0x78,0x00,0x28,
    0x01,0xD0,0x37,0x70,0x01,0x20,0xF0,0xBD,0xE0,0x12,0x00,0x40,0xFA,0x0F,0x00,0x00,
    0x00,0x10,0x00,0x40,0xCC,0x0A,0x00,0x20,0x04,0x48,0xFF,0x22,0x42,0x75,0x02,0x75,
    0x00,0x21,0xC1,0x74,0x02,0x74,0x81,0x74,0x41,0x74,0x70,0x47,0x00,0x03,0x00,0x40,
    0x10,0xB5,0x09,0x4C,0x54,0x21,0x60,0x68,0xFD,0xF7,0xBD,0xFD,0xA0,0x69,0xFF,0x22,
    0x41,0x79,0x60,0x68,0x15,0x30,0xFD,0xF7,0xAF,0xFD,0x01,0xF0,0xC1,0xFD,0x60,0x61,
    0x61,0x68,0x00,0x78,0x08,0x75,0x10,0xBD,0xD0,0x0A,0x00,0x20,0xFF,0xB5,0x0D,0x46,
    0x81,0xB0,0x16,0x46,0x1F,0x46,0x28,0x49,0x01,0x20,0x03,0xF0,0x19,0xFE,0x01,0x24,
    0xA4,0x07,0xA0,0x89,0x00,0x07,0x00,0x0F,0xA0,0x81,0x00,0x2D,0x02,0xD1,0xA0,0x89,
    0xE0,0x21,0x05,0xE0,0xA0,0x89,0x02,0x2D,0x01,0xD1,0x10,0x21,0x00,0xE0,0x30,0x21,
    0x08,0x43,0xA0,0x81,0x1D,0x4D,0x00,0x20,0x68,0x70,0x30,0x01,0x1C,0x49,0x38,0x43,
    0x08,0x83,0x00,0x22,0x30,0x46,0x0A,0x99,0x00,0xF0,0x44,0xF8,0x00,0x22,0x38,0x46,
    0x0A,0x99,0x00,0xF0,0x3F,0xF8,0x01,0x21,0x08,0x46,0xB0,0x40,0xB9,0x40,0x08,0x43,
    0x14,0x49,0x8A,0x7C,0x02,0x43,0x8A,0x74,0x4A,0x7C,0x10,0x43,0x48,0x74,0x60,0x89,
    0x40,0x21,0x08,0x43,0x60,0x81,0x00,0x20,0x68,0x71,0x0B,0x98,0x28,0x70,0x01,0x98,
    0x00,0x28,0x03,0xD1,0x28,0x78,0x80,0x21,0x08,0x43,0x28,0x70,0xC1,0x20,0x68,0x70,
    0x09,0x48,0x0F,0x99,0xC1,0x60,0x0E,0x99,0x81,0x60,0x0D,0x99,0x41,0x60,0x0C,0x99,
    0x01,0x60,0x05,0xB0,0xF0,0xBD,0x00,0x00,0xDD,0x45,0x00,0x00,0x00,0x20,0x00,0x40,
    0x20,0x11,0x00,0x40,0x00,0x03,0x00,0x40,0xB8,0x0A,0x00,0x20,0x01,0x49,0x10,0x20,
    0xC8,0x71,0x70,0x47,0x00,0x20,0x00,0x40,0x01,0x49,0x01,0x20,0xC8,0x71,0x70,0x47,
    0x00,0x20,0x00,0x40,0xF0,0xB5,0x01,0x23,0x83,0x40,0x0D,0x07,0x2D,0x0F,0x0E,0x09,
    0x18,0x4C,0xEF,0x07,0x27,0x7C,0xDB,0xB2,0x01,0xD0,0x1F,0x43,0x00,0xE0,0x9F,0x43,
    0x27,0x74,0xAF,0x07,0xA7,0x7C,0x01,0xD5,0x1F,0x43,0x00,0xE0,0x9F,0x43,0xA7,0x74,
    0x6D,0x07,0x65,0x7C,0x01,0xD5,0x1D,0x43,0x00,0xE0,0x9D,0x43,0x65,0x74,0xF5,0x07,
    0xE5,0x7C,0x01,0xD0,0x1D,0x43,0x00,0xE0,0x9D,0x43,0xE5,0x74,0xB5,0x07,0x25,0x7D,
    0x01,0xD5,0x1D,0x43,0x00,0xE0,0x9D,0x43,0x25,0x75,0x75,0x07,0x65,0x7D,0x01,0xD5,
    0x1D,0x43,0x00,0xE0,0x9D,0x43,0x65,0x75,0x00,0x2A,0x02,0xD0,0x02,0x4A,0x50,0x72,
    0x91,0x72,0xF0,0xBD,0x00,0x03,0x00,0x40,0x9C,0x0A,0x00,0x20,0xFF,0xB5,0x99,0xB0,
    0x00,0x20,0x69,0x46,0x24,0x9F,0x88,0x80,0x04,0x46,0x06,0x46,0x1C,0x21,0x02,0xA8,
    0xFD,0xF7,0xF9,0xFC,0x00,0x25,0x28,0x46,0x10,0xE0,0x1A,0x99,0x02,0xAA,0x09,0x5C,
    0x52,0x5C,0x00,0x2A,0x08,0xD1,0x10,0xAA,0x51,0x55,0x1A,0x9A,0x6D,0x1C,0x13,0x5C,
    0x01,0x21,0x02,0xAA,0xED,0xB2,0xD1,0x54,0x40,0x1C,0xC0,0xB2,0x1B,0x99,0x88,0x42,
    0xEB,0xD3,0x19,0x98,0x00,0x23,0x00,0x78,0x00,0x90,0x19,0x98,0x01,0x22,0x41,0x79,
    0x00,0x79,0xFF,0xF7,0x68,0xFD,0x00,0x90,0x2E,0xE0,0x09,0xAB,0x2A,0x46,0x20,0x46,
    0x22,0x99,0xFE,0xF7,0x9B,0xFA,0x17,0x90,0x2A,0x46,0x09,0xA9,0x10,0xA8,0x00,0xF0,
    0x29,0xFC,0x17,0x98,0xA0,0x42,0x25,0xD1,0x1C,0x98,0x00,0x28,0x05,0xD0,0x01,0xA8,
    0xFF,0xF7,0xCA,0xFE,0x00,0x28,0x17,0xD0,0x06,0xE0,0x01,0xF0,0x77,0xF8,0x1A,0x98,
    0x01,0xF0,0x5E,0xF8,0x69,0x46,0x88,0x80,0x00,0x98,0x39,0x18,0x68,0x46,0x80,0x88,
    0x81,0x42,0x03,0xD3,0x00,0x99,0x79,0x1A,0x81,0x42,0x0B,0xDD,0xC0,0x1B,0x00,0x99,
    0xFD,0xF7,0x6E,0xFC,0x00,0x19,0x04,0xB2,0x30,0x46,0x76,0x1C,0x23,0x99,0xF6,0xB2,
    0x88,0x42,0xCA,0xD3,0x25,0x98,0x04,0x80,0x30,0x46,0x1D,0xB0,0xF0,0xBD,0x00,0x00,
    0x0A,0x48,0x01,0x88,0x04,0x22,0x11,0x43,0x01,0x80,0x09,0x49,0x08,0x7A,0xC0,0x08,
    0xC0,0x00,0x08,0x72,0x00,0x20,0x88,0x72,0x06,0x49,0x08,0x74,0x8A,0x7C,0x52,0x06,
    0x52,0x0E,0x8A,0x74,0x03,0x49,0xE0,0x39,0x48,0x74,0x70,0x47,0x00,0x10,0x00,0x40,
    0x00,0x03,0x00,0x40,0xE0,0x12,0x00,0x40,0xFF,0xB5,0x04,0x46,0x81,0xB0,0x1E,0x46,
    0x15,0x46,0x2D,0x49,0x02,0x20,0x03,0xF0,0xEB,0xFC,0x2C,0x49,0x80,0x20,0x08,0x72,
    0xC0,0x05,0x42,0x88,0x04,0x23,0x9A,0x43,0x42,0x80,0x2A,0x4F,0x28,0x48,0x78,0x80,
    0xA2,0x78,0x60,0x78,0x12,0x02,0x02,0x43,0x50,0xBA,0x38,0x81,0xE0,0x78,0xFF,0x30,
    0xFF,0x30,0x02,0x30,0x78,0x81,0x20,0x79,0x02,0x01,0x60,0x79,0x02,0x43,0x22,0x48,
    0x82,0x74,0x23,0x22,0x02,0x74,0x18,0x22,0x42,0x74,0xFF,0x20,0x02,0x30,0xF8,0x81,
    0x20,0x78,0xF8,0x80,0x41,0x20,0x38,0x80,0xA0,0x79,0x00,0x28,0x03,0xD0,0x01,0x20,
    0x88,0x72,0x02,0x20,0x02,0xE0,0x00,0x20,0x88,0x72,0x08,0x20,0xFF,0xF7,0xF2,0xFD,
    0x00,0x24,0x06,0xE0,0x28,0x5D,0x01,0x22,0x00,0x21,0xFF,0xF7,0xB1,0xFC,0x64,0x1C,
    0xE4,0xB2,0xB4,0x42,0xF6,0xD3,0x0A,0x98,0x00,0x28,0x0A,0xD0,0x0E,0x48,0x2F,0x21,
    0xE0,0x38,0x41,0x74,0xFF,0x21,0xF9,0x82,0x80,0x21,0x01,0x74,0x20,0x21,0x41,0x75,
    0x04,0xE0,0x01,0x22,0x28,0x78,0x11,0x46,0xFF,0xF7,0x9A,0xFC,0x31,0x46,0x02,0x98,
    0x00,0xF0,0x42,0xFB,0x05,0xB0,0xF0,0xBD,0x51,0x21,0x00,0x00,0x00,0x03,0x00,0x40,
    0x83,0x10,0x00,0x00,0x00,0x10,0x00,0x40,0xE0,0x12,0x00,0x40,0x10,0xB5,0x11,0x49,
    0x02,0x20,0x03,0xF0,0x85,0xFC,0x00,0x24,0x01,0x20,0x80,0x07,0x44,0x80,0x08,0x20,
    0xFF,0xF7,0xB8,0xFD,0x0C,0x48,0xC0,0x68,0x01,0x78,0x40,0x68,0x00,0xF0,0x32,0xFB,
    0x0A,0x48,0x01,0x88,0x04,0x22,0x11,0x43,0x01,0x80,0x09,0x48,0x01,0x7A,0xC9,0x08,
    0xC9,0x00,0x01,0x72,0x07,0x48,0x04,0x74,0x81,0x7C,0x49,0x06,0x49,0x0E,0x81,0x74,
    0x10,0xBD,0x00,0x00,0x51,0x21,0x00,0x00,0xEC,0x0A,0x00,0x20,0x00,0x10,0x00,0x40,
    0x00,0x03,0x00,0x40,0xE0,0x12,0x00,0x40,0xFF,0xB5,0x49,0x4E,0x1C,0x46,0xB3,0x68,
    0x94,0x46,0xD8,0x78,0x81,0xB0,0x02,0x01,0x46,0x48,0xD2,0x1C,0x02,0x74,0x11,0x22,
    0x42,0x74,0x75,0x68,0x6F,0x78,0x2A,0x78,0x3F,0x02,0x17,0x43,0x7A,0xBA,0x42,0x4F,
    0x7A,0x81,0xEA,0x78,0x09,0x02,0x11,0x43,0x39,0x81,0x01,0x99,0xF9,0x80,0x59,0x78,
    0x9A,0x78,0x09,0x01,0x11,0x43,0x81,0x74,0x28,0x79,0x00,0x03,0x82,0x30,0x78,0x80,
    0x68,0x79,0x41,0x21,0xC0,0x00,0x08,0x43,0x38,0x80,0xFF,0x20,0x02,0x30,0xF8,0x81,
    0x18,0x79,0x36,0x49,0x00,0x01,0xC0,0x1C,0x48,0x72,0x58,0x79,0x43,0x22,0x00,0x01,
    0x10,0x43,0x08,0x72,0xD8,0x79,0x64,0x22,0x50,0x43,0xA0,0x22,0x30,0x4B,0x05,0xE0,
    0x0D,0x7A,0x2D,0x07,0x04,0xD4,0x9A,0x80,0x40,0x1E,0x80,0xB2,0x00,0x28,0xF7,0xD1,
    0x00,0x2C,0x3A,0xD0,0x29,0x4D,0x20,0x78,0x40,0x35,0xCA,0x28,0x3E,0xD0,0x60,0x46,
    0xFF,0xF7,0x48,0xFD,0xF0,0x68,0x01,0x78,0xC0,0x68,0x00,0xF0,0xB5,0xFA,0x00,0x20,
    0x41,0x19,0x09,0x78,0x22,0x18,0x40,0x1C,0xC0,0xB2,0x51,0x70,0x0F,0x28,0xF7,0xD3,
    0xCA,0x20,0x20,0x70,0xF0,0x68,0x01,0x78,0x40,0x68,0x00,0xF0,0xC3,0xFA,0x30,0x7F,
    0x00,0x28,0x18,0xD0,0x01,0x98,0x00,0x90,0x70,0x68,0x43,0x79,0x02,0x79,0xB0,0x68,
    0x81,0x78,0x40,0x78,0xFF,0xF7,0x07,0xFC,0x70,0x84,0x71,0x68,0x01,0x9B,0x08,0x78,
    0x4A,0x78,0x80,0x18,0xCA,0x78,0x80,0x18,0x4A,0x79,0xC0,0xB2,0x09,0x79,0xFF,0xF7,
    0x4D,0xFC,0x30,0x84,0x70,0x8C,0x05,0xB0,0xF0,0xBD,0x60,0x46,0xFF,0xF7,0x12,0xFD,
    0xF0,0x68,0x01,0x78,0xC0,0x68,0x00,0xF0,0x7F,0xFA,0xD3,0xE7,0x00,0x20,0x21,0x18,
    0x49,0x78,0x42,0x19,0x11,0x70,0x40,0x1C,0xC0,0xB2,0x0F,0x28,0xF7,0xD3,0xC9,0xE7,
    0xEC,0x0A,0x00,0x20,0xE0,0x12,0x00,0x40,0x00,0x10,0x00,0x40,0x00,0x03,0x00,0x40,
    0x00,0x02,0x00,0x40,0x10,0xB5,0x04,0x46,0x01,0x20,0x0E,0x4A,0x00,0x21,0x50,0x77,
    0x11,0x70,0x51,0x70,0x91,0x70,0xD1,0x70,0xD1,0x68,0x48,0x78,0x09,0x78,0x48,0x43,
    0x41,0x00,0x50,0x69,0xFD,0xF7,0x37,0xFB,0x04,0x20,0x01,0x07,0x48,0x80,0x01,0x21,
    0x00,0x22,0x08,0x46,0x00,0xF0,0x64,0xFE,0x00,0x2C,0x01,0xD0,0x00,0xF0,0xD4,0xF9,
    0x10,0xBD,0x00,0x00,0xEC,0x0A,0x00,0x20,0xF0,0xB5,0x05,0xAC,0xE0,0xCC,0x04,0x4C,
    0xA5,0x61,0x63,0x61,0x62,0x60,0xA1,0x60,0xE0,0x60,0x27,0x77,0x26,0x61,0xF0,0xBD,
    0xEC,0x0A,0x00,0x20,0xF0,0xB5,0x6D,0x48,0x8D,0xB0,0x81,0x88,0x11,0x22,0x11,0x43,
    0x81,0x80,0x6B,0x48,0x81,0x7C,0x49,0x06,0x49,0x0E,0x81,0x74,0x69,0x4F,0x78,0x7F,
    0x00,0x28,0x3C,0xD0,0x79,0x78,0xF8,0x68,0x7B,0x69,0x02,0x78,0x51,0x43,0x49,0x00,
    0xC9,0x18,0x0C,0x91,0xB9,0x78,0x0B,0x91,0xF9,0x7F,0xBB,0x7F,0x99,0x42,0x35,0xD2,
    0xF9,0x78,0x00,0x26,0xBB,0x69,0x51,0x43,0xCD,0x18,0x40,0x68,0x01,0xA9,0x00,0xF0,
    0x41,0xFA,0x00,0x24,0x11,0xE0,0x78,0x8C,0x00,0x90,0x61,0x00,0x01,0xA8,0x42,0x5A,
    0x78,0x68,0x3B,0x8C,0x41,0x78,0x28,0x5D,0xFF,0xF7,0x87,0xFB,0x29,0x5D,0x81,0x42,
    0x01,0xD0,0x28,0x55,0x01,0x26,0x64,0x1C,0xE4,0xB2,0xF8,0x68,0x00,0x78,0xA0,0x42,
    0xE9,0xD8,0xF8,0x7F,0x40,0x1C,0xC0,0xB2,0xF8,0x77,0x00,0x2E,0x09,0xD0,0xB9,0x7F,
    0x88,0x42,0x06,0xD2,0x01,0x21,0x00,0x22,0x08,0x46,0x00,0xF0,0x01,0xFE,0x0D,0xB0,
    0xF0,0xBD,0x00,0x21,0x01,0x22,0x08,0x46,0x00,0xF0,0xFA,0xFD,0xF8,0x78,0x40,0x1C,
    0xF8,0x70,0xB8,0x78,0x40,0x1C,0xB8,0x70,0xB9,0x78,0x42,0x4E,0x00,0x25,0x24,0x36,
    0x70,0x78,0x81,0x42,0x03,0xD3,0xBD,0x70,0x79,0x78,0x09,0x18,0x79,0x70,0xF9,0x68,
    0x00,0x24,0x49,0x78,0x81,0x42,0x01,0xD2,0x02,0x46,0x00,0xE0,0x0A,0x46,0x7B,0x78,
    0x93,0x42,0x15,0xD2,0x81,0x42,0x06,0xD9,0x7A,0x78,0x12,0x18,0x8A,0x42,0x02,0xD9,
    0x08,0x1A,0x78,0x70,0x01,0x24,0xF8,0x78,0x01,0x28,0x05,0xD0,0x01,0x22,0x11,0x46,
    0x00,0x20,0x00,0xF0,0xCD,0xFD,0x0A,0xE0,0x01,0x22,0x11,0x46,0x10,0x46,0xF8,0xE7,
    0xB8,0x7F,0x00,0x28,0x01,0xD1,0xFF,0xF7,0x79,0xFE,0x01,0x20,0x38,0x70,0xFD,0x77,
    0xF8,0x68,0x01,0xA9,0x02,0x78,0x40,0x68,0x00,0xF0,0xD4,0xF9,0x25,0x49,0x00,0x20,
    0x24,0x31,0x01,0xAD,0x0A,0x78,0xFE,0x68,0x05,0xE0,0x41,0x00,0x6B,0x5A,0xD3,0x40,
    0x40,0x1C,0x6B,0x52,0x80,0xB2,0x31,0x78,0x81,0x42,0xF6,0xD8,0x1D,0x4D,0x0B,0x98,
    0x24,0x35,0x6A,0x78,0xA9,0x68,0x50,0x43,0x09,0x18,0x06,0xA8,0xFD,0xF7,0x44,0xFA,
    0x68,0x78,0x01,0xAE,0x05,0x02,0x17,0x48,0xB4,0x46,0xC1,0x68,0x0C,0x9A,0x08,0x78,
    0x06,0xAB,0x05,0x43,0x11,0x26,0x14,0x48,0xB6,0x46,0x86,0x88,0x10,0x27,0x3E,0x43,
    0x86,0x80,0xC3,0x80,0x66,0x46,0x06,0x81,0x42,0x81,0x82,0x81,0x45,0x80,0x76,0x46,
    0x06,0x80,0x82,0x88,0xD2,0x06,0xFC,0xD5,0x00,0x2C,0x80,0xD0,0x09,0x4A,0x48,0x78,
    0x53,0x78,0xC3,0x1A,0x08,0x78,0x43,0x43,0x59,0x00,0x53,0x78,0x52,0x69,0x43,0x43,
    0x58,0x00,0x80,0x18,0xFD,0xF7,0x3F,0xFA,0x71,0xE7,0x00,0x00,0x00,0x10,0x00,0x40,
    0xE0,0x12,0x00,0x40,0xEC,0x0A,0x00,0x20,0x00,0x11,0x00,0x40,0xF1,0xB5,0x1A,0x49,
    0x02,0x20,0x03,0xF0,0xA5,0xFA,0x19,0x4D,0x28,0x7F,0x00,0x28,0x27,0xD0,0x00,0x20,
    0xE8,0x77,0xA8,0x68,0x80,0x79,0xA8,0x77,0x28,0x46,0x24,0x30,0xEC,0x68,0x46,0x78,
    0x60,0x78,0x31,0x46,0x07,0x46,0xFD,0xF7,0xCD,0xF9,0x00,0x29,0x05,0xD0,0x70,0x1A,
    0xC0,0x19,0x00,0x06,0x00,0x0E,0x02,0xD0,0x02,0xE0,0x00,0x20,0xF8,0xE7,0x01,0x20,
    0x21,0x78,0x80,0x22,0x41,0x43,0xA8,0x69,0xFD,0xF7,0x06,0xFA,0x00,0xF0,0x4A,0xF8,
    0x01,0x20,0xFF,0xF7,0xBF,0xFE,0x00,0x20,0xE8,0x77,0xA8,0x77,0x28,0x77,0x00,0x98,
    0xFF,0xF7,0xB8,0xFE,0xF8,0xBD,0x00,0x00,0xF5,0x2A,0x00,0x00,0xEC,0x0A,0x00,0x20,
    0x10,0xB5,0x0E,0x4C,0x0C,0x4B,0x24,0x18,0x20,0x3C,0x58,0x70,0xE4,0x7F,0x1C,0x70,
    0x00,0x28,0x06,0xD0,0x00,0x29,0x04,0xD0,0x00,0x2A,0x02,0xD0,0x9A,0x60,0x59,0x60,
    0x10,0xBD,0x06,0x48,0x80,0x1E,0x58,0x60,0x40,0x1C,0x98,0x60,0x01,0x20,0x58,0x70,
    0x00,0x20,0x18,0x70,0x10,0xBD,0x00,0x00,0x10,0x0B,0x00,0x20,0x6E,0x7D,0x00,0x00,
    0x70,0xB5,0x00,0x21,0x09,0x4A,0x43,0x00,0xC5,0x18,0x09,0x4C,0x13,0x69,0x68,0x18,
    0x40,0x00,0xCA,0x00,0x1E,0x5C,0x12,0x19,0x16,0x70,0x40,0x1C,0x18,0x5C,0x50,0x70,
    0x49,0x1C,0xC9,0xB2,0x03,0x29,0xF2,0xD3,0x70,0xBD,0x00,0x00,0xEC,0x0A,0x00,0x20,
    0x40,0x03,0x00,0x40,0xFE,0xB5,0x32,0x48,0x44,0x78,0x24,0x38,0xC0,0x68,0x00,0x25,
    0x40,0x78,0x01,0x95,0x00,0x90,0x56,0xE0,0xA0,0x42,0x04,0xD9,0x29,0x19,0x81,0x42,
    0x01,0xD9,0x00,0x1B,0xC5,0xB2,0x00,0x26,0x49,0xE0,0x29,0x48,0x41,0x68,0x20,0x46,
    0x70,0x43,0x08,0x18,0x00,0x27,0x02,0x90,0x13,0xE0,0x02,0x98,0xC1,0x57,0x08,0x46,
    0x48,0x43,0x01,0x28,0x0B,0xDC,0x22,0x48,0x24,0x38,0xC0,0x68,0x02,0x69,0xE8,0x19,
    0x10,0x5C,0x02,0x22,0x51,0x1A,0x89,0x06,0x09,0x0E,0xFF,0xF7,0xC9,0xF9,0x7F,0x1C,
    0xFF,0xB2,0xA7,0x42,0xE9,0xD3,0x01,0x99,0x00,0x20,0x4A,0x00,0x8F,0x18,0x18,0x49,
    0x24,0x39,0x0A,0x69,0x17,0x49,0xC3,0x00,0x5B,0x18,0x9C,0x46,0x1B,0x78,0x39,0x18,
    0x49,0x00,0x53,0x54,0x63,0x46,0x5B,0x78,0x49,0x1C,0x40,0x1C,0xC0,0xB2,0x53,0x54,
    0x03,0x28,0xEF,0xD3,0x00,0x27,0x0A,0xE0,0x0D,0x48,0x24,0x38,0xC0,0x68,0x01,0x69,
    0xE8,0x19,0x08,0x5C,0x08,0x21,0xFF,0xF7,0xA3,0xF9,0x7F,0x1C,0xFF,0xB2,0xA7,0x42,
    0xF2,0xD3,0x01,0x98,0x40,0x1C,0xC0,0xB2,0x76,0x1C,0xF6,0xB2,0x01,0x90,0xA6,0x42,
    0xB3,0xD3,0x28,0x19,0xC5,0xB2,0x00,0x98,0x85,0x42,0xA5,0xD3,0xFE,0xBD,0x00,0x00,
    0x10,0x0B,0x00,0x20,0x40,0x03,0x00,0x40,0x03,0x48,0x00,0xE0,0x30,0xBF,0x01,0x78,
    0x00,0x29,0xFB,0xD0,0x70,0x47,0x00,0x00,0xEC,0x0A,0x00,0x20,0x00,0x23,0x07,0xE0,
    0x00,0x22,0x01,0xE0,0x52,0x1C,0x92,0xB2,0x8A,0x42,0xFB,0xD3,0x5B,0x1C,0x9B,0xB2,
    0x83,0x42,0xF5,0xD3,0x70,0x47,0x30,0xB5,0x05,0x46,0x00,0x21,0x03,0x20,0x00,0xF0,
    0x15,0xF8,0x04,0x46,0x00,0x21,0x03,0x20,0x00,0xF0,0x10,0xF8,0xA0,0x42,0x01,0xD3,
    0x00,0x1B,0x01,0xE0,0x00,0x1B,0x40,0x1E,0x40,0x09,0xA8,0x42,0x04,0xD2,0x00,0x21,
    0x01,0x20,0x00,0xF0,0x03,0xF8,0xED,0xE7,0x30,0xBD,0x00,0x00,0x10,0xB5,0x16,0x4A,
    0x16,0x4C,0x03,0x46,0xFD,0xF7,0x7D,0xF9,0x0A,0x06,0x08,0x0B,0x0D,0x0F,0x11,0x15,
    0x1F,0x1D,0x21,0x1F,0x91,0x80,0x16,0xE0,0x00,0x20,0x10,0x60,0x13,0xE0,0x10,0x68,
    0x10,0xBD,0x20,0x8B,0x10,0xBD,0x11,0x72,0x0D,0xE0,0x0D,0x49,0x10,0x20,0x88,0x71,
    0x09,0xE0,0x0C,0x48,0x45,0x21,0x01,0x80,0x81,0x88,0x11,0x22,0x11,0x43,0x81,0x80,
    0x01,0xE0,0xA0,0x20,0xA0,0x80,0x00,0x20,0x10,0xBD,0x08,0x49,0x06,0x48,0xC8,0x60,
    0xBF,0xF3,0x40,0x8F,0xFE,0xE7,0x00,0x00,0x9C,0x0A,0x00,0x20,0x00,0x02,0x00,0x40,
    0x00,0x20,0x00,0x40,0x00,0x10,0x00,0x40,0x04,0x00,0xFA,0x05,0x00,0xED,0x00,0xE0,
    0x00,0xB5,0x04,0x48,0x80,0x21,0x01,0x72,0x00,0x21,0x41,0x72,0x05,0x20,0xFF,0xF7,
    0xA2,0xFF,0x00,0xBD,0x00,0x03,0x00,0x40,0x70,0xB5,0x0D,0x46,0x06,0x46,0x00,0x24,
    0x05,0xE0,0x30,0x5D,0x01,0x21,0xFF,0xF7,0x0B,0xF9,0x64,0x1C,0xE4,0xB2,0xAC,0x42,
    0xF7,0xD3,0x70,0xBD,0x30,0xB5,0x00,0x22,0x13,0x46,0x05,0x4C,0x05,0xE0,0x85,0x5C,
    0xAD,0x00,0x2D,0x19,0x6B,0x70,0x52,0x1C,0xD2,0xB2,0x8A,0x42,0xF7,0xD3,0x30,0xBD,
    0x00,0x12,0x00,0x40,0x30,0xB5,0x00,0x22,0x0F,0x23,0x05,0x4C,0x05,0xE0,0x85,0x5C,
    0xAD,0x00,0x2D,0x19,0x6B,0x70,0x52,0x1C,0xD2,0xB2,0x8A,0x42,0xF7,0xD3,0x30,0xBD,
    0x00,0x12,0x00,0x40,0x06,0x4B,0xD8,0x80,0x59,0x81,0x98,0x88,0x10,0x21,0x08,0x43,
    0x98,0x80,0x5A,0x80,0x21,0x20,0x18,0x80,0x98,0x88,0xC0,0x06,0xFC,0xD5,0x70,0x47,
    0x00,0x11,0x00,0x40,0x70,0xB5,0x00,0x23,0x05,0x4C,0x06,0xE0,0xC6,0x5C,0xCD,0x5C,
    0xB6,0x00,0x36,0x19,0x35,0x70,0x5B,0x1C,0x9B,0xB2,0x93,0x42,0xF6,0xD3,0x70,0xBD,
    0x00,0x12,0x00,0x40,0x70,0xB5,0x03,0x4C,0x05,0x9E,0x04,0x9D,0xA5,0x61,0x40,0xC4,
    0x0F,0xC4,0x70,0xBD,0xD0,0x0A,0x00,0x20,0xFF,0xB5,0xBA,0x4D,0x04,0x46,0xA8,0x69,
    0x8D,0xB0,0x00,0x79,0x01,0x90,0x1E,0x46,0xB7,0x49,0x02,0x20,0x03,0xF0,0xF0,0xF8,
    0xA8,0x69,0x33,0x46,0x00,0x78,0x00,0x22,0x21,0x46,0xFF,0xF7,0x8D,0xFC,0x28,0x69,
    0xC2,0x22,0x01,0x78,0x05,0xA8,0xFD,0xF7,0x67,0xF8,0x28,0x69,0x05,0xA9,0x02,0x78,
    0x40,0x68,0xFF,0xF7,0xC7,0xFF,0x68,0x68,0x00,0x78,0x00,0x28,0x04,0xD0,0x28,0x46,
    0x80,0x69,0x80,0x78,0x00,0x28,0x18,0xD1,0xA6,0x4D,0xA8,0x69,0x81,0x78,0x00,0x29,
    0x01,0xD0,0x69,0x69,0x0C,0x78,0x29,0x69,0x0B,0x78,0x4A,0x68,0xC1,0x78,0x20,0x46,
    0x00,0xF0,0x46,0xF9,0x69,0x68,0x21,0x23,0x08,0x83,0x08,0x86,0xAA,0x69,0x9B,0x5C,
    0x83,0x42,0x1A,0xD8,0x90,0x78,0x00,0x28,0x17,0xD0,0x00,0x20,0x99,0x4F,0x05,0x46,
    0x08,0x90,0x00,0x90,0xB8,0x69,0x99,0x4C,0x41,0x79,0x00,0x29,0x04,0xD0,0x78,0x68,
    0x00,0x7A,0xFC,0xF7,0xE7,0xFF,0x00,0x91,0x01,0x99,0x00,0x98,0x48,0x43,0x09,0x90,
    0x79,0x69,0x08,0x18,0x00,0x26,0x0B,0x90,0x6D,0xE0,0x00,0x20,0xC8,0x74,0x88,0x70,
    0x08,0x72,0x0C,0x75,0x0B,0xE1,0x8B,0x4F,0x0B,0x98,0x39,0x69,0x80,0x5D,0x0B,0x78,
    0x4A,0x68,0xB9,0x69,0xC9,0x78,0x00,0xF0,0x13,0xF9,0x72,0x00,0x02,0xA9,0x88,0x52,
    0x84,0x46,0x09,0x98,0x79,0x68,0x80,0x19,0x47,0x00,0x0A,0x97,0x30,0x37,0xCB,0x5B,
    0x60,0x46,0xC8,0x53,0x02,0xA8,0x80,0x5A,0xC7,0x1A,0x00,0x2F,0x00,0xDC,0x1F,0x1A,
    0xC0,0x19,0x80,0xB2,0x02,0xAB,0x98,0x52,0x0A,0x9B,0x18,0x33,0x9C,0x46,0xCB,0x5A,
    0xC7,0x1A,0x19,0x2F,0x07,0xDD,0x47,0x00,0xC0,0x19,0x18,0x18,0x80,0x03,0x03,0x0C,
    0x02,0xA8,0x83,0x52,0x06,0xE0,0x5F,0x00,0xDB,0x19,0x18,0x18,0x80,0x03,0x02,0xAF,
    0x00,0x0C,0xB8,0x52,0x02,0xAF,0xBB,0x5A,0x60,0x46,0x0B,0x52,0xB8,0x5A,0xA0,0x42,
    0x01,0xD2,0x04,0x46,0x08,0x96,0xA8,0x42,0x00,0xD9,0x05,0x46,0x69,0x48,0x80,0x69,
    0x20,0x30,0x40,0x78,0xA0,0x42,0x1C,0xD9,0x08,0x78,0x00,0x28,0x19,0xD1,0x48,0x78,
    0xB0,0x42,0x16,0xD1,0x8A,0x78,0x00,0x98,0x82,0x42,0x12,0xD1,0x61,0x4A,0x50,0x68,
    0x00,0x7A,0x40,0x1E,0x08,0x72,0x4E,0x70,0x00,0x98,0x88,0x70,0x68,0x46,0x03,0x89,
    0x90,0x69,0x20,0x30,0x40,0x78,0x0A,0x38,0x83,0x42,0x79,0xDA,0x00,0x20,0x48,0x70,
    0x76,0xE0,0x76,0x1C,0xF6,0xB2,0x01,0x98,0x86,0x42,0x94,0xD3,0x55,0x4E,0x00,0x99,
    0x70,0x68,0x08,0x9A,0x15,0x31,0x42,0x54,0x83,0x78,0x08,0x93,0x41,0x78,0x09,0x91,
    0x00,0x9A,0xB6,0x69,0x00,0x96,0x8C,0x46,0x76,0x79,0x50,0x4C,0x00,0x21,0x0A,0x96,
    0x11,0xE0,0x0E,0x46,0x15,0x36,0x87,0x5D,0xFF,0x2F,0x09,0xD0,0x01,0x9E,0x4E,0x43,
    0xF6,0x19,0x76,0x00,0x18,0x36,0x86,0x5B,0xA6,0x42,0x01,0xD2,0x34,0x46,0x0A,0x46,
    0x49,0x1C,0x0A,0x9E,0xC9,0xB2,0x8E,0x42,0xEB,0xD8,0x44,0x49,0x8C,0x42,0x04,0xD0,
    0x11,0x46,0x15,0x31,0x41,0x5C,0x13,0x46,0x8C,0x46,0xC1,0x68,0x0F,0x1E,0x10,0xD1,
    0x00,0x99,0x20,0x31,0xCE,0x78,0x0F,0x99,0x8E,0x42,0x0A,0xD8,0x11,0x46,0x82,0x74,
    0x15,0x31,0x43,0x5C,0xC3,0x74,0x82,0x70,0x41,0x5C,0x41,0x70,0x01,0x21,0xC1,0x60,
    0x2E,0xE0,0x09,0x99,0x61,0x45,0x02,0xD1,0x08,0x99,0x99,0x42,0x1D,0xD0,0x01,0x9A,
    0x08,0x99,0x51,0x43,0x09,0x9A,0x89,0x18,0x49,0x00,0x18,0x31,0x46,0x5A,0x01,0x9A,
    0x19,0x46,0x51,0x43,0x61,0x44,0x49,0x00,0x18,0x31,0x41,0x5A,0x1E,0x31,0x8E,0x42,
    0x0F,0xD9,0x00,0x99,0x0F,0x9A,0x20,0x31,0xCE,0x78,0x96,0x42,0x09,0xD8,0x89,0x78,
    0x8F,0x42,0x04,0xD3,0x61,0x46,0x41,0x70,0x83,0x70,0x01,0x21,0x04,0xE0,0x79,0x1C,
    0x02,0xE0,0x01,0x2F,0x01,0xD9,0x79,0x1E,0xC1,0x60,0x61,0x46,0xC1,0x74,0x83,0x74,
    0x1C,0x4E,0xB1,0x69,0x20,0x31,0x48,0x78,0x40,0x00,0xA8,0x42,0x09,0xD2,0x70,0x68,
    0x1E,0x22,0x02,0x70,0x49,0x78,0x0A,0x23,0x59,0x43,0xA9,0x42,0x14,0xD2,0x02,0x82,
    0x12,0xE0,0x70,0x68,0x02,0x8A,0x00,0x2A,0x01,0xD0,0x52,0x1E,0x02,0x82,0x49,0x78,
    0xA9,0x42,0x09,0xD9,0x01,0x78,0x00,0x29,0x06,0xD0,0x49,0x1E,0x09,0x06,0x09,0x0E,
    0x01,0x70,0x01,0xD1,0xFF,0xF7,0x64,0xF9,0x70,0x68,0x84,0x80,0xC5,0x80,0x81,0x78,
    0x01,0x9A,0x73,0x69,0x51,0x43,0x42,0x78,0x59,0x18,0x89,0x5C,0x01,0x75,0xFF,0xF7,
    0x05,0xFB,0x04,0x48,0x40,0x68,0x01,0x7A,0x49,0x1C,0x01,0x72,0x00,0x7D,0x11,0xB0,
    0xF0,0xBD,0x00,0x00,0xD0,0x0A,0x00,0x20,0x51,0x21,0x00,0x00,0xFF,0x7F,0x00,0x00,
    0xFF,0xB5,0x28,0x49,0x9A,0x00,0x09,0x68,0x81,0xB0,0x8D,0x18,0x5A,0x00,0x8C,0x18,
    0x00,0x91,0x25,0x49,0x1E,0x46,0x0A,0x89,0xD2,0xB2,0x0A,0x81,0x0A,0x89,0x00,0x02,
    0x02,0x43,0x0A,0x81,0x21,0x48,0x81,0x7C,0x80,0x22,0x11,0x43,0x81,0x74,0x00,0x20,
    0x03,0x46,0x1F,0x4A,0x04,0xE0,0x41,0x00,0x6A,0x52,0x40,0x1C,0x63,0x52,0xC0,0xB2,
    0xB0,0x42,0xF8,0xD3,0x00,0x27,0x1A,0xE0,0x01,0x20,0xFF,0xF7,0x0F,0xF8,0x32,0x46,
    0x00,0x99,0x03,0x98,0xFF,0xF7,0x2E,0xFE,0x00,0x21,0x0C,0xE0,0x4A,0x00,0x00,0x98,
    0xAB,0x5E,0x80,0x5A,0x83,0x42,0x00,0xDD,0xA8,0x52,0xA3,0x5E,0x83,0x42,0x00,0xDA,
    0xA0,0x52,0x49,0x1C,0xC9,0xB2,0xB1,0x42,0xF0,0xD3,0x7F,0x1C,0xFF,0xB2,0x02,0x98,
    0x87,0x42,0xE1,0xD3,0x00,0x21,0x08,0x46,0x07,0xE0,0x42,0x00,0xA3,0x5A,0xAA,0x5A,
    0x9A,0x1A,0x51,0x18,0x40,0x1C,0x89,0xB2,0xC0,0xB2,0xB0,0x42,0xF5,0xD3,0x88,0x08,
    0x05,0xB0,0xF0,0xBD,0xD0,0x0A,0x00,0x20,0x00,0x10,0x00,0x40,0xE0,0x12,0x00,0x40,
    0xFF,0x7F,0x00,0x00,0xF3,0xB5,0x0C,0x46,0x81,0xB0,0x30,0x49,0x02,0x20,0x02,0xF0,
    0x1F,0xFF,0x2F,0x4D,0x2F,0x49,0x6A,0x68,0x10,0x79,0x00,0x01,0xC0,0x1C,0x48,0x72,
    0x50,0x79,0x43,0x23,0x00,0x01,0x18,0x43,0x08,0x72,0x10,0x7B,0x64,0x23,0x58,0x43,
    0xA0,0x23,0x29,0x4E,0x05,0xE0,0x4F,0x7A,0x3F,0x06,0x04,0xD4,0xB3,0x80,0x40,0x1E,
    0x80,0xB2,0x00,0x28,0xF7,0xD1,0xD0,0x78,0x24,0x4D,0x00,0x01,0x20,0x4B,0x40,0x1C,
    0x28,0x74,0x10,0x20,0x68,0x74,0x18,0x68,0x43,0x78,0x06,0x78,0x1B,0x02,0x33,0x43,
    0x5E,0xBA,0x1F,0x4B,0x5E,0x81,0xC6,0x78,0x24,0x02,0x34,0x43,0x1C,0x81,0x14,0x78,
    0xDC,0x80,0x56,0x78,0x94,0x78,0x36,0x01,0x80,0x27,0x3E,0x43,0x34,0x43,0xAC,0x74,
    0x04,0x79,0x24,0x03,0x83,0x34,0x5C,0x80,0x40,0x79,0x41,0x24,0xC0,0x00,0x20,0x43,
    0x18,0x80,0xFF,0x20,0x02,0x30,0xD8,0x81,0x90,0x79,0x00,0x28,0x03,0xD0,0x01,0x20,
    0x88,0x72,0x02,0x20,0x02,0xE0,0x00,0x20,0x88,0x72,0x08,0x20,0xFF,0xF7,0x0A,0xF8,
    0x01,0x98,0x07,0x4C,0x00,0x90,0x20,0x68,0x43,0x79,0x02,0x79,0x60,0x68,0x81,0x78,
    0x40,0x78,0xFE,0xF7,0xE0,0xFE,0xA0,0x83,0xFE,0xBD,0x00,0x00,0x51,0x21,0x00,0x00,
    0x1C,0x0B,0x00,0x20,0x00,0x03,0x00,0x40,0x00,0x02,0x00,0x40,0xE0,0x12,0x00,0x40,
    0x00,0x10,0x00,0x40,0x70,0xB5,0x04,0x46,0x0D,0x46,0xC0,0x07,0x02,0xD0,0x01,0x20,
    0x00,0xF0,0x52,0xF8,0xA0,0x07,0x0B,0xD5,0x60,0x07,0x29,0x46,0x01,0xD5,0x08,0x20,
    0x04,0xE0,0x02,0x20,0x00,0xF0,0x48,0xF8,0x29,0x46,0x04,0x20,0x00,0xF0,0x44,0xF8,
    0x08,0x20,0xFE,0xF7,0xD7,0xFF,0x70,0xBD,0xF0,0xB5,0x05,0xAC,0xE0,0xCC,0x05,0x4C,
    0x67,0x61,0xA6,0x61,0xE5,0x60,0x23,0x61,0x22,0x60,0x61,0x60,0xA0,0x60,0x08,0x98,
    0xA0,0x77,0xF0,0xBD,0x1C,0x0B,0x00,0x20,0x70,0xB5,0x06,0x46,0x11,0x49,0x02,0x20,
    0x02,0xF0,0x86,0xFE,0x10,0x4D,0x00,0x24,0xA8,0x7F,0x00,0x28,0x04,0xD0,0x01,0x21,
    0x30,0x46,0xFF,0xF7,0xC7,0xFF,0xAC,0x77,0x00,0x21,0x30,0x46,0xFF,0xF7,0xC2,0xFF,
    0x0A,0x48,0x01,0x88,0x04,0x22,0x11,0x43,0x01,0x80,0x09,0x48,0x01,0x7A,0xC9,0x08,
    0xC9,0x00,0x01,0x72,0x84,0x72,0x07,0x48,0x04,0x74,0x81,0x7C,0x49,0x06,0x49,0x0E,
    0x81,0x74,0x70,0xBD,0x51,0x21,0x00,0x00,0x1C,0x0B,0x00,0x20,0x00,0x10,0x00,0x40,
    0x00,0x03,0x00,0x40,0xE0,0x12,0x00,0x40,0xF3,0xB5,0x05,0x46,0xA5,0xB0,0x00,0x24,
    0x7A,0x48,0x01,0x94,0x40,0x68,0x80,0x79,0x00,0x28,0x01,0xD0,0x02,0x20,0x00,0xE0,
    0x08,0x20,0xFE,0xF7,0x87,0xFF,0x01,0x2D,0x06,0xD0,0x08,0x2D,0x04,0xD0,0x02,0x2D,
    0x2B,0xD0,0x04,0x2D,0x32,0xD0,0x59,0xE0,0x70,0x4A,0x01,0x2D,0x90,0x68,0x57,0x69,
    0xC6,0x68,0x41,0x68,0x17,0xD0,0x44,0x78,0x11,0x69,0x01,0x91,0x97,0x69,0x06,0x69,
    0x81,0x68,0x22,0x46,0x17,0xA8,0xFC,0xF7,0x97,0xFD,0x22,0x46,0x31,0x46,0x1E,0xA8,
    0xFC,0xF7,0x92,0xFD,0x26,0x98,0x00,0x28,0x09,0xD0,0x80,0x22,0x21,0x46,0x03,0xA8,
    0xFC,0xF7,0xAA,0xFD,0x3A,0xE0,0x04,0x78,0xD0,0x68,0x01,0x90,0xE9,0xE7,0x22,0x46,
    0x39,0x46,0x03,0xA8,0xFC,0xF7,0x80,0xFD,0x30,0xE0,0x5C,0x49,0x88,0x68,0x40,0x78,
    0x42,0x08,0xC0,0x07,0xC0,0x0F,0x14,0x18,0x08,0x69,0x05,0xE0,0x57,0x48,0x81,0x68,
    0x00,0x69,0x49,0x78,0x4C,0x08,0x80,0x1C,0x01,0x90,0x54,0x48,0x00,0x21,0x87,0x69,
    0x82,0x68,0x19,0xE0,0x4B,0x00,0xD8,0xB2,0x04,0x2D,0x01,0xD1,0x5B,0x1C,0xD8,0xB2,
    0x93,0x68,0x1E,0x5C,0x17,0xAB,0x5E,0x54,0x13,0x69,0x1E,0xAE,0x1B,0x5C,0x73,0x54,
    0x26,0x9B,0x00,0x2B,0x03,0xD0,0x80,0x20,0x03,0xAB,0x58,0x54,0x02,0xE0,0x3B,0x5C,
    0x03,0xA8,0x43,0x54,0x49,0x1C,0xC9,0xB2,0xA1,0x42,0xE3,0xD3,0x21,0x46,0x17,0xA8,
    0xFF,0xF7,0xB0,0xFC,0x21,0x46,0x1E,0xA8,0xFF,0xF7,0x8E,0xFC,0x3F,0x48,0x40,0x68,
    0x00,0x7A,0x02,0x90,0x34,0xE0,0x00,0x27,0x22,0x46,0x03,0xA9,0x17,0xA8,0xFF,0xF7,
    0xC1,0xFC,0x01,0x20,0xFE,0xF7,0x8A,0xFE,0x22,0x46,0x0A,0xA9,0x17,0xA8,0xFF,0xF7,
    0xA9,0xFC,0x26,0x98,0x00,0x28,0x28,0xD0,0x00,0x26,0x18,0xE0,0x33,0x48,0x72,0x00,
    0x81,0x8B,0x00,0x91,0x41,0x68,0x00,0x68,0x4B,0x89,0x0A,0xA9,0x8A,0x5A,0x41,0x78,
    0x03,0xA8,0x80,0x5D,0xFE,0xF7,0xE9,0xFD,0x03,0xA9,0x89,0x5D,0x81,0x42,0x02,0xD1,
    0x7F,0x1C,0xFF,0xB2,0x01,0xE0,0x03,0xA9,0x88,0x55,0x76,0x1C,0xF6,0xB2,0xA6,0x42,
    0xE4,0xD3,0xA7,0x42,0x09,0xD0,0x00,0x21,0x01,0x20,0xFF,0xF7,0x0F,0xFC,0x02,0x98,
    0x41,0x1E,0xC9,0xB2,0x02,0x91,0x00,0x28,0xC5,0xD1,0x21,0x46,0x17,0xA8,0xFF,0xF7,
    0x59,0xFC,0x26,0x98,0x00,0x28,0x22,0xD0,0x01,0x2D,0x0A,0xD0,0x08,0x2D,0x08,0xD0,
    0x02,0x2D,0x01,0xD0,0x04,0x2D,0x18,0xD1,0x18,0x49,0x00,0x20,0x03,0xAE,0x8B,0x69,
    0x11,0xE0,0x16,0x49,0x08,0x2D,0x48,0x69,0x00,0xD1,0x88,0x69,0x22,0x46,0x03,0xA9,
    0x17,0xE0,0x42,0x00,0xD1,0xB2,0x04,0x2D,0x01,0xD1,0x52,0x1C,0xD1,0xB2,0x32,0x5C,
    0x40,0x1C,0x5A,0x54,0xC0,0xB2,0xA0,0x42,0xF3,0xD3,0x27,0xB0,0xF0,0xBD,0x01,0x2D,
    0x04,0xD0,0x08,0x2D,0x02,0xD0,0x00,0x20,0x0A,0xAA,0x0C,0xE0,0x62,0x00,0x0A,0xA9,
    0x01,0x98,0xFC,0xF7,0xD1,0xFC,0xF0,0xE7,0x41,0x00,0x53,0x5A,0x85,0x00,0x01,0x99,
    0x40,0x1C,0x4B,0x53,0xC0,0xB2,0xA0,0x42,0xF6,0xD3,0xE6,0xE7,0x1C,0x0B,0x00,0x20,
    0x01,0x22,0x82,0x40,0xD0,0xB2,0x04,0x4A,0x00,0x29,0x11,0x7C,0x01,0xD0,0x01,0x43,
    0x00,0xE0,0x81,0x43,0x11,0x74,0x70,0x47,0x00,0x03,0x00,0x40,0x02,0x00,0x00,0xB5,
    0x06,0x48,0x81,0x7A,0x40,0x7A,0x03,0xD0,0xC9,0x07,0xC9,0x17,0x49,0x1C,0x01,0xE0,
    0xC9,0x07,0xC9,0x0F,0xFF,0xF7,0xE4,0xFF,0x00,0xBD,0x00,0x00,0x9C,0x0A,0x00,0x20,
    0xF8,0xB5,0x21,0x4E,0x0D,0x46,0xF1,0x78,0x14,0x46,0xF3,0x68,0xB7,0x69,0x1A,0x78,
    0x51,0x43,0xC9,0x19,0x00,0x28,0x05,0xD0,0x58,0x68,0xFF,0xF7,0x1B,0xFC,0xF0,0x78,
    0xFF,0xF7,0xDE,0xFA,0x00,0x2D,0x0B,0xD0,0x0C,0x20,0x01,0x21,0x89,0x07,0x48,0x80,
    0x16,0x48,0x81,0x7C,0x80,0x22,0x11,0x43,0x81,0x74,0x00,0x20,0xFE,0xF7,0xD6,0xFD,
    0x00,0x2C,0x1E,0xD0,0x10,0x48,0xF4,0x68,0x24,0x30,0x45,0x78,0x60,0x78,0x29,0x46,
    0x07,0x46,0xFC,0xF7,0x4F,0xFC,0x00,0x29,0x14,0xD0,0x68,0x1A,0x40,0x1E,0xF1,0x78,
    0xC0,0x19,0x88,0x42,0x0D,0xDD,0xF0,0x78,0x22,0x78,0x40,0x1C,0xB1,0x69,0x50,0x43,
    0x41,0x18,0x60,0x68,0xFF,0xF7,0xEE,0xFB,0xF0,0x78,0x40,0x1C,0xC0,0xB2,0xFF,0xF7,
    0xAF,0xFA,0xF8,0xBD,0x00,0x20,0xE9,0xE7,0xEC,0x0A,0x00,0x20,0xE0,0x12,0x00,0x40,
    0x70,0xB5,0x10,0x49,0xC8,0x80,0x10,0x4C,0x21,0x88,0x20,0x25,0x29,0x40,0x88,0x31,
    0x21,0x80,0xE6,0x13,0x64,0x28,0x04,0xD2,0x00,0x21,0x61,0x81,0x00,0x01,0x30,0x43,
    0x05,0xE0,0x14,0x21,0xFC,0xF7,0x1E,0xFC,0x30,0x43,0x60,0x81,0x07,0x48,0x20,0x81,
    0x20,0x88,0x08,0x21,0x88,0x43,0x20,0x80,0xAA,0x20,0xA0,0x80,0x20,0x88,0x28,0x43,
    0x20,0x80,0x70,0xBD,0x9C,0x0A,0x00,0x20,0x00,0x02,0x00,0x40,0x40,0x81,0x00,0x00,
    0x08,0x49,0x00,0xE0,0x30,0xBF,0x0A,0x78,0x00,0x2A,0xFB,0xD0,0x06,0x49,0x8A,0x7C,
    0x52,0x06,0x52,0x0E,0x8A,0x74,0x00,0x78,0x03,0x49,0x80,0x00,0xE0,0x39,0x40,0x18,
    0x40,0x88,0x70,0x47,0xCC,0x0A,0x00,0x20,0xE0,0x12,0x00,0x40,0x06,0x49,0x00,0x20,
    0x08,0x70,0x06,0x48,0x81,0x7C,0x80,0x22,0x11,0x43,0x81,0x74,0x04,0x48,0x11,0x21,
    0x81,0x80,0x43,0x21,0x01,0x80,0x70,0x47,0xCC,0x0A,0x00,0x20,0xE0,0x12,0x00,0x40,
    0x00,0x10,0x00,0x40,0x70,0xB5,0x21,0x49,0xCA,0x20,0x08,0x70,0x48,0x70,0x20,0x49,
    0x04,0x24,0x0C,0x81,0xAA,0x20,0x88,0x80,0x28,0x20,0x08,0x80,0x1D,0x4A,0x70,0x20,
    0x10,0x60,0x1A,0x48,0x00,0x22,0x20,0x38,0xC2,0x71,0x48,0x05,0x03,0x89,0x23,0x43,
    0x03,0x81,0x03,0x89,0x08,0x24,0x23,0x43,0x03,0x81,0x43,0x89,0x80,0x25,0x2B,0x43,
    0x43,0x81,0x43,0x89,0xA3,0x43,0x43,0x81,0x43,0x89,0x71,0x24,0x23,0x43,0x43,0x81,
    0x83,0x89,0x1B,0x09,0x1B,0x01,0x83,0x81,0x0F,0x48,0x02,0x60,0x0F,0x4B,0x83,0x80,
    0x02,0x72,0x01,0x22,0xC2,0x80,0x90,0x1E,0x88,0x82,0xFF,0x20,0x72,0x30,0x08,0x82,
    0x0B,0x49,0x04,0x20,0x02,0xF0,0x6C,0xFC,0x01,0x20,0xFF,0xF7,0x71,0xFF,0x01,0x20,
    0xFE,0xF7,0x14,0xFC,0x00,0xF0,0x0E,0xF8,0x70,0xBD,0x00,0x00,0x20,0x03,0x00,0x40,
    0x00,0x02,0x00,0x40,0x00,0x01,0x00,0x40,0x9C,0x0A,0x00,0x20,0x20,0x4E,0x00,0x00,
    0xA1,0x79,0x00,0x00,0x62,0xB6,0x70,0x47,0x7C,0xB5,0x04,0x46,0x0C,0xA0,0x03,0xC8,
    0x0A,0x4D,0x01,0x91,0x00,0x90,0x06,0x2C,0x01,0xD8,0x00,0x2C,0x01,0xD1,0x00,0x20,
    0x7C,0xBD,0x0C,0x21,0x28,0x46,0xFC,0xF7,0xCE,0xFB,0x68,0x46,0x01,0x5D,0x29,0x71,
    0xAB,0x21,0xA9,0x71,0x00,0x5D,0xE8,0x71,0x01,0x20,0x7C,0xBD,0x54,0x03,0x00,0x20,
    0x10,0x20,0x40,0x60,0x50,0x30,0x00,0x00,0xF3,0xB5,0x83,0xB0,0x0C,0x21,0x38,0x48,
    0xFC,0xF7,0xB9,0xFB,0x37,0x48,0x36,0x49,0xC0,0x7F,0xFF,0x28,0x00,0xD0,0x08,0x70,
    0x00,0x26,0x35,0x46,0x4E,0xE0,0x28,0x46,0x18,0x21,0x6B,0x46,0x48,0x43,0x1A,0x7A,
    0x03,0x99,0x03,0x9B,0x09,0x5C,0xC4,0x18,0x12,0x07,0x60,0x78,0x12,0x0F,0x80,0x06,
    0x03,0xD0,0xA0,0x78,0x01,0x28,0x00,0xD0,0x02,0x20,0x00,0x01,0x02,0x43,0xD0,0xB2,
    0x00,0x09,0x09,0x07,0x00,0x01,0x09,0x0F,0x6B,0x46,0x08,0x43,0x18,0x72,0xA2,0x89,
    0xE0,0x89,0x00,0x90,0x24,0x48,0x81,0x88,0xE4,0x20,0x50,0x43,0xFC,0xF7,0x3A,0xFB,
    0x07,0x46,0x21,0x48,0xFF,0x22,0xC1,0x88,0x00,0x98,0xCD,0x32,0x50,0x43,0xFC,0xF7,
    0x31,0xFB,0x01,0x46,0x6B,0x46,0x98,0x79,0x02,0x09,0x38,0x07,0x12,0x01,0x00,0x0F,
    0x02,0x43,0x38,0x09,0x18,0x71,0xD0,0xB2,0x02,0x07,0x12,0x0F,0x08,0x01,0x02,0x43,
    0x9A,0x71,0x08,0x09,0x58,0x71,0xE0,0x78,0xD8,0x71,0xB0,0x00,0x10,0x49,0x30,0x18,
    0x40,0x18,0x80,0x1C,0x05,0x22,0x01,0xA9,0xFC,0xF7,0x3E,0xFB,0x76,0x1C,0x6D,0x1C,
    0xF6,0xB2,0x6D,0xB2,0x04,0x98,0x85,0x42,0xAD,0xDB,0x09,0x48,0xF1,0xB2,0x46,0x70,
    0x00,0x29,0x07,0xD1,0x00,0x78,0x00,0x28,0x04,0xD1,0x06,0x48,0x20,0x30,0xC0,0x78,
    0x00,0x28,0x03,0xD0,0x02,0x48,0x02,0xF0,0x31,0xFB,0x01,0x20,0x05,0xB0,0xF0,0xBD,
    0x54,0x03,0x00,0x20,0x0C,0x00,0x00,0x20,0x94,0x03,0x00,0x20,0xF3,0xB5,0x00,0x25,
    0x08,0x46,0x85,0xB0,0x20,0x30,0x0E,0x46,0x02,0x90,0x75,0xE0,0x4C,0x20,0x05,0x99,
    0x68,0x43,0x44,0x18,0x20,0x7C,0x01,0x07,0x02,0x98,0x09,0x0F,0xC0,0x78,0x81,0x42,
    0x08,0xD8,0x00,0x20,0x81,0x00,0x61,0x18,0x22,0x68,0x40,0x1C,0xCA,0x62,0x03,0x28,
    0xF8,0xDB,0x5F,0xE0,0x27,0x46,0x2C,0x37,0x08,0x22,0x39,0x46,0x38,0x1D,0xFC,0xF7,
    0xFB,0xFA,0x20,0x68,0x38,0x60,0x20,0x6A,0x01,0x90,0x02,0x99,0x20,0x7C,0xC9,0x78,
    0x02,0x07,0x12,0x0F,0x49,0x1C,0x8A,0x42,0x02,0xD8,0x38,0x68,0x01,0x90,0x2F,0xE0,
    0x00,0x09,0x15,0xD0,0x6A,0x46,0x20,0x46,0x91,0x88,0x40,0x30,0x02,0x88,0x89,0x18,
    0x04,0x22,0x82,0x5E,0x52,0x10,0x89,0x18,0x6A,0x46,0x91,0x80,0xD1,0x88,0x42,0x88,
    0x89,0x18,0x06,0x22,0x82,0x5E,0x50,0x10,0x08,0x18,0x6A,0x46,0xD0,0x80,0x17,0xE0,
    0x3A,0x46,0x31,0x46,0x20,0x46,0xFD,0xF7,0xE1,0xFA,0x01,0x46,0x03,0x90,0x33,0x46,
    0x00,0x22,0x00,0x97,0x20,0x46,0xFD,0xF7,0x54,0xFB,0x69,0x46,0x88,0x80,0x33,0x46,
    0x01,0x22,0x00,0x97,0x20,0x46,0x03,0x99,0xFD,0xF7,0x4B,0xFB,0x69,0x46,0xC8,0x80,
    0x01,0xAA,0x31,0x46,0x20,0x46,0x03,0xF0,0xC5,0xFF,0x20,0x7C,0x01,0x09,0x11,0xD0,
    0x20,0x22,0xA2,0x5E,0x22,0x21,0xB3,0x88,0x61,0x5E,0x93,0x42,0x02,0xD9,0xF2,0x88,
    0x8A,0x42,0x07,0xD8,0x01,0x07,0x02,0x98,0x09,0x0F,0x00,0x79,0x40,0x1C,0x00,0x01,
    0x01,0x43,0x21,0x74,0x6D,0x1C,0xED,0xB2,0xB0,0x78,0xA8,0x42,0x86,0xD8,0x00,0x20,
    0x07,0xB0,0xF0,0xBD,0xFF,0x30,0x01,0x30,0xC0,0x6A,0x02,0x49,0xC1,0x60,0x00,0x20,
    0x70,0x47,0x00,0x00,0x9D,0x3A,0x00,0x00,0xFF,0xB5,0x8D,0xB0,0x0D,0x98,0x15,0x24,
    0x04,0x57,0x02,0x46,0x14,0x20,0x10,0x56,0x03,0x90,0x10,0x68,0x0A,0x90,0xC8,0x6B,
    0x08,0x90,0x88,0x69,0x04,0x90,0x03,0x98,0x4F,0x6A,0x60,0x43,0x01,0x46,0x00,0x25,
    0x1F,0x22,0x04,0x98,0xFC,0xF7,0x98,0xFA,0x08,0x98,0x80,0x78,0x80,0x1C,0x09,0x90,
    0x01,0xF0,0x36,0xF9,0x64,0x1E,0x07,0x90,0x06,0x94,0x7D,0xD4,0x03,0x9E,0x76,0x1E,
    0x7C,0xD4,0x03,0x99,0x06,0x98,0x48,0x43,0x0B,0x90,0x80,0x19,0x0A,0x99,0x42,0x00,
    0x8A,0x5E,0x0F,0x99,0x8A,0x42,0x6B,0xDB,0x04,0x99,0x09,0x5C,0x0F,0x29,0x67,0xD3,
    0x07,0x9A,0x06,0x99,0x11,0x70,0x07,0x99,0x6A,0x46,0x4E,0x70,0x07,0x99,0xEC,0xB2,
    0x09,0x88,0x91,0x82,0x07,0x99,0x09,0x88,0xD1,0x82,0x04,0x99,0x0C,0x54,0x05,0xA9,
    0x10,0x9B,0x0F,0x9A,0x68,0x46,0x0E,0xC0,0x6A,0xB2,0x07,0x9B,0x0D,0x99,0x04,0x98,
    0xFE,0xF7,0x4A,0xF9,0x0C,0x90,0x08,0x98,0x04,0x99,0x03,0x7D,0x82,0x7D,0x68,0x46,
    0x0E,0xC0,0xFF,0x23,0x22,0x46,0x05,0xA9,0x0D,0x98,0xFE,0xF7,0x12,0xF8,0x01,0x90,
    0x09,0x98,0x2C,0x46,0x85,0x42,0x2E,0xDB,0x00,0x24,0x01,0x20,0x09,0xE0,0xC1,0x00,
    0xE2,0x00,0xC9,0x19,0xD2,0x19,0x89,0x7B,0x92,0x7B,0x91,0x42,0x00,0xD2,0x04,0x46,
    0x40,0x1C,0x09,0x99,0x88,0x42,0xF2,0xDB,0xE0,0x00,0xC2,0x19,0x91,0x7B,0x01,0x98,
    0x81,0x42,0x08,0xDB,0x1F,0x23,0x00,0x93,0x2B,0x46,0x05,0xAA,0x03,0x99,0x04,0x98,
    0xFE,0xF7,0x7E,0xF9,0x1C,0xE0,0x1F,0x23,0x00,0x93,0x08,0x32,0x23,0x46,0x03,0x99,
    0x04,0x98,0xFE,0xF7,0x75,0xF9,0x2B,0x46,0x05,0xAA,0x00,0x94,0x03,0x99,0x04,0x98,
    0xFE,0xF7,0x6E,0xF9,0x00,0xE0,0x65,0x1C,0xE1,0x00,0xC8,0x19,0x01,0x73,0x0C,0x99,
    0xC1,0x73,0x01,0x99,0x81,0x73,0x05,0x99,0x81,0x60,0xE1,0x06,0xC9,0x0E,0x41,0x73,
    0x76,0x1E,0x03,0xD4,0x0B,0x98,0x88,0xE7,0x05,0xE0,0xFF,0xE7,0x06,0x98,0x40,0x1E,
    0x06,0x90,0x00,0xD4,0x7A,0xE7,0x01,0xF0,0xC1,0xF8,0x28,0xB2,0x38,0x80,0x11,0xB0,
    0xF0,0xBD,0x00,0x00,0xF0,0xB5,0x97,0xB0,0x01,0x21,0x04,0x20,0xFF,0xF7,0xDE,0xF8,
    0x99,0x48,0x16,0x90,0x80,0x7E,0x02,0xF0,0x67,0xFA,0x02,0xF0,0xF3,0xFC,0x96,0x49,
    0x96,0x4C,0x08,0x22,0x42,0x31,0x0E,0xA8,0xFC,0xF7,0xCE,0xF9,0x92,0x49,0x0E,0x22,
    0x4A,0x31,0x0A,0xA8,0xFC,0xF7,0xC8,0xF9,0x8F,0x4D,0x08,0xAB,0x20,0x35,0x29,0x6A,
    0xE8,0x69,0x09,0x91,0x08,0x90,0x10,0x21,0x19,0x76,0x03,0x20,0x58,0x76,0x98,0x76,
    0x01,0x22,0xDA,0x76,0x19,0x72,0x58,0x72,0x98,0x72,0x02,0x20,0xD8,0x72,0x00,0x26,
    0x9E,0x73,0x18,0x70,0x20,0x20,0x58,0x70,0x0F,0x20,0x98,0x70,0xD9,0x70,0x1A,0x71,
    0x83,0x49,0x5E,0x71,0x30,0x20,0x48,0x70,0x82,0x48,0x19,0x22,0x82,0x4E,0x42,0x70,
    0x30,0x46,0xFF,0x30,0x55,0x30,0x12,0x90,0x1E,0x38,0x11,0x90,0x30,0x46,0x1D,0x30,
    0x10,0x90,0xCB,0xE0,0x00,0x20,0x7B,0x4F,0x07,0x90,0x3B,0x78,0x78,0x78,0x83,0x42,
    0xF7,0xD0,0x7A,0x48,0x7B,0x70,0x43,0x72,0x10,0x3B,0xFC,0xF7,0x12,0xFA,0x09,0x06,
    0x08,0x11,0x53,0xA2,0x24,0xDC,0xDF,0x27,0xB2,0x00,0x07,0x20,0x00,0xE0,0x00,0x20,
    0x08,0xAB,0x18,0x77,0xF8,0x78,0x0E,0xAA,0x21,0x46,0x00,0xF0,0xC1,0xF9,0xA3,0xE0,
    0xF8,0x78,0x00,0x28,0xFB,0xD1,0x32,0x78,0x23,0x46,0xF0,0x68,0x10,0x99,0xFE,0xF7,
    0x89,0xFA,0x30,0x78,0x68,0x49,0x40,0x00,0x03,0x19,0x72,0x78,0x14,0x31,0x30,0x69,
    0xFE,0xF7,0x80,0xFA,0x90,0xE0,0xFE,0xF7,0x59,0xFB,0x97,0xE0,0xF8,0x78,0x00,0x28,
    0x0D,0xD1,0x11,0x98,0x01,0x22,0x12,0x99,0x00,0x94,0x01,0xAB,0x07,0xC3,0x30,0x78,
    0x08,0xAA,0x40,0x00,0x03,0x19,0x0A,0xA9,0x5B,0x48,0xFF,0xF7,0x55,0xFB,0x08,0xAB,
    0xA9,0x7F,0x18,0x7A,0xFF,0xF7,0xC6,0xFA,0x06,0x90,0x07,0x20,0xFF,0xF7,0x5C,0xFB,
    0xF8,0x78,0x00,0x28,0x70,0xD1,0x32,0x78,0x20,0x46,0x12,0x9B,0x06,0x99,0x02,0xF0,
    0x64,0xFA,0x30,0x78,0x72,0x78,0x40,0x00,0x00,0x19,0x11,0x9B,0x06,0x99,0x02,0xF0,
    0x5C,0xFA,0x61,0xE0,0x48,0x48,0x4E,0x49,0x40,0x30,0xC0,0x7E,0x00,0x22,0x80,0x1E,
    0x88,0x70,0x00,0x20,0x06,0x90,0x10,0x98,0x05,0x90,0x37,0x78,0x42,0x49,0x00,0x92,
    0x4C,0x39,0x02,0x46,0x08,0x46,0xA4,0x30,0x3B,0x46,0x15,0x90,0xFE,0xF7,0xCC,0xFC,
    0x3D,0x48,0x06,0xAA,0x60,0x30,0x01,0x88,0x80,0x78,0x01,0xAB,0x07,0xC3,0x40,0x48,
    0x00,0x23,0x82,0x78,0x00,0x92,0x3A,0x46,0x05,0x99,0x15,0x98,0xFE,0xF7,0x36,0xFC,
    0x6B,0x46,0x18,0x21,0x59,0x5E,0x00,0x29,0x00,0xDC,0x49,0x42,0x09,0xB2,0x38,0x4F,
    0x06,0x91,0x14,0x91,0x38,0x70,0xB9,0x78,0x13,0x91,0x14,0x98,0xFC,0xF7,0xF0,0xF8,
    0xF9,0x70,0xC0,0xB2,0x78,0x70,0x13,0x99,0x02,0x46,0x4A,0x43,0x14,0x99,0x8A,0x42,
    0x01,0xDA,0x40,0x1C,0x78,0x70,0xFF,0xF7,0xD9,0xFC,0x05,0x98,0xFF,0xF7,0xC0,0xFC,
    0xB8,0x80,0xFE,0xF7,0x7D,0xFC,0x0A,0x22,0x29,0x49,0x20,0x46,0xFC,0xF7,0xEC,0xF8,
    0x12,0xE0,0xC8,0x20,0x02,0xF0,0x78,0xF9,0x04,0xE0,0x01,0x22,0x21,0x21,0x05,0x20,
    0x03,0xF0,0x56,0xFE,0x38,0x78,0x14,0x28,0xF7,0xD0,0x16,0x98,0x80,0x7E,0x02,0xF0,
    0x6B,0xF9,0x07,0x98,0x00,0x28,0x09,0xD0,0x1C,0x49,0x01,0x20,0x48,0x71,0x02,0xF0,
    0x09,0xFA,0x28,0x8B,0x03,0xF0,0x0E,0xFE,0x02,0xF0,0xEC,0xFB,0x14,0x48,0x00,0x78,
    0x11,0x28,0x00,0xD1,0x2E,0xE7,0x12,0x49,0x00,0x20,0x88,0x60,0x0B,0x46,0x01,0x22,
    0x20,0x33,0x5A,0x70,0x88,0x81,0x11,0x49,0x48,0x72,0x16,0x98,0x80,0x7E,0x02,0xF0,
    0x4B,0xF9,0x00,0x21,0x01,0x20,0xFE,0xF7,0xB9,0xFF,0x00,0x21,0x04,0x20,0xFE,0xF7,
    0xB5,0xFF,0x17,0xB0,0xF0,0xBD,0x28,0x7A,0x01,0x21,0x01,0xE0,0x28,0x7A,0x00,0x21,
    0xFF,0xF7,0xE6,0xFB,0xDA,0xE7,0x00,0x00,0x90,0x7C,0x00,0x00,0x18,0x02,0x00,0x20,
    0x0C,0x00,0x00,0x20,0x44,0x00,0x00,0x20,0x48,0x00,0x00,0x20,0x76,0x03,0x00,0x20,
    0x6C,0x03,0x00,0x20,0xF3,0xB5,0x85,0xB0,0x01,0x68,0x04,0x91,0x14,0x25,0x15,0x21,
    0x45,0x57,0x41,0x56,0x02,0x91,0x00,0xF0,0x53,0xFF,0x04,0x46,0xFF,0x22,0x29,0x46,
    0xFC,0xF7,0xAA,0xF8,0x60,0x19,0xFE,0x22,0x29,0x46,0x01,0x90,0xFC,0xF7,0xA4,0xF8,
    0x00,0x20,0x84,0x46,0x01,0x46,0x00,0x90,0x26,0xE0,0xFE,0x22,0xFF,0x23,0x03,0x92,
    0xCE,0xB2,0x00,0x22,0xB6,0x46,0x16,0xE0,0x04,0x9F,0x46,0x00,0xBE,0x5F,0x06,0x9F,
    0xBE,0x42,0x0E,0xDB,0x66,0x46,0x76,0x1C,0xB4,0x46,0xFF,0x2B,0x00,0xD1,0x13,0x46,
    0x03,0x92,0xA7,0x5C,0xFF,0x2F,0x01,0xD1,0x76,0x46,0xA6,0x54,0x01,0x9F,0x76,0x46,
    0xBE,0x54,0x40,0x1C,0x52,0x1C,0xAA,0x42,0xE6,0xDB,0x03,0x9A,0xD3,0x1A,0x00,0x9A,
    0x9A,0x18,0x52,0x1C,0x49,0x1C,0x00,0x92,0x02,0x9A,0x91,0x42,0xD5,0xDB,0x00,0x21,
    0x08,0x46,0x06,0xE0,0x01,0x9A,0x23,0x5C,0x12,0x5C,0xD2,0x1A,0x51,0x18,0x49,0x1C,
    0x40,0x1C,0xA8,0x42,0xF6,0xDB,0x02,0x98,0x45,0x43,0x00,0x98,0x81,0x42,0x00,0xDC,
    0x01,0x46,0x49,0x00,0x60,0x46,0x08,0x18,0x69,0x00,0x64,0x22,0x69,0x18,0x50,0x43,
    0xFC,0xF7,0x26,0xF8,0x04,0x46,0x00,0xF0,0x11,0xFF,0x20,0x46,0x07,0xB0,0xF0,0xBD,
    0xF7,0xB5,0x82,0xB0,0x0D,0x46,0x02,0x99,0x14,0x20,0x08,0x56,0x00,0x24,0x00,0x90,
    0x00,0xF0,0xEE,0xFE,0x06,0x46,0x28,0x21,0xFC,0xF7,0x4D,0xF8,0x29,0x78,0x1F,0xE0,
    0x68,0x78,0x19,0xE0,0x00,0x9A,0x04,0x9B,0x4A,0x43,0x1B,0x18,0x2F,0x79,0xD3,0x5C,
    0xFF,0x08,0xBB,0x42,0x0F,0xD1,0x02,0x9B,0x12,0x18,0x1B,0x68,0x52,0x00,0x9A,0x5E,
    0x92,0x10,0x01,0xD5,0x00,0x22,0x02,0xE0,0x27,0x2A,0x00,0xDD,0x27,0x22,0xB3,0x5C,
    0x5B,0x1C,0xB3,0x54,0x64,0x1C,0x40,0x1C,0xEA,0x78,0x82,0x42,0xE2,0xDA,0x49,0x1C,
    0xA8,0x78,0x88,0x42,0xDC,0xDA,0x00,0xF0,0xD9,0xFE,0x00,0x2C,0x2D,0xD0,0xE1,0x07,
    0x60,0x10,0xC9,0x0F,0x45,0x18,0x00,0x22,0x11,0x46,0x27,0x20,0x33,0x5C,0x87,0x00,
    0xBF,0x1C,0x5F,0x43,0xBA,0x18,0x59,0x18,0xA9,0x42,0x06,0xDD,0x80,0x00,0x80,0x1C,
    0x49,0x1B,0x48,0x43,0x12,0x1A,0x29,0x46,0x01,0xE0,0x40,0x1E,0xEE,0xD5,0x00,0x29,
    0x13,0xD0,0x10,0x46,0xFB,0xF7,0xCC,0xFF,0x6E,0x28,0x00,0xDB,0x6E,0x20,0x06,0x2C,
    0x01,0xDA,0x0B,0x21,0x0C,0x1B,0x6E,0x21,0x08,0x1A,0x60,0x43,0xC1,0x10,0x46,0x20,
    0x46,0x29,0x00,0xDA,0x08,0x46,0x05,0xB0,0xF0,0xBD,0x00,0x20,0xFB,0xE7,0x00,0x00,
    0x06,0x48,0x80,0x69,0x01,0x79,0x04,0x29,0x03,0xD0,0x03,0x29,0x03,0xD0,0x1B,0x30,
    0x70,0x47,0x80,0x1D,0x70,0x47,0x12,0x30,0x70,0x47,0x00,0x00,0xD0,0x0A,0x00,0x20,
    0xFF,0xB5,0x05,0x46,0x0E,0x46,0x00,0x22,0x83,0xB0,0x1F,0x46,0x11,0x46,0x01,0x20,
    0xFE,0xF7,0xDE,0xFD,0xFE,0xF7,0xEC,0xFE,0x19,0x4C,0x00,0x2D,0x0A,0xD1,0x01,0x22,
    0x18,0x49,0x00,0x94,0x02,0x92,0x01,0x91,0x20,0x46,0x33,0x46,0x3A,0x46,0xD6,0x38,
    0x05,0x99,0x0A,0xE0,0x13,0x49,0x14,0x48,0x01,0x22,0x48,0x31,0x00,0x90,0x02,0x92,
    0x01,0x91,0x33,0x46,0x3A,0x46,0x14,0x38,0x05,0x99,0xFE,0xF7,0x95,0xFC,0x05,0x98,
    0xB9,0x78,0x00,0x78,0x08,0x22,0x00,0x23,0xFE,0xF7,0xCE,0xFB,0x07,0x46,0x01,0x20,
    0xFE,0xF7,0x7C,0xFD,0x00,0x2D,0x09,0xD1,0x05,0x48,0x23,0x46,0xD6,0x38,0x02,0x78,
    0x40,0x78,0x39,0x46,0x42,0x43,0x30,0x46,0x02,0xF0,0x9F,0xF8,0x07,0xB0,0xF0,0xBD,
    0x1E,0x01,0x00,0x20,0xF8,0x02,0x00,0x20,0xA4,0x02,0x00,0x20,0xF3,0xB5,0x08,0x20,
    0x84,0x46,0x00,0x20,0x8E,0x46,0x03,0x46,0x1B,0xE0,0x00,0x99,0x00,0x22,0xDC,0x00,
    0x61,0x18,0x49,0x68,0x0D,0x78,0x0D,0xE0,0x54,0x00,0x0B,0x4E,0x14,0x19,0x37,0x5D,
    0xBD,0x42,0x06,0xD1,0xA4,0x19,0x4F,0x78,0x66,0x78,0xB7,0x42,0x01,0xD1,0xA4,0x78,
    0x20,0x18,0x52,0x1C,0x62,0x45,0xEF,0xDB,0x61,0x3D,0x19,0x2D,0x00,0xD8,0x40,0x1C,
    0x5B,0x1C,0x73,0x45,0xE1,0xDB,0xFC,0xBD,0xA2,0x7D,0x00,0x00,0xF8,0xB5,0x0B,0x46,
    0x14,0x21,0x41,0x56,0x15,0x24,0x04,0x57,0x89,0x01,0xA0,0x01,0x04,0x46,0x40,0x3C,
    0x00,0x25,0x00,0x94,0x5D,0x5F,0x0E,0x46,0x40,0x3E,0x6C,0x1A,0x00,0x2C,0x00,0xDC,
    0x4C,0x1B,0x02,0x21,0x59,0x5E,0x0D,0x1A,0x00,0x2D,0x00,0xDC,0x45,0x1A,0x10,0x48,
    0x31,0x46,0x42,0x43,0xD0,0x0C,0x07,0x46,0x60,0x43,0x71,0x43,0x60,0x43,0xFB,0xF7,
    0x17,0xFF,0x60,0x43,0x31,0x46,0xFB,0xF7,0x13,0xFF,0x04,0x46,0x00,0x99,0x38,0x46,
    0x68,0x43,0x49,0x43,0x68,0x43,0xFB,0xF7,0x0B,0xFF,0x68,0x43,0x00,0x99,0xFB,0xF7,
    0x07,0xFF,0x64,0x43,0x40,0x43,0x20,0x18,0x03,0xF0,0xA8,0xF8,0xF8,0xBD,0x00,0x00,
    0x0B,0x00,0x2C,0x00,0xFF,0xB5,0x85,0xB0,0x00,0x20,0x00,0x90,0x40,0x1E,0x00,0x21,
    0x0C,0x46,0x02,0x91,0x01,0x90,0x06,0x98,0x00,0x27,0x00,0x57,0xFF,0x43,0xC1,0x01,
    0x00,0x25,0xA0,0x00,0x03,0x90,0x1B,0xE0,0x05,0x9A,0x03,0x98,0xAE,0x00,0x10,0x58,
    0x82,0x5B,0x00,0x2A,0x13,0xD0,0x79,0x1C,0x06,0xD1,0x31,0x1D,0x41,0x18,0x80,0x19,
    0xFD,0xF7,0x26,0xFB,0xE9,0x01,0x47,0x18,0x05,0x99,0x03,0x98,0x08,0x58,0x31,0x1F,
    0x41,0x18,0x80,0x19,0xFD,0xF7,0x1C,0xFB,0xE9,0x01,0x80,0x31,0x09,0x1A,0x6D,0x1C,
    0x06,0x98,0x00,0x57,0xA8,0x42,0xDF,0xDC,0xC8,0x1B,0x01,0x2C,0x03,0xDD,0x2D,0x21,
    0x48,0x43,0x20,0x30,0x80,0x11,0x80,0x21,0x80,0x28,0x00,0xDD,0x01,0x46,0x08,0x98,
    0x62,0x00,0x81,0x52,0x00,0x98,0x81,0x42,0x01,0xDD,0x01,0x94,0x00,0x91,0x00,0x20,
    0x84,0x46,0x05,0x99,0x03,0x98,0x0B,0x58,0x06,0x98,0x02,0x57,0x90,0x00,0x00,0x1F,
    0x19,0x5A,0x18,0x88,0x81,0x42,0x00,0xD2,0x01,0x46,0x49,0x1C,0x01,0x20,0x52,0x1E,
    0x25,0x4F,0x96,0x46,0x13,0xE0,0x85,0x00,0x5A,0x5B,0x8A,0x42,0x00,0xDB,0x11,0x46,
    0x2E,0x1F,0x9E,0x5B,0xB2,0x42,0x09,0xD9,0x2D,0x1D,0x5D,0x5B,0xAA,0x42,0x05,0xD3,
    0x65,0x46,0x6D,0x1C,0xAC,0x46,0xBA,0x42,0x00,0xDA,0x17,0x46,0x40,0x1C,0x86,0x45,
    0xE9,0xDC,0xC8,0x1B,0x62,0x46,0x50,0x43,0x0A,0x22,0x50,0x43,0xFB,0xF7,0x88,0xFE,
    0x02,0x99,0x88,0x42,0x00,0xDD,0x02,0x90,0x64,0x1C,0x04,0x2C,0x8B,0xDB,0x01,0x98,
    0x01,0x21,0x48,0x40,0x0E,0x99,0x03,0x22,0x08,0x60,0x41,0x00,0x08,0x98,0x12,0x02,
    0x41,0x5A,0x00,0x98,0x4A,0x43,0x40,0x43,0x80,0x1A,0x82,0x00,0x80,0x18,0x0F,0x9A,
    0xC0,0x13,0x00,0x2A,0x04,0xD0,0xFF,0x22,0x81,0x32,0x91,0x42,0x00,0xDD,0x80,0x10,
    0x00,0x28,0x00,0xDA,0x00,0x20,0x07,0x9A,0x11,0x60,0x07,0x9A,0x00,0x99,0x51,0x60,
    0x02,0x99,0x09,0xB0,0x40,0x18,0xF0,0xBD,0x10,0x27,0x00,0x00,0xF7,0xB5,0x86,0x46,
    0x31,0xA2,0x07,0xCA,0x88,0xB0,0x6B,0x46,0x07,0xC3,0x70,0x46,0x03,0x79,0x80,0x79,
    0x00,0x24,0x06,0x90,0x3A,0xE0,0x42,0x79,0xC0,0x79,0x05,0x90,0x32,0xE0,0x09,0x99,
    0x14,0x20,0x08,0x56,0x0A,0x99,0x84,0x46,0x58,0x43,0x89,0x18,0x41,0x5C,0x70,0x46,
    0x00,0x7B,0xC0,0x08,0x03,0x90,0x81,0x42,0x22,0xD0,0x00,0x20,0x24,0x1D,0x09,0x9E,
    0x15,0x25,0x75,0x57,0x01,0x46,0x04,0x95,0x6E,0x46,0x75,0x56,0x76,0x18,0x02,0x27,
    0xF7,0x57,0xED,0x18,0xBE,0x18,0x04,0x9F,0xAF,0x42,0x0A,0xD9,0x67,0x46,0xB4,0x45,
    0x07,0xD9,0x6F,0x43,0xBD,0x19,0x0A,0x9E,0x76,0x5D,0x03,0x9D,0xAE,0x42,0x00,0xD1,
    0x40,0x1C,0x49,0x1C,0x08,0x29,0xE7,0xDB,0x04,0x28,0x01,0xDD,0x40,0x00,0x04,0x19,
    0x05,0x98,0x52,0x1C,0x90,0x42,0xCA,0xDA,0x06,0x98,0x5B,0x1C,0x98,0x42,0x70,0x46,
    0xC1,0xDA,0xC6,0x7A,0x70,0x00,0x00,0x19,0x41,0x10,0x08,0x46,0x48,0x43,0x48,0x43,
    0x7D,0x21,0x09,0x03,0xFB,0xF7,0x04,0xFE,0x05,0x46,0x08,0x28,0x03,0xDA,0x71,0x1C,
    0x20,0x46,0x60,0x43,0x02,0xE0,0x60,0x10,0x71,0x1C,0x60,0x43,0xFB,0xF7,0xF8,0xFD,
    0x40,0x19,0x0B,0xB0,0xF0,0xBD,0x00,0x00,0xFF,0xFF,0x00,0x01,0x01,0x01,0x00,0xFF,
    0xFF,0xFF,0x00,0x00,0xFF,0xB5,0x05,0x46,0xFF,0x20,0x83,0xB0,0x2D,0x30,0x00,0x90,
    0x00,0x20,0x04,0x46,0x01,0x90,0x04,0x98,0x01,0x21,0x00,0x57,0x02,0x90,0x02,0x2C,
    0x00,0xDB,0x00,0x21,0x40,0x18,0x03,0x28,0x5F,0xDD,0x00,0x22,0xD2,0x43,0x13,0x46,
    0x16,0x46,0x00,0x20,0x39,0xE0,0x00,0x28,0x0E,0xD0,0xA1,0x00,0x6F,0x58,0x81,0x00,
    0x09,0x1F,0x79,0x5A,0x8E,0x46,0x02,0x99,0x49,0x1E,0x81,0x42,0x08,0xD1,0xA1,0x00,
    0x6F,0x58,0x81,0x00,0x09,0x1F,0x07,0xE0,0xA1,0x00,0x69,0x58,0x89,0x88,0xF1,0xE7,
    0xA1,0x00,0x6F,0x58,0x81,0x00,0x09,0x1D,0x79,0x5A,0x87,0x00,0x8C,0x46,0xA1,0x00,
    0x69,0x58,0xC9,0x5B,0x71,0x45,0x0C,0xDD,0x61,0x45,0x0A,0xDB,0x64,0x29,0x08,0xD9,
    0x5F,0x1C,0x02,0xD0,0x57,0x1C,0x02,0xD0,0x0E,0xE0,0x0B,0x46,0x0C,0xE0,0x0A,0x46,
    0x0A,0xE0,0x71,0x45,0x08,0xDA,0x61,0x45,0x06,0xDC,0xFF,0x27,0x2D,0x37,0xB9,0x42,
    0x02,0xD2,0x51,0x1C,0x00,0xD1,0x06,0x46,0x40,0x1C,0x02,0x99,0x81,0x42,0xC2,0xDC,
    0x00,0x2E,0x1A,0xDD,0x00,0x2A,0x18,0xDD,0xA1,0x00,0x68,0x58,0xB7,0x00,0xBC,0x46,
    0xC0,0x5B,0x00,0x9F,0xB8,0x42,0x10,0xDA,0x00,0x90,0x05,0x98,0x04,0x60,0x06,0x98,
    0x06,0x60,0x69,0x58,0x60,0x46,0x09,0x5A,0x49,0x1C,0x93,0x42,0x00,0xDB,0x13,0x46,
    0x0A,0x20,0x58,0x43,0xFB,0xF7,0x7C,0xFD,0x01,0x90,0x64,0x1C,0x04,0x2C,0x92,0xDB,
    0x01,0x98,0x07,0xB0,0xF0,0xBD,0x00,0x00,0x03,0x49,0x02,0x48,0xC8,0x60,0xBF,0xF3,
    0x40,0x8F,0xFE,0xE7,0x04,0x00,0xFA,0x05,0x00,0xED,0x00,0xE0,0xF8,0xB5,0x1A,0x4C,
    0xE0,0x79,0x1A,0x4E,0xC0,0x07,0x10,0x25,0x71,0x68,0x00,0x28,0x0F,0xD0,0xE0,0x79,
    0x00,0x06,0x08,0xD5,0x67,0x88,0x88,0x47,0xB1,0x68,0x38,0x0A,0x88,0x47,0xB1,0x68,
    0xF8,0xB2,0x88,0x47,0xE5,0x71,0x12,0x49,0xA0,0x20,0x88,0x80,0xF8,0xBD,0xA0,0x79,
    0xCF,0x22,0x10,0x40,0x01,0x28,0x0F,0xD0,0x05,0x28,0x07,0xD0,0x09,0x28,0x10,0xD1,
    0x60,0x88,0xC0,0x07,0x02,0xD1,0x88,0x47,0xA5,0x71,0xF8,0xBD,0xF0,0x68,0x80,0x47,
    0x60,0x80,0x14,0x20,0xA0,0x71,0xF8,0xBD,0x60,0x88,0xB1,0x68,0xC0,0xB2,0x88,0x47,
    0xF2,0xE7,0x00,0x20,0xF6,0xE7,0x00,0x00,0x00,0x20,0x00,0x40,0xB8,0x0A,0x00,0x20,
    0x00,0x02,0x00,0x40,0x10,0xB5,0x04,0x48,0x00,0x68,0x80,0x47,0x02,0x49,0x01,0x20,
    0x09,0x1F,0x08,0x70,0x10,0xBD,0x00,0x00,0x90,0x0A,0x00,0x20,0xFE,0xB5,0x0F,0x46,
    0x91,0x69,0x00,0x91,0x11,0x78,0x15,0x46,0x01,0x29,0x0C,0xD9,0x89,0x00,0x49,0x19,
    0x8A,0x8A,0x0B,0x8A,0x52,0x00,0xD2,0x1A,0x6B,0x46,0x1A,0x80,0xCA,0x8A,0x49,0x8A,
    0x52,0x00,0x51,0x1A,0x59,0x80,0x00,0x21,0xC9,0x43,0x00,0x24,0x40,0x30,0x1A,0x4E,
    0x02,0x91,0x01,0x90,0x15,0xE0,0x28,0x78,0x16,0x21,0x80,0x00,0x40,0x19,0x41,0x5E,
    0x14,0x22,0x82,0x5E,0x20,0x01,0x8C,0x46,0xC3,0x19,0x02,0x21,0x59,0x5E,0x38,0x5E,
    0x63,0x46,0x00,0xF0,0xEE,0xFE,0xB0,0x42,0x01,0xDA,0x06,0x46,0x02,0x94,0x01,0x98,
    0x64,0x1C,0x40,0x7A,0xA0,0x42,0xE6,0xDC,0xFF,0x24,0x01,0x34,0xA6,0x42,0x11,0xDD,
    0x68,0x46,0x02,0x23,0x00,0x22,0xC3,0x5E,0x82,0x5E,0x02,0x98,0x02,0x21,0x00,0x01,
    0xC5,0x19,0x69,0x5E,0x38,0x5E,0x00,0xF0,0xD4,0xFE,0xA0,0x42,0x02,0xDD,0x00,0x20,
    0xC0,0x43,0xFE,0xBD,0x02,0x98,0xFE,0xBD,0xFF,0xFF,0x0F,0x00,0x70,0xB5,0x12,0x4D,
    0x12,0x4E,0x00,0x24,0x28,0x5D,0xFD,0xF7,0x8B,0xFD,0x31,0x19,0x64,0x1C,0xE4,0xB2,
    0x08,0x75,0x09,0x2C,0xF6,0xD3,0x00,0x24,0x28,0x19,0x00,0x7D,0xFD,0xF7,0x80,0xFD,
    0x31,0x19,0x64,0x1C,0xE4,0xB2,0x48,0x77,0x05,0x2C,0xF5,0xD3,0x09,0x20,0x70,0x70,
    0x05,0x20,0x30,0x70,0x05,0x48,0x1D,0x30,0x70,0x60,0x09,0x38,0xB0,0x60,0x02,0x48,
    0x35,0x61,0x14,0x30,0xF0,0x60,0x70,0xBD,0x30,0x7C,0x00,0x00,0x48,0x00,0x00,0x20,
    0x70,0xB5,0x24,0x4D,0x86,0xB0,0x20,0x26,0x6E,0x70,0xFF,0xF7,0xAB,0xF8,0x22,0x4C,
    0x01,0x22,0x61,0x7A,0x20,0x7A,0xFD,0xF7,0x95,0xFF,0x10,0x20,0x28,0x70,0x6E,0x70,
    0xFF,0x21,0xA9,0x76,0xA2,0x7F,0xA8,0x19,0x02,0x70,0x01,0x22,0x42,0x70,0xE9,0x77,
    0xFE,0x21,0x41,0x75,0x03,0x20,0x00,0x06,0x28,0x61,0xFF,0xF7,0xB7,0xFF,0xA5,0x1B,
    0x29,0x8B,0x00,0x20,0xFE,0xF7,0x9A,0xFB,0x21,0x46,0x14,0x4A,0x4E,0x31,0x01,0x92,
    0x0A,0x46,0x12,0x4B,0x00,0x91,0x32,0x3A,0x2C,0x39,0x11,0x48,0x22,0x3B,0xFE,0xF7,
    0x21,0xFC,0xA8,0x7E,0x01,0xF0,0x18,0xFD,0x0E,0x48,0x02,0x46,0x4C,0xCA,0xC1,0x68,
    0x02,0xA8,0x4C,0xC0,0x05,0x91,0xEA,0x7F,0xE1,0x78,0x01,0x92,0x00,0x91,0x23,0x78,
    0x62,0x78,0xA1,0x78,0xA8,0x7F,0xFD,0xF7,0xF1,0xFE,0xFB,0xF7,0x77,0xFD,0x06,0xB0,
    0x70,0xBD,0x00,0x00,0x0C,0x00,0x00,0x20,0xB0,0x7C,0x00,0x00,0x6A,0x00,0x00,0x20,
    0xA4,0x02,0x00,0x20,0x20,0x7C,0x00,0x00,0xFF,0xB5,0x83,0xB0,0x59,0x4C,0x06,0x46,
    0x04,0x99,0x20,0x7D,0x02,0x90,0x00,0x29,0x0B,0xD1,0x00,0x28,0x06,0xD0,0x40,0x1E,
    0x00,0x06,0x00,0x0E,0x20,0x75,0x03,0xD1,0x60,0x75,0x9D,0xE0,0xFE,0x20,0x60,0x75,
    0x9D,0xE0,0x51,0x4D,0xB0,0x89,0xE4,0x22,0xA9,0x88,0x50,0x43,0xFB,0xF7,0x22,0xFC,
    0x87,0xB2,0xF0,0x89,0xFF,0x22,0xCD,0x32,0xE9,0x88,0x50,0x43,0xFB,0xF7,0x1A,0xFC,
    0x85,0xB2,0x06,0x98,0x00,0x28,0x08,0xD1,0x05,0x98,0x01,0x28,0x05,0xD8,0x04,0x98,
    0x01,0x28,0x02,0xD8,0x30,0x78,0x00,0x28,0x01,0xD0,0xFF,0x20,0x39,0xE0,0xB0,0x78,
    0x01,0x28,0x42,0x48,0x03,0xD1,0x47,0x85,0x85,0x85,0x00,0x21,0x01,0xE0,0x41,0x8E,
    0x49,0x1C,0x41,0x86,0x15,0x20,0x20,0x56,0x80,0x1C,0x3A,0xD1,0x70,0x78,0x80,0x06,
    0x16,0xD0,0x3A,0x4A,0x2C,0x21,0x2A,0x20,0x51,0x5E,0x10,0x5E,0x2B,0xB2,0x3A,0xB2,
    0x00,0xF0,0xFF,0xFD,0x14,0x28,0x08,0xD8,0x34,0x48,0x40,0x8E,0x1E,0x28,0x04,0xD8,
    0x31,0x48,0x40,0x30,0x00,0x7A,0xC0,0x07,0x23,0xD0,0x10,0x20,0x60,0x75,0x20,0xE0,
    0x02,0x98,0x00,0x28,0x16,0xD0,0x2D,0x4D,0x2C,0x23,0x2A,0x22,0x30,0x21,0x2E,0x20,
    0xEB,0x5E,0xAA,0x5E,0x69,0x5E,0x28,0x5E,0x00,0xF0,0xE3,0xFD,0x64,0x28,0x04,0xD9,
    0x10,0x20,0x60,0x75,0x00,0x20,0x20,0x75,0x41,0xE0,0x01,0x20,0x60,0x75,0x00,0x20,
    0x20,0x75,0x39,0xE0,0x21,0x48,0x41,0x8D,0xC1,0x85,0x81,0x8D,0x01,0x86,0x14,0x20,
    0x20,0x75,0x15,0x20,0x20,0x56,0x00,0x28,0x31,0xD0,0x40,0x1C,0x2F,0xD0,0x1B,0x48,
    0x41,0x8E,0x3C,0x29,0x2B,0xD2,0x02,0x46,0x2C,0x21,0x2A,0x20,0x51,0x5E,0x10,0x5E,
    0x2B,0xB2,0x3A,0xB2,0x00,0xF0,0xBD,0xFD,0x28,0x28,0x14,0xD9,0x62,0x7D,0x13,0x48,
    0x00,0x92,0x81,0x8D,0x40,0x8D,0x2B,0x46,0x3A,0x46,0xFC,0xF7,0x1B,0xFD,0x15,0x21,
    0x61,0x56,0x8A,0x1C,0x03,0xD0,0x81,0x42,0x02,0xD0,0x81,0x1C,0x00,0xD0,0x60,0x75,
    0x0A,0x48,0x47,0x85,0x85,0x85,0x70,0x78,0x80,0x06,0x08,0xD1,0x15,0x20,0x20,0x56,
    0x02,0x28,0x04,0xDB,0x05,0x28,0x02,0xDC,0x01,0x20,0x07,0xB0,0xF0,0xBD,0x00,0x20,
    0xFB,0xE7,0x00,0x00,0x2C,0x00,0x00,0x20,0x94,0x03,0x00,0x20,0x0C,0x00,0x00,0x20,
    0x30,0xB5,0x0D,0x4D,0x00,0x20,0x2C,0x78,0x11,0xE0,0x41,0x00,0x49,0x19,0xFF,0x31,
    0x41,0x31,0x4A,0x89,0x0B,0x88,0xD1,0x1A,0x00,0x29,0x00,0xDC,0x99,0x1A,0x07,0x4A,
    0xD2,0x7C,0x91,0x42,0x01,0xDD,0x01,0x20,0x30,0xBD,0x40,0x1C,0x80,0xB2,0x84,0x42,
    0xEB,0xD8,0x00,0x20,0x30,0xBD,0x00,0x00,0x48,0x00,0x00,0x20,0x50,0x7C,0x00,0x00,
    0x02,0x46,0x00,0x29,0x03,0xD0,0xD1,0x78,0x01,0x20,0x64,0x29,0x00,0xD8,0x00,0x20,
    0x70,0x47,0x00,0x00,0x10,0xB5,0xFF,0xF7,0xC3,0xFE,0x0B,0x4C,0x20,0x78,0x10,0x28,
    0x04,0xD0,0x11,0x28,0xFA,0xD1,0xFF,0xF7,0x95,0xF9,0xF7,0xE7,0x00,0xF0,0x42,0xFC,
    0x00,0xF0,0x94,0xFA,0x00,0xF0,0x8E,0xFC,0x00,0xF0,0x92,0xFB,0x00,0xF0,0xA8,0xFA,
    0x00,0xF0,0x72,0xFC,0xEA,0xE7,0x00,0x00,0x0C,0x00,0x00,0x20,0x03,0x46,0x00,0x20,
    0x07,0xE0,0x4C,0x22,0x42,0x43,0xD2,0x18,0x12,0x7C,0x12,0x07,0x04,0xD0,0x40,0x1C,
    0xC0,0xB2,0x88,0x42,0xF5,0xD3,0xFF,0x20,0x70,0x47,0x00,0x00,0x10,0xB5,0xFF,0x30,
    0x01,0x30,0xC4,0x6A,0xE0,0x6B,0x81,0x78,0x4C,0x20,0x41,0x43,0xA0,0x6B,0xFB,0xF7,
    0x72,0xFB,0x02,0x48,0xA0,0x60,0x00,0x20,0x10,0xBD,0x00,0x00,0x51,0x4A,0x00,0x00,
    0xF7,0xB5,0x8A,0xB0,0x0A,0x98,0x02,0x21,0x80,0x6B,0x05,0x90,0x0A,0x98,0x15,0x46,
    0xC0,0x6B,0x41,0x56,0x0A,0x98,0x08,0x91,0x40,0x30,0x80,0x8A,0x06,0x90,0x00,0xF0,
    0xF7,0xF9,0x06,0x46,0x3C,0x48,0x04,0x90,0xFF,0x20,0x03,0x90,0x00,0x27,0x07,0x90,
    0x2D,0xE0,0x00,0x24,0x28,0xE0,0x38,0x46,0x68,0x43,0x00,0x19,0x40,0x00,0x36,0x49,
    0x09,0x90,0x31,0x52,0x4C,0x20,0x05,0x99,0x78,0x43,0x40,0x18,0x01,0x7C,0x09,0x07,
    0x19,0xD0,0x38,0x21,0x41,0x5E,0x3A,0x23,0x8C,0x46,0xC3,0x5E,0x0B,0x99,0x20,0x01,
    0x42,0x18,0x02,0x21,0x51,0x5E,0x0B,0x9A,0x10,0x5E,0x62,0x46,0x00,0xF0,0xF1,0xFC,
    0x06,0x99,0x88,0x42,0x07,0xDC,0x09,0x99,0x70,0x52,0x04,0x99,0x88,0x42,0x02,0xDA,
    0x07,0x97,0x03,0x94,0x04,0x90,0x64,0x1C,0xAC,0x42,0xD4,0xDB,0x7F,0x1C,0x08,0x98,
    0x87,0x42,0xCE,0xDB,0xFF,0x20,0x05,0x90,0x04,0x90,0x1F,0x4B,0x00,0x20,0x1B,0xE0,
    0x00,0x21,0x07,0x46,0x6F,0x43,0x14,0xE0,0x7A,0x18,0x52,0x00,0xB2,0x5A,0x1A,0x4C,
    0xA2,0x42,0x0D,0xD0,0x07,0x9C,0xA0,0x42,0x0A,0xD0,0x03,0x9C,0xA1,0x42,0x07,0xD0,
    0x06,0x9C,0xA2,0x42,0x04,0xDC,0x9A,0x42,0x02,0xDA,0x13,0x46,0x05,0x91,0x04,0x90,
    0x49,0x1C,0xA9,0x42,0xE8,0xDB,0x40,0x1C,0x08,0x99,0x88,0x42,0xE0,0xDB,0xFF,0x22,
    0x0A,0x21,0x68,0x46,0xFB,0xF7,0xF0,0xFA,0x03,0x98,0x6A,0x46,0xA8,0x42,0x02,0xDA,
    0x03,0x99,0x07,0x98,0x50,0x54,0x05,0x98,0xA8,0x42,0x02,0xDA,0x05,0x99,0x04,0x98,
    0x50,0x54,0x13,0x46,0x2A,0x46,0x0B,0x99,0x0A,0x98,0x00,0xF0,0x65,0xF8,0x00,0xF0,
    0x95,0xF9,0x08,0x98,0x0D,0xB0,0xF0,0xBD,0xFF,0x7F,0x00,0x00,0xF8,0xB5,0x8C,0x46,
    0xCB,0x6B,0x01,0x68,0x00,0x91,0x24,0x21,0x6D,0x46,0x00,0x22,0x41,0x5E,0xAA,0x5E,
    0x02,0x24,0x8A,0x1A,0x26,0x21,0x41,0x5E,0x2C,0x5F,0x09,0x1B,0x14,0x24,0x04,0x5F,
    0xA4,0x18,0x16,0x22,0x82,0x5E,0x55,0x18,0x21,0x46,0x2A,0x46,0x61,0x43,0x6A,0x43,
    0x8F,0x18,0x41,0x7C,0x02,0x8B,0x8E,0x46,0xCE,0x09,0xC1,0x7E,0x49,0x43,0xB9,0x42,
    0x16,0xDD,0x00,0x2E,0x07,0xD1,0x56,0x27,0xFF,0x5C,0x1A,0x49,0xBA,0x18,0x8A,0x42,
    0x00,0xDC,0x11,0x46,0x0A,0x46,0x20,0x33,0x99,0x78,0x0A,0x23,0x59,0x43,0x91,0x42,
    0x03,0xDA,0x01,0x26,0x00,0x24,0x25,0x46,0x22,0x46,0x00,0x21,0x81,0x76,0x16,0xE0,
    0x89,0x00,0xB9,0x42,0x02,0xDA,0x27,0x21,0xC9,0x5C,0x01,0xE0,0x81,0x7E,0x49,0x1C,
    0x81,0x76,0x20,0x33,0xDB,0x79,0xC9,0xB2,0x99,0x42,0x08,0xD3,0x00,0x26,0x61,0x46,
    0x60,0x31,0x89,0x7A,0x32,0x46,0x34,0x46,0x35,0x46,0xC1,0x76,0xE5,0xE7,0x71,0x46,
    0x49,0x06,0x49,0x0E,0xF3,0x01,0x19,0x43,0x41,0x74,0x02,0x83,0x84,0x82,0xC5,0x82,
    0xF8,0xBD,0x00,0x00,0xFF,0xFF,0x00,0x00,0xFF,0xB5,0x85,0xB0,0x05,0x98,0x80,0x6B,
    0x00,0x90,0x05,0x98,0xC4,0x6B,0xA0,0x78,0x02,0x90,0x00,0x20,0x01,0x90,0x05,0x46,
    0x03,0x90,0x8C,0xE0,0x08,0x98,0x47,0x5D,0xFF,0x2F,0x44,0xD0,0x4C,0x20,0x00,0x99,
    0x78,0x43,0x40,0x18,0x41,0x7C,0xC9,0x09,0x06,0xD0,0x06,0x99,0x2A,0x01,0x51,0x18,
    0x49,0x7B,0x62,0x7F,0x91,0x42,0x74,0xD9,0x41,0x7B,0x2B,0x01,0x4A,0x00,0x8A,0x18,
    0x06,0x99,0x59,0x18,0x4B,0x7B,0xD2,0x18,0x92,0x08,0x96,0x46,0xC2,0x7A,0x53,0x00,
    0xD2,0x18,0xCB,0x7A,0xD2,0x18,0x43,0x6A,0x83,0x62,0x92,0x08,0x03,0x68,0x94,0x46,
    0x43,0x62,0x42,0x7B,0x82,0x74,0x0A,0x46,0x4C,0xCA,0xC9,0x68,0x4C,0xC0,0x0C,0x38,
    0xC1,0x60,0x72,0x46,0x42,0x73,0x62,0x46,0xC2,0x72,0x01,0x7C,0x09,0x07,0x09,0x0F,
    0x01,0x74,0x0A,0x29,0x06,0xD2,0x04,0x22,0xD1,0x41,0x92,0x06,0x89,0x18,0x1C,0x22,
    0xD1,0x41,0x01,0x74,0x01,0x20,0x01,0x99,0xB8,0x40,0x08,0x43,0x01,0x90,0x03,0x98,
    0x40,0x1C,0x03,0x90,0x42,0xE0,0x06,0x98,0x29,0x01,0x0E,0x18,0x70,0x7B,0x61,0x7F,
    0x88,0x42,0x36,0xD9,0x02,0x98,0xC1,0xB2,0x00,0x98,0xFF,0xF7,0x8F,0xFE,0x84,0x46,
    0xFF,0x28,0x33,0xD0,0x4C,0x21,0x48,0x43,0x00,0x99,0x41,0x18,0x48,0x7C,0x40,0x06,
    0x40,0x0E,0x48,0x74,0x05,0x98,0x60,0x30,0x40,0x7A,0xC8,0x76,0x20,0x46,0x20,0x30,
    0x82,0x7A,0xC0,0x7A,0x10,0x18,0x40,0x08,0x08,0x77,0x30,0x46,0x8D,0xC8,0x8D,0xC1,
    0x10,0x39,0x32,0x68,0x4A,0x62,0x72,0x7B,0x8A,0x74,0x0C,0xCE,0xCB,0x63,0x8A,0x63,
    0x08,0x7C,0x62,0x46,0x00,0x09,0x00,0x01,0x40,0x1C,0x08,0x74,0x52,0x06,0x52,0x0E,
    0x4A,0x74,0x61,0x46,0x01,0x20,0x88,0x40,0x01,0x99,0x08,0x43,0x01,0x90,0x05,0xE0,
    0xFF,0xE7,0x20,0x46,0x40,0x30,0x41,0x7A,0x49,0x1E,0x41,0x72,0x6D,0x1C,0x07,0x98,
    0x85,0x42,0x00,0xD2,0x6E,0xE7,0x00,0x21,0x3A,0xE0,0x01,0x20,0x01,0x9A,0x88,0x40,
    0x10,0x42,0x34,0xD1,0x4C,0x20,0x00,0x9A,0x48,0x43,0x80,0x18,0x02,0x7C,0x13,0x07,
    0x2D,0xD0,0x28,0x23,0x24,0x25,0xC3,0x5E,0x45,0x5F,0x26,0x26,0x5B,0x1B,0x2A,0x25,
    0x45,0x5F,0x86,0x5F,0x5B,0x43,0xAD,0x1B,0x6D,0x43,0x5D,0x19,0x13,0x07,0x12,0x09,
    0x52,0x1C,0x12,0x07,0x1B,0x0F,0x12,0x0E,0x13,0x43,0x03,0x74,0x46,0x6A,0x86,0x62,
    0x06,0x68,0x46,0x62,0x42,0x7C,0xD2,0x09,0x06,0xD1,0xFF,0x2D,0x04,0xDD,0x05,0x9A,
    0x5C,0x25,0x55,0x5F,0x0A,0x2D,0x08,0xDD,0x24,0x22,0x12,0x5D,0x1B,0x07,0x1B,0x0F,
    0x52,0x1C,0x12,0x01,0x13,0x43,0x03,0x74,0x01,0xE0,0x82,0x6B,0x02,0x60,0x49,0x1C,
    0x02,0x98,0x81,0x42,0xC1,0xDB,0x00,0x25,0x20,0xE0,0x4C,0x20,0x00,0x99,0x68,0x43,
    0x40,0x18,0x01,0x7C,0x0A,0x07,0x23,0x21,0x09,0x5D,0x12,0x0F,0x49,0x1C,0x8A,0x42,
    0x08,0xD8,0x8A,0x42,0x11,0xD1,0x41,0x7C,0x80,0x22,0x11,0x43,0x41,0x74,0x01,0x68,
    0x01,0x62,0x0A,0xE0,0x05,0x99,0xC9,0x6B,0x89,0x68,0x89,0x06,0x02,0xD5,0x03,0x99,
    0x01,0x29,0x08,0xD0,0x05,0x99,0xFF,0xF7,0xA1,0xFE,0x6D,0x1C,0x02,0x98,0x85,0x42,
    0xDB,0xDB,0x09,0xB0,0xF0,0xBD,0x41,0x7C,0x49,0x06,0x49,0x0E,0x41,0x74,0xF4,0xE7,
    0x10,0xB5,0x04,0x46,0x00,0x20,0x20,0x5E,0x01,0x22,0x05,0xE0,0x53,0x00,0xE3,0x5E,
    0x83,0x42,0x00,0xDD,0x18,0x46,0x52,0x1C,0x8A,0x42,0xF7,0xDB,0x10,0xBD,0x00,0x00,
    0x09,0x48,0x01,0x21,0x00,0x68,0xC1,0x70,0x82,0x78,0x91,0x00,0x09,0x18,0x09,0x1D,
    0x00,0x2A,0x04,0xD0,0x0A,0x1F,0x13,0x88,0x52,0x88,0x9A,0x18,0x0A,0x80,0x09,0x88,
    0x40,0x30,0x08,0x18,0x70,0x47,0x00,0x00,0x3C,0x0B,0x00,0x20,0x02,0x48,0x00,0x21,
    0x00,0x68,0xC1,0x70,0x70,0x47,0x00,0x00,0x3C,0x0B,0x00,0x20,0x10,0xB5,0x0D,0x49,
    0x00,0x22,0x09,0x68,0x00,0x28,0xCA,0x70,0x0B,0xD0,0x0B,0x4A,0xC0,0x1C,0x10,0x40,
    0x8A,0x78,0x0B,0x88,0x92,0x00,0x52,0x18,0x94,0x88,0x1B,0x1B,0x9B,0xB2,0x98,0x42,
    0x01,0xD9,0x00,0x20,0x10,0xBD,0xD0,0x80,0x88,0x78,0x40,0x1C,0x88,0x70,0x01,0x20,
    0x10,0xBD,0x00,0x00,0x3C,0x0B,0x00,0x20,0xFC,0xFF,0x00,0x00,0x30,0xB5,0x08,0x49,
    0x09,0x68,0x8B,0x78,0x0C,0x46,0x9A,0x00,0x52,0x18,0x15,0x88,0x40,0x34,0x2C,0x19,
    0x84,0x42,0x03,0xD1,0x5B,0x1E,0x8B,0x70,0x50,0x88,0x30,0xBD,0x00,0x20,0x30,0xBD,
    0x3C,0x0B,0x00,0x20,0x04,0x4A,0x40,0x39,0x10,0x60,0x01,0x80,0x00,0x21,0x81,0x70,
    0xC1,0x70,0x81,0x80,0x70,0x47,0x00,0x00,0x3C,0x0B,0x00,0x20,0x10,0xB5,0x0B,0x4C,
    0x60,0x7A,0x01,0x28,0x05,0xD1,0xFD,0xF7,0xA7,0xFF,0x01,0xF0,0x47,0xFA,0x00,0x20,
    0x60,0x72,0xFB,0xF7,0x87,0xF9,0x00,0x28,0x04,0xDA,0xFC,0xF7,0xAB,0xFF,0x01,0x20,
    0x60,0x70,0x10,0xBD,0x01,0xF0,0xE8,0xF9,0x10,0xBD,0x00,0x00,0x2C,0x00,0x00,0x20,
    0xF8,0xB5,0x6C,0x4F,0x24,0x20,0x3D,0x46,0x78,0x70,0x00,0x26,0x20,0x35,0x6A,0x4C,
    0xAE,0x75,0xA0,0x7E,0x00,0x90,0x01,0xF0,0xD5,0xFB,0x20,0x46,0x20,0x30,0x81,0x7E,
    0x02,0x29,0x06,0xD1,0x79,0x7D,0x00,0x29,0x03,0xD1,0x00,0x8B,0x02,0xF0,0xEA,0xFD,
    0xBE,0x70,0x0C,0x22,0x61,0x49,0x62,0x48,0xFB,0xF7,0xA6,0xF8,0xFD,0xF7,0x74,0xFF,
    0x02,0xF0,0xCC,0xFD,0xB8,0x89,0x00,0x28,0x03,0xD0,0xFF,0xF7,0xF1,0xFC,0x00,0x28,
    0x0D,0xD1,0xF8,0x89,0x00,0x28,0x0B,0xD0,0x00,0x98,0x01,0xF0,0x25,0xF9,0x01,0x22,
    0x21,0x21,0x04,0x20,0x02,0xF0,0x04,0xFE,0xF8,0x89,0x40,0x1E,0xF8,0x81,0x9C,0xE0,
    0xA8,0x79,0x00,0x28,0x01,0xD0,0xFD,0xF7,0x79,0xFA,0x38,0x7F,0x00,0x28,0x05,0xD1,
    0xB8,0x7F,0x00,0x28,0x02,0xD0,0xE0,0x8A,0xB8,0x81,0xFE,0x81,0xB8,0x89,0x00,0x28,
    0x02,0xD1,0x00,0x98,0x01,0xF0,0x08,0xF9,0x28,0x79,0x00,0x28,0x71,0xD1,0x38,0x7F,
    0x00,0x28,0x06,0xD1,0xB8,0x89,0xE1,0x8A,0x88,0x42,0x02,0xD3,0x78,0x7F,0x00,0x28,
    0x02,0xD0,0xA8,0x78,0x00,0x28,0x3F,0xD0,0xE0,0x8A,0x42,0x4A,0xB8,0x81,0x01,0x21,
    0x90,0x68,0x49,0x02,0x88,0x43,0x90,0x60,0x3B,0x48,0x20,0x38,0x41,0x7B,0x10,0x46,
    0x20,0x30,0x41,0x74,0x68,0x7A,0x02,0x28,0x1C,0xD1,0x3B,0x48,0x3A,0x49,0x40,0x78,
    0x09,0x78,0x48,0x43,0x38,0x49,0x42,0x00,0x22,0x31,0x08,0x46,0x5A,0x30,0xFB,0xF7,
    0x4B,0xF8,0x35,0x48,0x35,0x49,0x00,0x78,0x42,0x00,0x08,0x46,0x0A,0x30,0xFB,0xF7,
    0x43,0xF8,0x31,0x48,0x31,0x49,0x40,0x78,0x2E,0x39,0x42,0x00,0x08,0x46,0x12,0x30,
    0xFB,0xF7,0x3A,0xF8,0x02,0xF0,0x9A,0xF8,0x68,0x7A,0x01,0x28,0x05,0xD1,0x26,0x48,
    0xE1,0x8A,0x60,0x30,0xC0,0x79,0x08,0x1A,0x04,0xE0,0x04,0x28,0x01,0xD1,0xBE,0x81,
    0x35,0xE0,0xE0,0x8A,0xB8,0x81,0x32,0xE0,0xB8,0x89,0xA1,0x8A,0x88,0x42,0x02,0xD1,
    0xE0,0x7E,0x01,0xF0,0xB1,0xF8,0x01,0x20,0xFC,0xF7,0x16,0xFF,0x20,0x7F,0x00,0x28,
    0x18,0xD0,0x78,0x7F,0x00,0x28,0x15,0xD1,0x38,0x7F,0x00,0x28,0x12,0xD1,0x68,0x7A,
    0x03,0x28,0x0F,0xD0,0xFD,0xF7,0xF0,0xFA,0x01,0x22,0x22,0x21,0x05,0x20,0x02,0xF0,
    0x7F,0xFD,0x04,0x46,0xFD,0xF7,0xE2,0xFA,0x00,0x21,0x06,0x20,0xFD,0xF7,0x06,0xFF,
    0x06,0xE0,0x11,0xE0,0x01,0x22,0x21,0x21,0x05,0x20,0x02,0xF0,0x71,0xFD,0x04,0x46,
    0x60,0x07,0x04,0xD4,0x01,0x22,0x21,0x21,0x04,0x20,0x02,0xF0,0x69,0xFD,0x78,0x7F,
    0x40,0x1E,0xFE,0x28,0x00,0xD2,0x78,0x77,0xAE,0x75,0x00,0x21,0x01,0x20,0xFD,0xF7,
    0xED,0xFE,0xF8,0xBD,0x0C,0x00,0x00,0x20,0x90,0x7C,0x00,0x00,0x54,0x03,0x00,0x20,
    0x60,0x03,0x00,0x20,0x94,0x03,0x00,0x20,0x48,0x00,0x00,0x20,0x88,0x01,0x00,0x20,
    0xFE,0xB5,0x00,0x24,0x4C,0x49,0x00,0x94,0x8A,0x88,0x4C,0x49,0x01,0x27,0x89,0x7C,
    0x38,0x46,0x8A,0x42,0x00,0xD8,0x00,0x20,0x49,0x4B,0x4A,0x4D,0x18,0x82,0x23,0x20,
    0x68,0x70,0x49,0x4E,0x68,0x68,0x32,0x68,0x81,0x1A,0xC9,0x02,0x90,0x42,0x02,0xD9,
    0x01,0x22,0xD2,0x03,0x01,0xE0,0x0F,0x22,0xD2,0x02,0x89,0x18,0x09,0x0C,0x42,0x4E,
    0x59,0x82,0x30,0x60,0x68,0x46,0xFB,0xF7,0x9F,0xF8,0x40,0x48,0x3C,0x49,0xC0,0x6A,
    0x18,0x31,0x02,0xF0,0xB2,0xFA,0x70,0x60,0xC1,0xB2,0x39,0x48,0xEC,0x76,0x18,0x30,
    0xFF,0xF7,0x1E,0xFC,0x37,0x4E,0x20,0x36,0x00,0x28,0x01,0xD0,0xF7,0x70,0x00,0xE0,
    0xF4,0x70,0x35,0x48,0x48,0x30,0x01,0x90,0x00,0x7A,0x81,0x07,0xC9,0x0F,0x31,0x71,
    0xC0,0x06,0x0A,0xD5,0x30,0x49,0x01,0x22,0x08,0x31,0x88,0x68,0x52,0x02,0x10,0x43,
    0x88,0x60,0x2D,0x48,0x0A,0x21,0x28,0x30,0x41,0x74,0xA8,0x7E,0xFF,0x28,0x0B,0xD1,
    0x29,0x48,0x40,0x68,0xC1,0xB2,0x26,0x48,0x18,0x30,0xFE,0xF7,0xED,0xFB,0x00,0x28,
    0x1D,0xD0,0xFF,0x20,0xE8,0x76,0x1A,0xE0,0xF0,0x28,0x18,0xD1,0x70,0x79,0x00,0x28,
    0x18,0xD1,0x21,0x48,0xF7,0x78,0x40,0x68,0x6B,0x46,0xC1,0xB2,0x1C,0x48,0x1A,0x78,
    0x18,0x30,0x3B,0x46,0xFF,0xF7,0x08,0xFB,0x00,0x28,0x08,0xD0,0x70,0x7D,0xFE,0xF7,
    0xB3,0xFB,0x00,0x28,0x01,0xD0,0xF0,0x20,0xE8,0x76,0xFE,0x20,0x70,0x75,0x70,0x79,
    0x00,0x28,0x09,0xD0,0x6B,0x46,0x18,0x78,0x00,0x28,0x03,0xD1,0x12,0x48,0x40,0x68,
    0x00,0x28,0x01,0xDD,0xEC,0x76,0x00,0xE0,0x74,0x71,0x01,0x98,0x6B,0x46,0xC0,0x7A,
    0x19,0x78,0x08,0x43,0x05,0xD1,0x28,0x7D,0x00,0x28,0x02,0xD1,0xE8,0x7F,0xFF,0x28,
    0x02,0xD0,0x74,0x72,0xAC,0x81,0xFE,0xBD,0xA8,0x89,0x09,0x49,0x88,0x42,0xFA,0xD2,
    0x40,0x1C,0xA8,0x81,0xFE,0xBD,0x00,0x00,0xA4,0x02,0x00,0x20,0x10,0x7D,0x00,0x00,
    0x5C,0x0A,0x00,0x20,0x0C,0x00,0x00,0x20,0x8C,0x03,0x00,0x20,0x94,0x04,0x00,0x20,
    0xFF,0x7F,0x00,0x00,0x70,0xB5,0x19,0x4D,0x21,0x20,0x68,0x70,0x18,0x48,0x2C,0x46,
    0x80,0x7F,0x20,0x34,0x20,0x70,0x17,0x48,0x00,0x26,0x81,0x7A,0xCA,0x29,0x06,0xD1,
    0x01,0x7C,0x00,0x29,0x03,0xD0,0x01,0x21,0x61,0x70,0x06,0x74,0x02,0xE0,0x60,0x78,
    0x00,0x28,0x16,0xD0,0xFA,0xF7,0xF6,0xFF,0x01,0x20,0x01,0xF0,0xA7,0xF8,0xFC,0xF7,
    0xAD,0xFD,0x00,0x28,0x01,0xD0,0x66,0x70,0x07,0xE0,0x60,0x78,0x05,0x28,0x02,0xD8,
    0x40,0x1C,0x60,0x70,0x01,0xE0,0xAB,0x20,0x28,0x76,0x02,0xF0,0x2F,0xFC,0x01,0xF0,
    0x75,0xF8,0x00,0x20,0x01,0xF0,0x92,0xF8,0x70,0xBD,0x00,0x00,0x0C,0x00,0x00,0x20,
    0xB0,0x7C,0x00,0x00,0x76,0x03,0x00,0x20,0x10,0xB5,0x09,0x4C,0x26,0x20,0x60,0x70,
    0x20,0x7D,0x00,0x28,0x03,0xD1,0xE0,0x7E,0xA1,0x7E,0x88,0x42,0x01,0xD1,0x00,0xF0,
    0xBD,0xFE,0x01,0xF0,0x5B,0xF8,0xA0,0x68,0x40,0x1C,0xA0,0x60,0x10,0xBD,0x00,0x00,
    0x0C,0x00,0x00,0x20,0x70,0x47,0xFF,0xB5,0xFF,0x31,0x01,0x31,0xCD,0x6A,0x00,0x20,
    0x2E,0x46,0x81,0xB0,0x1F,0x46,0x04,0x46,0xA0,0x36,0x0D,0xE0,0xE1,0x00,0x49,0x19,
    0xA4,0x22,0x52,0x5A,0x52,0x0B,0xBA,0x42,0x05,0xD1,0x80,0x31,0x8B,0x6A,0x29,0x46,
    0x03,0x9A,0x01,0x98,0x98,0x47,0x64,0x1C,0x00,0x21,0x71,0x56,0xA1,0x42,0xED,0xDC,
    0x05,0xB0,0xF0,0xBD,0x10,0xB5,0x04,0x46,0x08,0x4B,0x1E,0x22,0x04,0x21,0x00,0xF0,
    0x77,0xF8,0xFF,0x34,0x01,0x34,0xE4,0x6A,0xFF,0xF7,0x7A,0xFD,0x80,0x34,0x60,0x61,
    0x6C,0x20,0xFF,0xF7,0x93,0xFD,0x00,0x20,0x10,0xBD,0x00,0x00,0x55,0x55,0x00,0x00,
    0x10,0xB5,0x03,0x4B,0x0A,0x22,0x04,0x21,0x00,0xF0,0x62,0xF8,0x00,0x20,0x10,0xBD,
    0x1B,0x57,0x00,0x00,0x10,0xB5,0x03,0x4B,0x28,0x22,0x04,0x21,0x00,0xF0,0x58,0xF8,
    0x00,0x20,0x10,0xBD,0xD1,0x57,0x00,0x00,0x70,0xB5,0x04,0x46,0x09,0x4B,0x1E,0x22,
    0x01,0x21,0x00,0xF0,0x4D,0xF8,0xFF,0x20,0x2D,0x30,0x06,0x59,0x65,0x78,0x24,0x78,
    0xFF,0xF7,0x4E,0xFD,0x65,0x43,0xF0,0x62,0x68,0x00,0xFF,0xF7,0x67,0xFD,0x00,0x20,
    0x70,0xBD,0x00,0x00,0x15,0x58,0x00,0x00,0x10,0xB5,0x03,0x4B,0x0A,0x22,0x03,0x21,
    0x00,0xF0,0x36,0xF8,0x00,0x20,0x10,0xBD,0xCB,0x58,0x00,0x00,0xF8,0xB5,0x04,0x46,
    0xFF,0xF7,0xB0,0xFF,0x12,0x4B,0x0B,0x22,0x03,0x21,0x20,0x46,0x00,0xF0,0x28,0xF8,
    0xFF,0x20,0x2D,0x30,0x05,0x59,0x60,0x78,0x21,0x78,0x48,0x43,0x47,0x00,0xFF,0xF7,
    0x27,0xFD,0x2E,0x46,0x80,0x36,0xF0,0x61,0x38,0x46,0xFF,0xF7,0x3F,0xFD,0xFF,0xF7,
    0x1F,0xFD,0xB0,0x61,0x60,0x78,0x21,0x78,0x48,0x43,0xFF,0xF7,0x37,0xFD,0x05,0x48,
    0xA8,0x67,0x05,0x48,0xE8,0x67,0x05,0x48,0xF0,0x60,0x00,0x20,0xF8,0xBD,0x00,0x00,
    0x19,0x5B,0x00,0x00,0x05,0x09,0x00,0x00,0x7D,0x06,0x00,0x00,0x3D,0x42,0x00,0x00,
    0xF0,0xB5,0xFF,0x24,0x2D,0x34,0x25,0x58,0x00,0x24,0xA0,0x27,0x7E,0x57,0x06,0xE0,
    0xE7,0x00,0x7F,0x19,0x80,0x37,0xBF,0x6A,0x00,0x2F,0x03,0xD0,0x64,0x1C,0xA6,0x42,
    0xF6,0xDC,0xF0,0xBD,0xE4,0x00,0x65,0x19,0x2C,0x46,0xA0,0x34,0xA6,0x88,0x49,0x03,
    0xF6,0x04,0xF6,0x0C,0x0E,0x43,0x71,0x0B,0xD2,0x04,0x49,0x03,0xD2,0x0C,0x11,0x43,
    0x80,0x35,0xA1,0x80,0xE0,0x30,0xAB,0x62,0x01,0x7F,0xA1,0x71,0x40,0x7F,0xE0,0x71,
    0xF0,0xBD,0x10,0xB5,0x84,0x1A,0x00,0x2C,0x00,0xDC,0x14,0x1A,0xCA,0x1A,0xA0,0xB2,
    0x00,0x2A,0x00,0xDC,0x5A,0x1A,0x91,0xB2,0x88,0x42,0x02,0xD2,0x02,0x46,0x08,0x46,
    0x00,0xE0,0x0A,0x46,0x52,0x43,0x41,0x00,0x91,0x42,0x01,0xD3,0x80,0xB2,0x10,0xBD,
    0x40,0x43,0x80,0x18,0x01,0xF0,0x92,0xFF,0x10,0xBD,0x70,0xB5,0x05,0x46,0x40,0x00,
    0x80,0x1A,0x0C,0x46,0x1E,0x46,0x00,0x28,0x00,0xDC,0x40,0x42,0x10,0x1A,0x80,0x21,
    0x40,0x10,0x08,0x1A,0x00,0x28,0x06,0xDD,0x40,0x00,0x60,0x43,0xC0,0x11,0xA0,0x42,
    0x00,0xDB,0x20,0x46,0x04,0x19,0x68,0x02,0x11,0x02,0x40,0x1A,0xFF,0x30,0x11,0x46,
    0x01,0x30,0x81,0x39,0xFA,0xF7,0xCC,0xFD,0xFF,0x22,0xD2,0x43,0x90,0x42,0x03,0xDD,
    0x52,0x42,0xFF,0x28,0x00,0xDC,0x02,0x46,0x10,0x46,0x50,0x43,0x01,0x12,0x00,0x20,
    0x02,0xE0,0x49,0x43,0x09,0x12,0x40,0x1C,0xB0,0x42,0xFA,0xDB,0x00,0x2A,0x00,0xDA,
    0x49,0x42,0x61,0x43,0x88,0x03,0x64,0x21,0xFA,0xF7,0xB2,0xFD,0x29,0x04,0x08,0x18,
    0x00,0x14,0x70,0xBD,0xF8,0xB5,0x0D,0x46,0xCF,0x6B,0x80,0x31,0x4C,0x69,0x29,0x46,
    0x60,0x31,0x00,0x20,0x00,0x91,0xC8,0x72,0xE8,0x6B,0x40,0x37,0x40,0x30,0x01,0x7A,
    0x16,0x46,0x49,0x08,0x49,0x00,0x01,0x72,0x78,0x7A,0x00,0x28,0x03,0xD1,0x00,0x98,
    0xC0,0x78,0x40,0x09,0x0A,0xD0,0x22,0x46,0x31,0x46,0x28,0x46,0x01,0xF0,0xE0,0xF8,
    0x00,0x28,0x28,0xD0,0xA0,0x78,0x00,0x28,0x2B,0xD0,0x2C,0xE0,0x21,0x78,0x00,0x29,
    0x14,0xD0,0xA0,0x78,0x03,0x28,0x06,0xD0,0x04,0x28,0x04,0xD0,0x20,0x7A,0x01,0x28,
    0x01,0xD0,0x02,0x28,0x0A,0xD1,0x88,0x00,0x00,0x19,0x40,0x69,0x30,0x60,0x32,0x20,
    0x50,0x73,0x01,0x20,0x78,0x72,0x20,0x7A,0x40,0x1C,0x20,0x72,0x00,0x20,0xA0,0x71,
    0x21,0x7A,0x02,0x29,0x02,0xD1,0xA1,0x78,0x04,0x29,0x03,0xD9,0x20,0x60,0x60,0x60,
    0xA0,0x60,0xE0,0x60,0x97,0xE0,0x00,0x20,0x20,0x60,0x60,0x60,0xA0,0x60,0xE0,0x60,
    0x01,0xE0,0x01,0x20,0xA0,0x70,0xEA,0x6B,0xA1,0x79,0x20,0x32,0xD2,0x78,0x8C,0x46,
    0x00,0x20,0x89,0x1A,0x00,0x29,0x00,0xDD,0x08,0x46,0x81,0x00,0x41,0x18,0x5C,0x20,
    0x42,0x5F,0x91,0x42,0x23,0xDA,0xA0,0x78,0x02,0x28,0x1B,0xD0,0x01,0xD9,0xFF,0x20,
    0xA0,0x70,0xE9,0x6B,0x20,0x31,0xC9,0x78,0x8C,0x45,0x15,0xD9,0x60,0x7A,0xA1,0x6E,
    0x00,0x01,0x80,0x19,0x01,0x60,0x00,0x20,0x01,0x46,0x62,0x7A,0x82,0x42,0x02,0xD0,
    0x02,0x01,0x92,0x19,0x51,0x73,0x40,0x1C,0x04,0x28,0xF6,0xDB,0xE8,0x6B,0x20,0x30,
    0x00,0x79,0x20,0xE0,0x00,0x20,0xE3,0xE7,0x00,0x20,0x78,0x72,0x5B,0xE0,0xE0,0x79,
    0x00,0x28,0x1A,0xD0,0x61,0x7A,0x22,0x46,0x60,0x32,0x08,0x20,0x0B,0x01,0x10,0x5E,
    0xF1,0x5E,0x40,0x1A,0x0A,0x21,0x51,0x5E,0x9A,0x19,0x02,0x23,0xD3,0x5E,0x40,0x43,
    0xC9,0x1A,0x49,0x43,0x40,0x18,0x01,0x21,0x09,0x04,0x88,0x42,0x05,0xDD,0x00,0x20,
    0x78,0x72,0xE0,0x79,0x40,0x1E,0xE0,0x71,0x3D,0xE0,0x00,0x22,0xE2,0x71,0xE9,0x6B,
    0x60,0x46,0x20,0x31,0xC9,0x78,0x8C,0x45,0x01,0xD8,0x40,0x1C,0xA0,0x71,0x00,0x98,
    0xC0,0x78,0xC1,0x06,0x20,0xD4,0x61,0x7A,0x09,0x01,0x89,0x19,0x09,0x7B,0x4B,0x07,
    0x12,0xD5,0xA3,0x89,0x80,0x2B,0x0F,0xD2,0xC8,0x07,0x01,0xD0,0x0F,0x20,0x03,0xE0,
    0x20,0x7A,0x00,0x28,0x01,0xD1,0x01,0x20,0x20,0x72,0x7A,0x72,0xA0,0x79,0x00,0x28,
    0x06,0xD0,0x40,0x1E,0xA0,0x71,0x03,0xE0,0x10,0x21,0x08,0x43,0x00,0x99,0xC8,0x70,
    0x00,0x98,0xC0,0x78,0xC0,0x06,0x00,0xD5,0x22,0x72,0x78,0x7A,0x00,0x28,0x0A,0xD0,
    0x21,0x78,0x23,0x46,0x32,0x46,0x28,0x46,0x00,0xF0,0xB2,0xFD,0x60,0x7A,0x00,0x01,
    0x80,0x19,0x00,0x68,0xA0,0x66,0x00,0x20,0xF8,0xBD,0xFE,0xB5,0x00,0x91,0xCC,0x6B,
    0x21,0x46,0x40,0x31,0x01,0x91,0x49,0x7A,0x00,0x29,0x04,0xD0,0x96,0x46,0xE2,0x7D,
    0x4B,0x1E,0x94,0x46,0x46,0xE0,0x00,0x20,0xFE,0xBD,0x0A,0x01,0x74,0x46,0x14,0x19,
    0x02,0x25,0x76,0x46,0x65,0x5F,0xB2,0x5E,0xED,0x11,0xD2,0x11,0x00,0x26,0x00,0x2D,
    0x08,0xDD,0x15,0x27,0xC7,0x57,0x02,0x97,0x7F,0x1E,0x2E,0x46,0xAF,0x42,0x01,0xDC,
    0x02,0x9E,0x76,0x1E,0x00,0x25,0x00,0x2A,0x08,0xDD,0x14,0x27,0xC7,0x57,0x02,0x97,
    0x7F,0x1E,0x15,0x46,0x97,0x42,0x01,0xDC,0x02,0x9D,0x6D,0x1E,0x00,0x9A,0x2F,0x46,
    0x12,0x6C,0x12,0x07,0x42,0x68,0x04,0xD5,0x75,0x00,0x55,0x5F,0x65,0x45,0x09,0xDC,
    0x03,0xE0,0x75,0x00,0x55,0x5F,0x65,0x45,0x07,0xDD,0x85,0x68,0x7A,0x00,0xAD,0x5E,
    0x65,0x45,0x02,0xDD,0x62,0x7B,0x00,0x2A,0x0C,0xD1,0x99,0x42,0x09,0xDA,0x1D,0x01,
    0x75,0x44,0x6F,0x68,0x2E,0x68,0xAA,0x68,0xED,0x68,0x67,0x60,0x26,0x60,0xE5,0x60,
    0xA2,0x60,0x5B,0x1E,0x49,0x1E,0xB8,0xD5,0x01,0x98,0x5B,0x1C,0x43,0x72,0xB2,0xE7,
    0xF8,0xB5,0xCC,0x6B,0x49,0x20,0x07,0x5D,0x00,0x2F,0x19,0xD0,0x15,0x46,0x00,0x26,
    0x14,0xE0,0x60,0x7E,0xA1,0x7E,0x03,0x09,0x00,0x20,0xA2,0x88,0x28,0x5E,0xFF,0xF7,
    0x74,0xFE,0x28,0x80,0x60,0x7E,0xE1,0x7E,0x03,0x07,0x02,0x20,0x1B,0x0F,0xE2,0x88,
    0x28,0x5E,0xFF,0xF7,0x6A,0xFE,0x68,0x80,0x10,0x35,0x76,0x1C,0xBE,0x42,0xE8,0xDB,
    0x00,0x20,0xF8,0xBD,0xF7,0xB5,0x0D,0x46,0xCE,0x6B,0x86,0xB0,0x06,0x99,0x15,0x27,
    0x14,0x22,0xCF,0x57,0x8A,0x56,0x2C,0x46,0x57,0x43,0x00,0x22,0x60,0x34,0x30,0x46,
    0x22,0x73,0x01,0x21,0x5C,0x30,0x61,0x74,0xC1,0x7A,0x00,0x29,0x2C,0xD1,0x00,0x7A,
    0xFF,0x28,0x29,0xD0,0xFF,0xF7,0x0C,0xFB,0x02,0x90,0x78,0x00,0x01,0x90,0xFF,0xF7,
    0x25,0xFB,0x3B,0x46,0x29,0x46,0x02,0x9A,0x06,0x98,0x01,0xF0,0xB1,0xFA,0x03,0x90,
    0xE0,0x74,0x40,0x36,0xF0,0x7A,0x00,0x28,0x1D,0xD0,0x03,0xAA,0x02,0x9B,0x01,0x97,
    0x00,0x92,0x1A,0x46,0x29,0x46,0x06,0x98,0x01,0xF0,0xF0,0xF9,0x00,0x28,0x1E,0xD0,
    0x04,0xAB,0x00,0x93,0x03,0x46,0x29,0x46,0x02,0x9A,0x06,0x98,0x01,0xF0,0xE4,0xF8,
    0x03,0x98,0x01,0x28,0x0D,0xD0,0x12,0xE0,0x79,0x00,0xE8,0x6A,0xFA,0xF7,0x43,0xFC,
    0x00,0x20,0x60,0x74,0x0E,0xE0,0xE8,0x6A,0x01,0x9A,0x02,0x99,0xFA,0xF7,0x14,0xFC,
    0x05,0xE0,0x0C,0x20,0x20,0x56,0x01,0x28,0x01,0xDD,0x40,0x00,0x20,0x73,0x02,0x98,
    0xFF,0xF7,0x0C,0xFB,0x00,0x20,0x09,0xB0,0xF0,0xBD,0xF7,0xB5,0x89,0xB0,0x09,0x98,
    0x15,0x22,0xCB,0x6B,0x82,0x56,0x07,0x92,0x14,0x22,0x82,0x56,0x00,0x20,0x06,0x92,
    0x02,0x90,0x84,0x46,0x04,0x90,0x03,0x90,0x00,0x90,0x86,0x46,0x06,0x46,0x01,0x90,
    0x5D,0xE0,0x06,0x9C,0x30,0x46,0x60,0x43,0x09,0x9C,0x05,0x90,0x00,0x22,0x64,0x68,
    0x70,0x00,0x24,0x5E,0x40,0xE0,0x09,0x98,0x07,0x68,0x05,0x98,0x40,0x00,0x38,0x5E,
    0x03,0x9F,0xB8,0x42,0x00,0xDD,0x03,0x90,0xDF,0x7D,0x08,0x97,0xBC,0x42,0x0C,0xDD,
    0x1F,0x7D,0xB8,0x42,0x09,0xDD,0x09,0x9F,0xBD,0x68,0x57,0x00,0xEF,0x5F,0x08,0x9D,
    0xAF,0x42,0x02,0xDD,0x04,0x9F,0x7F,0x1C,0x04,0x97,0x00,0x2E,0x13,0xD1,0x09,0x9F,
    0xBD,0x68,0x57,0x00,0xED,0x5F,0x65,0x45,0x00,0xDD,0xAC,0x46,0x63,0x27,0xFF,0x43,
    0xBD,0x42,0x02,0xDA,0x02,0x9F,0x7F,0x1C,0x02,0x97,0x2F,0x46,0x1E,0x2D,0x02,0xDD,
    0x75,0x46,0x7D,0x19,0xAE,0x46,0x0F,0x28,0x03,0xDD,0x00,0x9F,0xC0,0x19,0x00,0x90,
    0x06,0xE0,0x0E,0x27,0xFF,0x43,0xB8,0x42,0x02,0xDA,0x01,0x9F,0x38,0x1A,0x01,0x90,
    0x05,0x98,0x52,0x1C,0x40,0x1C,0x05,0x90,0x06,0x98,0x82,0x42,0xBB,0xDB,0x1E,0x2C,
    0x02,0xDD,0x70,0x46,0x20,0x18,0x86,0x46,0x64,0x45,0x00,0xDD,0xA4,0x46,0x63,0x20,
    0xC0,0x43,0x84,0x42,0x02,0xDA,0x02,0x98,0x40,0x1C,0x02,0x90,0x76,0x1C,0x07,0x98,
    0x86,0x42,0x9E,0xDB,0xFF,0x22,0x03,0x98,0x14,0x46,0xFF,0x28,0x00,0xDA,0x04,0x46,
    0x08,0x46,0x40,0x30,0x04,0x76,0x64,0x46,0xFF,0x2C,0x00,0xDA,0x22,0x46,0x42,0x76,
    0x02,0x9C,0x00,0x22,0x02,0x2C,0x08,0xDD,0x1C,0x46,0x40,0x34,0x25,0x46,0x24,0x7C,
    0xFF,0x2C,0x04,0xD2,0x64,0x1C,0x2C,0x74,0x01,0xE0,0x50,0x24,0xE2,0x54,0x66,0x24,
    0xE5,0x5C,0x04,0x24,0x01,0x2D,0x0D,0x6C,0x05,0xD0,0xA5,0x43,0x0D,0x64,0x04,0x9D,
    0x00,0x2D,0x09,0xD1,0x04,0xE0,0x25,0x43,0x0D,0x64,0x4B,0x25,0xEA,0x54,0xF6,0xE7,
    0xDD,0x7D,0x6D,0x00,0x65,0x45,0x17,0xDA,0x1C,0x24,0x04,0x5F,0x32,0x2C,0x04,0xDC,
    0x1C,0x46,0x40,0x34,0xE5,0x7A,0x03,0x2D,0x03,0xD9,0x0C,0x25,0x1C,0x46,0x40,0x34,
    0x00,0xE0,0x03,0x25,0xE5,0x72,0x0C,0x46,0x60,0x34,0x25,0x7A,0xC8,0x2D,0x01,0xD2,
    0x6D,0x1C,0x25,0x72,0x22,0x74,0x16,0xE0,0x0F,0x46,0x01,0x25,0x60,0x37,0x3D,0x74,
    0x1D,0x46,0x40,0x35,0xEE,0x7A,0x00,0x2E,0x08,0xD0,0x76,0x1E,0x32,0x06,0x12,0x0E,
    0xEA,0x72,0x08,0xD1,0x0A,0x6C,0x22,0x43,0x0A,0x64,0x04,0xE0,0x3A,0x72,0x2A,0x7A,
    0xFD,0x24,0x22,0x40,0x2A,0x72,0x01,0x9C,0x00,0x9A,0x22,0x43,0x74,0x46,0x22,0x43,
    0x02,0xD1,0xFF,0x24,0x72,0x22,0x54,0x54,0x40,0x33,0xDA,0x7A,0x00,0x2A,0x1A,0xD1,
    0x0A,0x46,0x60,0x32,0x12,0x24,0x14,0x57,0x65,0x1C,0x02,0xD0,0xD5,0x7C,0x00,0x2D,
    0x21,0xD0,0x00,0x9D,0x00,0x2D,0x0E,0xD0,0x01,0x9D,0x00,0x2D,0x0B,0xD0,0x01,0x9E,
    0x00,0x9D,0xAD,0x19,0x23,0x2D,0x06,0xDD,0x75,0x46,0x3C,0x2D,0x03,0xDA,0x01,0x2C,
    0x01,0xDA,0x01,0x24,0x94,0x74,0x0A,0x46,0x60,0x32,0xD5,0x7C,0x00,0x2D,0x0A,0xD0,
    0x12,0x24,0x14,0x57,0x00,0x2C,0x06,0xDD,0x16,0x7C,0x00,0x2E,0x03,0xD0,0x64,0x2D,
    0x01,0xD2,0x64,0x1C,0x94,0x74,0x60,0x31,0x09,0x7A,0x01,0x29,0x0E,0xD0,0x1A,0x7A,
    0x94,0x07,0x08,0xD5,0x14,0x29,0x03,0xD8,0x1C,0x21,0x41,0x5E,0x00,0x29,0x02,0xDC,
    0xFD,0x20,0x02,0x40,0x1A,0x72,0x00,0x20,0x0C,0xB0,0xF0,0xBD,0x18,0x7A,0x02,0x21,
    0x08,0x43,0x18,0x72,0xF7,0xE7,0x00,0x00,0xF7,0xB5,0x8C,0xB0,0xCF,0x6B,0x06,0x97,
    0x40,0x37,0x0A,0x46,0xF8,0x7A,0x80,0x32,0x0C,0x46,0x0D,0x46,0x60,0x34,0x40,0x35,
    0x0E,0x46,0x00,0x92,0x00,0x28,0x04,0xD0,0x38,0x7A,0x04,0x21,0x08,0x43,0x38,0x72,
    0x2E,0xE0,0x30,0x6C,0x40,0x07,0x25,0xD5,0x00,0x20,0xF8,0x73,0x38,0x73,0x39,0x7A,
    0xEF,0x22,0x11,0x40,0x39,0x72,0xF0,0x65,0x30,0x66,0xE0,0x7B,0xA8,0x83,0x0C,0x99,
    0x14,0x20,0x15,0x22,0x08,0x56,0x8A,0x56,0x50,0x43,0x41,0x00,0x00,0x98,0x01,0x90,
    0xC0,0x69,0xFA,0xF7,0xD8,0xFA,0x01,0x98,0x6C,0x21,0x40,0x69,0xFA,0xF7,0xD3,0xFA,
    0x0C,0x98,0x14,0x21,0x15,0x22,0x41,0x56,0x82,0x56,0x01,0x98,0x51,0x43,0x80,0x69,
    0xFA,0xF7,0xC9,0xFA,0x38,0x7A,0x00,0x07,0x02,0xD5,0xE0,0x7B,0x80,0x08,0xA8,0x83,
    0x20,0x7C,0x00,0x28,0x56,0xD1,0x12,0x20,0x20,0x56,0x00,0x28,0x0F,0xDD,0xA9,0x8B,
    0x40,0x00,0x14,0x30,0x08,0x18,0xA8,0x83,0x12,0x20,0x20,0x56,0x02,0x28,0xE0,0x78,
    0x02,0xDD,0x02,0x21,0x08,0x43,0x01,0xE0,0xFD,0x21,0x08,0x40,0xE0,0x70,0x00,0x20,
    0xA0,0x74,0x20,0x7A,0x01,0x28,0x0A,0xD1,0x81,0x1E,0x00,0x98,0x42,0x69,0x51,0x82,
    0x42,0x69,0x91,0x82,0x42,0x69,0x11,0x74,0x40,0x69,0x64,0x21,0x41,0x74,0x00,0x98,
    0x04,0x90,0x40,0x69,0x40,0x89,0x80,0x28,0x02,0xD8,0xE0,0x78,0x80,0x07,0x03,0xD5,
    0xE0,0x78,0x08,0x21,0x08,0x43,0xE0,0x70,0xF0,0x6B,0x40,0x30,0x00,0x7A,0x80,0x07,
    0x03,0xD4,0x30,0x46,0x0C,0x99,0xFB,0xF7,0x1F,0xFF,0x30,0x46,0x0C,0x99,0xFB,0xF7,
    0x63,0xFC,0x0B,0x90,0x70,0x6A,0x03,0x90,0x00,0x20,0x09,0x90,0x07,0x90,0x08,0x90,
    0x07,0xAB,0x31,0x46,0x0E,0x9A,0x0C,0x98,0xFB,0xF7,0xE2,0xFB,0x68,0x46,0x00,0x8C,
    0xA0,0x70,0xE0,0x78,0x40,0x07,0x08,0xD5,0x1C,0x21,0x69,0x5E,0xE0,0x7B,0x81,0x42,
    0x00,0xDA,0xA8,0x83,0x00,0x20,0x0F,0xB0,0xF0,0xBD,0xF1,0x6B,0x4F,0x20,0x40,0x5C,
    0x0A,0x28,0x25,0xD1,0xFF,0x22,0x03,0x23,0x01,0x32,0x0C,0x98,0xFC,0xF7,0xBC,0xF9,
    0x00,0x25,0x18,0xE0,0xE9,0x00,0x08,0x18,0x05,0x90,0x80,0x7B,0x00,0x28,0x11,0xD0,
    0x06,0x98,0x03,0x7D,0x82,0x7D,0x03,0x98,0x41,0x68,0x68,0x46,0x0E,0xC0,0x05,0x98,
    0x05,0x99,0x00,0x7B,0x08,0x31,0xC2,0x08,0xFF,0x23,0x0C,0x98,0xFB,0xF7,0xF9,0xFF,
    0x05,0x99,0x88,0x73,0x6D,0x1C,0x03,0x98,0x00,0x21,0x41,0x5E,0xA9,0x42,0xE1,0xDC,
    0x01,0x23,0x00,0x93,0xF1,0x6B,0x0E,0x9B,0x03,0x9A,0x0C,0x98,0xFB,0xF7,0xA8,0xFF,
    0xF1,0x6B,0x40,0x31,0x48,0x72,0x31,0x46,0x0C,0x98,0x01,0xF0,0xE2,0xF9,0x05,0x90,
    0x69,0x46,0x26,0x20,0x08,0x5E,0x00,0x28,0x20,0x78,0x03,0xDA,0xFA,0x28,0x05,0xD2,
    0x40,0x1C,0x02,0xE0,0x40,0x1E,0x09,0x28,0x00,0xD2,0x20,0x70,0x20,0x78,0x14,0x28,
    0x06,0xD9,0x22,0x20,0x08,0x5E,0x00,0x11,0x48,0x84,0x05,0x98,0x80,0x10,0x05,0x90,
    0x01,0x20,0x0A,0x90,0x1E,0x20,0x08,0x5E,0x06,0x99,0x20,0x31,0x8A,0x7C,0x90,0x42,
    0x0E,0xDD,0x00,0x21,0x0A,0x91,0x0A,0x21,0xFA,0xF7,0xCA,0xF9,0x31,0x46,0x02,0x46,
    0x40,0x31,0x88,0x7F,0x10,0x18,0xC8,0x28,0x00,0xDB,0xC8,0x20,0x88,0x77,0x12,0xE0,
    0x35,0x46,0x00,0x22,0x40,0x35,0xAA,0x77,0x88,0x7C,0x6A,0x46,0x1E,0x21,0x51,0x5E,
    0x40,0x1A,0x0A,0x21,0xFA,0xF7,0xB4,0xF9,0xE9,0x7F,0x40,0x1C,0x40,0x18,0xC8,0x28,
    0x00,0xDB,0xC8,0x20,0xE8,0x77,0x69,0x46,0x20,0x20,0x08,0x5E,0x14,0x28,0x0A,0xDD,
    0x0A,0x21,0xFA,0xF7,0xA5,0xF9,0xF9,0x7B,0x40,0x18,0xC0,0xB2,0xF8,0x73,0x0A,0x28,
    0x01,0xD9,0x0A,0x20,0xF8,0x73,0x35,0x46,0x40,0x35,0x1C,0x20,0x28,0x5E,0x00,0x90,
    0x01,0x90,0xF8,0x7B,0x0A,0x28,0x06,0xD3,0x69,0x46,0x22,0x20,0x08,0x5E,0x46,0x28,
    0x01,0xDD,0x46,0x38,0x17,0xE0,0x69,0x46,0x22,0x20,0x08,0x5E,0x02,0x90,0x32,0x28,
    0x18,0xDB,0x00,0x98,0x14,0x28,0x03,0xDA,0x02,0x98,0x0B,0xE0,0xA8,0x83,0x1A,0xE0,
    0x1C,0x20,0x08,0x5E,0x02,0x99,0x40,0x43,0xFA,0xF7,0x7A,0xF9,0x02,0x99,0x08,0x1A,
    0x32,0x28,0x10,0xDB,0x32,0x38,0x0A,0x21,0xFA,0xF7,0x72,0xF9,0x00,0x99,0x40,0x1C,
    0x40,0x18,0xEB,0xE7,0x32,0x21,0x08,0x1A,0x0A,0x21,0xFA,0xF7,0x69,0xF9,0x00,0x99,
    0x08,0x1A,0x40,0x1E,0xE2,0xE7,0x69,0x46,0xA8,0x8B,0xC9,0x8C,0x40,0x18,0x01,0xB2,
    0xA9,0x83,0x0C,0x20,0x20,0x56,0x00,0x28,0x11,0xDD,0xE2,0x78,0xD2,0x07,0x0E,0xD1,
    0x01,0x28,0x1C,0xD0,0x06,0xDD,0x01,0x9A,0x43,0x00,0x9A,0x18,0x8A,0x42,0x00,0xDD,
    0x11,0x46,0xA9,0x83,0x03,0x28,0x02,0xDD,0x61,0x78,0x08,0x18,0x60,0x70,0x69,0x46,
    0x1C,0x20,0x08,0x5E,0x04,0x99,0x11,0x22,0x49,0x69,0x8A,0x56,0x82,0x42,0x00,0xDA,
    0x10,0x46,0x48,0x74,0x00,0x20,0x03,0x99,0x00,0x90,0x0A,0x5E,0x13,0xE0,0x01,0x98,
    0x81,0x42,0xEC,0xDD,0x20,0x7A,0x14,0x28,0xE9,0xD9,0x01,0x98,0xC0,0x1E,0xA8,0x83,
    0xE5,0xE7,0x03,0x99,0xC3,0x00,0x59,0x18,0x89,0x7B,0x14,0x29,0x02,0xD9,0x00,0x99,
    0x49,0x1C,0x00,0x91,0x40,0x1C,0x82,0x42,0xF3,0xDC,0x07,0xAB,0x31,0x46,0x0B,0x9A,
    0x0C,0x98,0x01,0xF0,0xDF,0xFA,0x00,0x28,0x42,0xD1,0x68,0x7E,0x50,0x28,0x3F,0xD3,
    0x28,0x7E,0x64,0x28,0x3C,0xD3,0xF0,0x6B,0x80,0x68,0x80,0x05,0x38,0xD4,0x00,0x98,
    0x01,0x28,0x35,0xDC,0x0A,0x98,0x00,0x28,0x32,0xD0,0x04,0x98,0x40,0x69,0x00,0x78,
    0x05,0x28,0x2D,0xD9,0x30,0x46,0xFB,0xF7,0x7F,0xFC,0x04,0x98,0x40,0x69,0x40,0x89,
    0x40,0x28,0x04,0xD2,0x0B,0x21,0x61,0x56,0x41,0x43,0x88,0x11,0xE0,0x72,0x0B,0x20,
    0x20,0x56,0x00,0x28,0x0D,0xDA,0x69,0x46,0x1E,0x20,0x08,0x5E,0x46,0x28,0x03,0xDC,
    0x22,0x20,0x08,0x5E,0x64,0x28,0x04,0xDD,0xF8,0x7B,0x0A,0x28,0x01,0xD2,0x40,0x1C,
    0xF8,0x73,0x04,0x98,0x11,0x21,0x40,0x69,0x41,0x56,0x1E,0x29,0x08,0xDA,0x69,0x46,
    0x22,0x20,0x08,0x5E,0x32,0x28,0x03,0xDA,0x0B,0x20,0x20,0x56,0x40,0x10,0xE0,0x72,
    0x0B,0x20,0xA9,0x8B,0x20,0x56,0x0A,0x18,0x05,0x99,0x4B,0x00,0xC9,0x18,0x51,0x18,
    0xA9,0x83,0x05,0x28,0x02,0xDD,0x60,0x78,0x40,0x1C,0x60,0x70,0xF0,0x6B,0xA9,0x7F,
    0x20,0x30,0xC0,0x7C,0x81,0x42,0x04,0xD9,0xE8,0x7F,0x78,0x28,0x01,0xD2,0x14,0x20,
    0x38,0x73,0x1C,0x21,0x63,0x20,0x69,0x5E,0xC0,0x43,0x81,0x42,0x03,0xDD,0x0D,0x48,
    0x81,0x42,0x00,0xDA,0x08,0x46,0xA8,0x83,0xF0,0x6B,0x10,0x22,0x81,0x68,0x49,0x05,
    0x00,0x29,0x05,0xDB,0x31,0x21,0xC9,0x43,0xA9,0x83,0xE1,0x78,0x11,0x43,0xE1,0x70,
    0x61,0x78,0x1E,0x29,0x03,0xD9,0x40,0x30,0x01,0x7A,0x11,0x43,0x01,0x72,0x01,0x20,
    0x71,0xE6,0x00,0x00,0xE7,0x03,0x00,0x00,0x70,0xB5,0x2D,0x4C,0x21,0x89,0x02,0x29,
    0x03,0xD2,0xE2,0x88,0x12,0x02,0x02,0x43,0xE2,0x80,0x49,0x1C,0x89,0xB2,0x21,0x81,
    0x02,0x29,0x42,0xD1,0xE0,0x88,0xD1,0x21,0x09,0x02,0x41,0x1A,0x20,0x29,0x03,0xD8,
    0xC0,0xB2,0x00,0xF0,0xB9,0xFC,0x70,0xBD,0x0D,0x21,0x09,0x03,0x41,0x1A,0x50,0x29,
    0x03,0xD8,0x20,0x48,0x20,0x60,0xA1,0x80,0x09,0xE0,0x1F,0x49,0x41,0x18,0x2F,0x29,
    0x03,0xD8,0xA1,0x80,0x1D,0x48,0x20,0x60,0x01,0xE0,0x00,0xF0,0xC5,0xFA,0xE0,0x88,
    0x1B,0x4A,0x01,0x09,0x91,0x42,0xE6,0xD1,0x1A,0x4A,0x05,0x07,0x11,0x7E,0x10,0x46,
    0x2D,0x0F,0x19,0x4B,0x20,0x30,0x00,0x29,0x01,0xD0,0xD9,0x74,0x0B,0xE0,0x81,0x7D,
    0x20,0x26,0x49,0x08,0x31,0x43,0xD9,0x74,0x91,0x7E,0xF0,0x29,0x03,0xD1,0xD9,0x7C,
    0x80,0x26,0x31,0x43,0xF1,0xE7,0x81,0x7D,0x49,0x1C,0x81,0x75,0x00,0x20,0x59,0x19,
    0xA0,0x80,0x0B,0x31,0x21,0x60,0x50,0x77,0x70,0xBD,0x02,0x29,0xFC,0xD9,0x21,0x68,
    0x00,0x29,0xF9,0xD0,0xA2,0x88,0x88,0x54,0xA0,0x88,0x40,0x1C,0xA0,0x80,0x70,0xBD,
    0x00,0x00,0x00,0x20,0x60,0x03,0x00,0x20,0x10,0x2E,0xFF,0xFF,0x50,0x7F,0x00,0x00,
    0x04,0x0D,0x00,0x00,0x0C,0x00,0x00,0x20,0x76,0x03,0x00,0x20,0x04,0x4B,0xA5,0x20,
    0x1A,0x68,0x00,0x2A,0x03,0xD0,0x99,0x88,0x50,0x5C,0x49,0x1C,0x99,0x80,0x70,0x47,
    0x00,0x00,0x00,0x20,0x03,0x49,0x00,0x20,0x08,0x81,0xC8,0x80,0x02,0x48,0x01,0x21,
    0xC1,0x71,0x70,0x47,0x00,0x00,0x00,0x20,0x2C,0x00,0x00,0x20,0xF8,0xB5,0x18,0x48,
    0x01,0x24,0x18,0x4D,0x44,0x71,0xA8,0x7E,0x00,0x27,0x17,0x4E,0x01,0x28,0x02,0xD0,
    0x71,0x7D,0x00,0x29,0x0B,0xD0,0xB4,0x70,0x00,0xF0,0x54,0xF9,0x28,0x8B,0x01,0xF0,
    0x59,0xFD,0x07,0x46,0x00,0xF0,0x36,0xFB,0x00,0x20,0xB0,0x70,0x16,0xE0,0x02,0x28,
    0x0C,0xD1,0xB0,0x78,0x00,0x28,0x05,0xD0,0x00,0xF0,0x2C,0xFB,0x01,0x21,0x08,0x46,
    0xFC,0xF7,0xE4,0xFE,0x00,0xF0,0x3E,0xF9,0xB4,0x70,0x07,0xE0,0x00,0xF0,0x3A,0xF9,
    0x01,0x21,0x08,0x46,0xFC,0xF7,0xDA,0xFE,0x00,0xF0,0x1C,0xFB,0x38,0x46,0xF8,0xBD,
    0x76,0x03,0x00,0x20,0xB0,0x7C,0x00,0x00,0x0C,0x00,0x00,0x20,0xFE,0xB5,0x00,0x21,
    0x04,0x46,0x68,0x46,0x0A,0x46,0x0B,0x46,0x0E,0xC0,0x60,0x78,0xAB,0x21,0x00,0x28,
    0x0C,0xD1,0x20,0x78,0x6B,0x46,0x00,0x09,0x80,0x30,0x18,0x70,0x20,0x78,0x00,0x01,
    0xC0,0x1D,0x58,0x70,0x80,0x20,0x58,0x71,0x99,0x71,0x50,0xE0,0x22,0x78,0x00,0x2A,
    0x01,0xD0,0x80,0x22,0x10,0x43,0x6B,0x46,0x58,0x71,0xAB,0x20,0x98,0x71,0x00,0x25,
    0x29,0xE0,0x00,0x2D,0x01,0xD0,0x02,0x23,0x00,0xE0,0x00,0x23,0xA8,0x00,0x2A,0x18,
    0x10,0x19,0x87,0x79,0x00,0x21,0x3E,0x09,0x01,0x2E,0x01,0xD1,0x06,0x21,0x02,0xE0,
    0x02,0x2E,0x00,0xD1,0x07,0x21,0x3E,0x01,0x0E,0x43,0xD1,0x18,0x6B,0x46,0x5E,0x54,
    0x82,0x78,0xCE,0x18,0x72,0x70,0xC1,0x78,0xB1,0x70,0x00,0x79,0x01,0x01,0x00,0x09,
    0x01,0x43,0xF1,0x70,0x04,0x21,0x30,0x46,0xFB,0xF7,0xEF,0xF8,0x00,0x07,0x00,0x0F,
    0x6D,0x1C,0x30,0x71,0xED,0xB2,0x60,0x78,0xA8,0x42,0xD2,0xD8,0x20,0x78,0x00,0x28,
    0x15,0xD0,0x02,0x09,0x60,0x78,0x80,0x32,0x81,0x00,0x40,0x18,0x69,0x46,0x40,0x18,
    0x82,0x70,0x20,0x78,0x02,0x01,0x60,0x78,0xD2,0x1D,0x83,0x00,0xC0,0x18,0x40,0x18,
    0xC2,0x70,0x60,0x78,0xAB,0x22,0x83,0x00,0xC0,0x18,0x40,0x18,0x02,0x71,0x0D,0x48,
    0xC0,0x78,0x00,0x28,0x0F,0xD0,0x6B,0x46,0x18,0x79,0x80,0x21,0x08,0x43,0x18,0x71,
    0x60,0x78,0x01,0x28,0x05,0xD9,0x82,0x00,0x82,0x18,0x68,0x46,0x10,0x18,0x81,0x71,
    0x01,0xE0,0x6B,0x46,0x99,0x72,0x0C,0x22,0x69,0x46,0x20,0x46,0xF9,0xF7,0x74,0xFF,
    0xFE,0xBD,0x00,0x00,0x2C,0x00,0x00,0x20,0x10,0xB5,0x04,0x49,0x4A,0x7E,0x82,0x42,
    0x02,0xD0,0x48,0x76,0xFD,0xF7,0x0C,0xFB,0x10,0xBD,0x00,0x00,0x0C,0x00,0x00,0x20,
    0xF8,0xB5,0x16,0x4D,0x00,0x26,0x2F,0x1F,0x0C,0x46,0x01,0x28,0x10,0xD0,0x02,0x28,
    0x19,0xD0,0x04,0x28,0x0B,0xD1,0x05,0x20,0xF9,0xF7,0x9C,0xFF,0xAC,0x60,0xBE,0x70,
    0x02,0x21,0x05,0x20,0xF9,0xF7,0xAE,0xFF,0x05,0x20,0xF9,0xF7,0x9F,0xFF,0xF8,0xBD,
    0x03,0x20,0xF9,0xF7,0x8F,0xFF,0x2C,0x60,0x3E,0x70,0x00,0x21,0x03,0x20,0xF9,0xF7,
    0xA1,0xFF,0x03,0x20,0xF1,0xE7,0x04,0x20,0xF9,0xF7,0x84,0xFF,0x6C,0x60,0x7E,0x70,
    0x03,0x21,0x04,0x20,0xF9,0xF7,0x96,0xFF,0x04,0x20,0xE6,0xE7,0x90,0x0A,0x00,0x20,
    0xF8,0xB5,0x98,0x78,0x16,0x46,0x1C,0x46,0xFF,0x28,0x01,0xD0,0x05,0x28,0x02,0xD9,
    0xFF,0x20,0x98,0x70,0x46,0xE0,0x00,0x28,0x45,0xD0,0x25,0x46,0x62,0x89,0x40,0x35,
    0x00,0x21,0x1C,0x2A,0x05,0xD8,0x01,0x28,0x03,0xD9,0x62,0x78,0x01,0x2A,0x00,0xD9,
    0x01,0x21,0x02,0x28,0x05,0xD8,0x88,0x00,0x61,0x7A,0x28,0x58,0x09,0x01,0x70,0x50,
    0x28,0xE0,0x8F,0x00,0xE9,0x5F,0x06,0x22,0x12,0x1A,0x51,0x43,0x22,0x78,0x14,0x23,
    0x92,0x00,0x12,0x19,0xD3,0x5E,0x40,0x1E,0x58,0x43,0x08,0x18,0x05,0x21,0xF9,0xF7,
    0xEF,0xFE,0x61,0x7A,0x06,0x22,0x09,0x01,0x70,0x52,0x78,0x19,0x02,0x21,0x41,0x5E,
    0xA0,0x78,0x16,0x23,0x12,0x1A,0x51,0x43,0x22,0x78,0x40,0x1E,0x92,0x00,0x12,0x19,
    0xD3,0x5E,0x58,0x43,0x08,0x18,0x05,0x21,0xF9,0xF7,0xDA,0xFE,0x61,0x7A,0x09,0x01,
    0x89,0x19,0x48,0x80,0x61,0x7A,0x32,0x20,0x09,0x01,0x89,0x19,0x48,0x73,0xA0,0x78,
    0x40,0x1C,0xA0,0x70,0x00,0x20,0xF8,0xBD,0x70,0x47,0xF0,0xB5,0x00,0x24,0x0E,0xE0,
    0x1E,0x5D,0xB5,0x06,0xAD,0x0E,0x4D,0x43,0x76,0x06,0x03,0xD5,0x66,0x00,0x87,0x5B,
    0x7D,0x1B,0x02,0xE0,0x66,0x00,0x87,0x5B,0x7D,0x19,0x85,0x53,0x64,0x1C,0x94,0x42,
    0xEE,0xD3,0xF0,0xBD,0x10,0xB5,0x01,0x20,0xFD,0xF7,0x10,0xFA,0x0A,0x21,0x01,0x20,
    0xFC,0xF7,0x9C,0xFD,0x08,0x4C,0x20,0x7A,0xFC,0xF7,0xE0,0xF8,0x61,0x7A,0xC9,0x07,
    0xC9,0x0F,0x81,0x42,0x06,0xD1,0x05,0x49,0x00,0x28,0x01,0xD1,0xAC,0x20,0x00,0xE0,
    0xAD,0x20,0x08,0x76,0x10,0xBD,0x00,0x00,0xB0,0x7C,0x00,0x00,0x0C,0x00,0x00,0x20,
    0x81,0x78,0x02,0x78,0x89,0x1A,0xC2,0x78,0x40,0x78,0x49,0x1C,0x10,0x1A,0x40,0x1C,
    0x48,0x43,0x70,0x47,0x10,0xB5,0x04,0x78,0xCB,0xB2,0x8C,0x42,0x00,0xDD,0x03,0x70,
    0x84,0x78,0x8C,0x42,0x00,0xDA,0x83,0x70,0x43,0x78,0xD1,0xB2,0x93,0x42,0x00,0xDD,
    0x41,0x70,0xC3,0x78,0x93,0x42,0x00,0xDA,0xC1,0x70,0x10,0xBD,0x70,0xB5,0x0D,0x48,
    0x0C,0x49,0x44,0x78,0x05,0x78,0x20,0x46,0x68,0x43,0x42,0x00,0x22,0x31,0x0A,0x48,
    0xF9,0xF7,0x82,0xFE,0x08,0x49,0x08,0x48,0x62,0x00,0xBE,0x39,0x5A,0x30,0xF9,0xF7,
    0x7B,0xFE,0x05,0x49,0x6A,0x00,0x90,0x39,0x08,0x46,0xFC,0x30,0xF9,0xF7,0x74,0xFE,
    0x70,0xBD,0x00,0x00,0x48,0x00,0x00,0x20,0x18,0x02,0x00,0x20,0xF0,0xB5,0x89,0xB0,
    0x07,0x00,0x01,0xD0,0xFC,0xF7,0xCC,0xF8,0x42,0x48,0x42,0x4C,0xC1,0x7D,0x42,0x48,
    0x20,0x34,0x40,0x7C,0x81,0x42,0x01,0xD3,0x0A,0x20,0x20,0x72,0x3E,0x4D,0x3F,0x48,
    0x20,0x3D,0xEA,0x7B,0x3E,0x4E,0x08,0x90,0x30,0x46,0xD6,0x30,0x29,0x46,0xC0,0x39,
    0x07,0x90,0x08,0x46,0xA2,0x30,0x9C,0x31,0x22,0x36,0x05,0x91,0x06,0x90,0x00,0x2A,
    0x28,0xD0,0x20,0x7A,0x00,0x28,0x25,0xD0,0x07,0x98,0x00,0x22,0x08,0x99,0x00,0x90,
    0x02,0x92,0x01,0x91,0x33,0x46,0x32,0x48,0x05,0x9A,0x06,0x99,0xFC,0xF7,0x3C,0xFB,
    0x2C,0x48,0x2E,0x4B,0xC2,0x7D,0x28,0x46,0x40,0x38,0xA9,0x7B,0x80,0x7F,0x48,0x33,
    0xFC,0xF7,0xD2,0xFD,0x29,0x7C,0x00,0x29,0x04,0xD0,0x2A,0x49,0x89,0x7A,0xCA,0x29,
    0x00,0xD0,0x20,0x70,0x20,0x7A,0x40,0x1E,0x00,0x06,0x00,0x0E,0x20,0x72,0x01,0xD1,
    0xFC,0xF7,0x86,0xF8,0x20,0x4D,0x40,0x3D,0x68,0x7C,0x00,0x28,0x17,0xD0,0x22,0x49,
    0x02,0x91,0x08,0x46,0x1E,0x38,0x02,0x46,0x0A,0x32,0x03,0x46,0x00,0x92,0x01,0x90,
    0x29,0x46,0x24,0x3B,0x03,0x97,0x0A,0x31,0x19,0x48,0x05,0x9A,0xFD,0xF7,0x0C,0xF8,
    0x21,0x78,0xA8,0x7A,0xFC,0xF7,0x7E,0xFF,0x68,0x7C,0xFD,0xF7,0x15,0xF8,0x17,0x4A,
    0x17,0x49,0x04,0x20,0xFC,0xF7,0x2C,0xFC,0x07,0x98,0x08,0x99,0x6A,0x46,0x83,0xC2,
    0x33,0x46,0x0F,0x48,0x05,0x9A,0x06,0x99,0xFC,0xF7,0xF6,0xFA,0x21,0x78,0xA8,0x78,
    0x08,0x22,0x00,0x23,0xFC,0xF7,0x30,0xFA,0x00,0x20,0xFC,0xF7,0xDF,0xFB,0x00,0x2F,
    0x03,0xD1,0x08,0x48,0x80,0x7A,0xCA,0x28,0x01,0xD1,0xFC,0xF7,0xB5,0xFC,0x09,0xB0,
    0xF0,0xBD,0x00,0x00,0x0C,0x00,0x00,0x20,0x10,0x7D,0x00,0x00,0xF8,0x02,0x00,0x20,
    0x48,0x00,0x00,0x20,0x76,0x03,0x00,0x20,0x9C,0x01,0x00,0x20,0x92,0x7D,0x00,0x00,
    0x82,0x7D,0x00,0x00,0x3F,0x28,0x01,0xD9,0x01,0x20,0x70,0x47,0xC1,0x08,0x40,0x07,
    0x40,0x0F,0x09,0x01,0x01,0x43,0x88,0x20,0x01,0x43,0x02,0x48,0x81,0x74,0x00,0x20,
    0x70,0x47,0x00,0x00,0xE0,0x12,0x00,0x40,0xF8,0xB5,0x67,0x4D,0x00,0x21,0x01,0x27,
    0x29,0x60,0x3F,0x03,0x65,0x49,0xB8,0x42,0x06,0xD2,0x65,0x4A,0x49,0x68,0x11,0x70,
    0x09,0x0A,0x51,0x70,0x2A,0x60,0xA6,0xE0,0x60,0x49,0x01,0x23,0x0A,0x78,0x5E,0x49,
    0xC6,0x1B,0x5B,0x03,0x5F,0x4C,0x89,0x7A,0x9E,0x42,0x4A,0xD2,0x0A,0x29,0x01,0xD1,
    0x5D,0x48,0x5E,0xE0,0x0D,0x29,0x58,0xD0,0x0C,0x29,0x3C,0xD1,0x5A,0x4B,0x00,0x20,
    0x22,0x3B,0x07,0xE0,0x19,0x18,0xC0,0x31,0x89,0x7D,0x8A,0x06,0x92,0x0E,0x22,0x54,
    0x40,0x1C,0x80,0xB2,0x59,0x78,0x1A,0x78,0x51,0x43,0x81,0x42,0xF2,0xD8,0x52,0x49,
    0x22,0x39,0x48,0x78,0x09,0x78,0x48,0x43,0x07,0x19,0x0B,0x21,0x38,0x46,0xF9,0xF7,
    0xAA,0xFD,0x4D,0x49,0x0B,0x37,0x00,0x20,0x22,0x39,0x08,0xE0,0x0A,0x18,0xFF,0x32,
    0x41,0x32,0x12,0x7D,0x92,0x06,0x92,0x0E,0x3A,0x54,0x40,0x1C,0xC0,0xB2,0x0A,0x78,
    0x82,0x42,0xF3,0xD8,0x08,0x78,0xC2,0x19,0x00,0x20,0x08,0xE0,0x0B,0x18,0xFF,0x33,
    0x21,0x33,0x9B,0x7D,0x9B,0x06,0x9B,0x0E,0x13,0x54,0x40,0x1C,0xC0,0xB2,0x4B,0x78,
    0x83,0x42,0xF3,0xD8,0x19,0xE0,0x0F,0x29,0x0D,0xD1,0x3C,0x48,0x19,0xE0,0xAE,0x80,
    0xF8,0xBD,0x03,0x26,0x36,0x03,0x86,0x1B,0x9E,0x42,0x07,0xD2,0x0E,0x29,0x02,0xD1,
    0x35,0x48,0x5A,0x30,0x0D,0xE0,0x11,0x2A,0xF1,0xD1,0x06,0xE0,0x05,0x26,0x36,0x03,
    0x86,0x1B,0x9E,0x42,0x07,0xD2,0x11,0x2A,0x01,0xD1,0x2C,0x60,0xE7,0xE7,0x2E,0x48,
    0xB4,0x30,0x28,0x60,0xE3,0xE7,0x07,0x22,0x12,0x03,0x82,0x1A,0xBA,0x42,0x34,0xD2,
    0x39,0x23,0x5B,0x02,0x98,0x42,0x15,0xD2,0x0D,0x29,0x02,0xD1,0x25,0x48,0x6C,0x30,
    0x0D,0xE0,0x0A,0x29,0x02,0xD1,0x23,0x48,0x90,0x38,0x08,0xE0,0x0E,0x29,0x02,0xD1,
    0x20,0x48,0x86,0x38,0x03,0xE0,0x0C,0x29,0x02,0xD1,0x1E,0x48,0x7C,0x38,0x28,0x60,
    0xAA,0x80,0xF8,0xBD,0x1D,0x22,0x92,0x02,0x90,0x42,0xFA,0xD2,0x0D,0x29,0x02,0xD1,
    0x18,0x49,0x5A,0x31,0x0D,0xE0,0x0A,0x29,0x02,0xD1,0x16,0x49,0xBE,0x39,0x08,0xE0,
    0x0E,0x29,0x02,0xD1,0x13,0x49,0xAC,0x39,0x03,0xE0,0x0C,0x29,0x02,0xD1,0x11,0x49,
    0x9A,0x39,0x29,0x60,0xC0,0x1A,0xA8,0x80,0xF8,0xBD,0x01,0x21,0xC9,0x03,0x41,0x1A,
    0xFF,0x29,0xF9,0xD9,0x81,0x21,0x09,0x02,0x41,0x1A,0xFF,0x29,0x03,0xD8,0x0C,0x48,
    0x28,0x60,0xA9,0x80,0xF8,0xBD,0x41,0x21,0x49,0x02,0x40,0x1A,0xFF,0x28,0xF9,0xD8,
    0x03,0x49,0x0A,0x31,0x29,0x60,0xE6,0xE7,0x00,0x00,0x00,0x20,0x0C,0x00,0x00,0x20,
    0x76,0x03,0x00,0x20,0x18,0x02,0x00,0x20,0x6A,0x00,0x00,0x20,0x6C,0x03,0x00,0x20,
    0x50,0x03,0x00,0x20,0x10,0xB5,0x00,0x20,0xFD,0xF7,0x28,0xF8,0x0A,0x21,0x01,0x20,
    0xFC,0xF7,0xB4,0xFB,0x08,0x4C,0x20,0x7A,0xFB,0xF7,0xF8,0xFE,0x61,0x7A,0xC9,0x07,
    0xC9,0x0F,0x81,0x42,0x06,0xD0,0x05,0x49,0x00,0x28,0x01,0xD1,0xAC,0x20,0x00,0xE0,
    0xAD,0x20,0x08,0x76,0x10,0xBD,0x00,0x00,0xB0,0x7C,0x00,0x00,0x0C,0x00,0x00,0x20,
    0xF7,0xB5,0x84,0xB0,0x04,0x98,0x04,0x9E,0xC3,0x6B,0x10,0x78,0x40,0x36,0x05,0x9D,
    0x14,0x46,0x00,0x28,0x69,0xD0,0x29,0x46,0x18,0x46,0xFD,0xF7,0x7F,0xFF,0x41,0x1C,
    0x7E,0xD0,0x05,0x99,0x02,0x01,0x55,0x18,0x60,0x72,0x21,0x46,0x18,0x31,0x2A,0x46,
    0x0E,0x46,0x20,0x46,0xF9,0xF7,0x49,0xFD,0x21,0x46,0x60,0x78,0x40,0x31,0x03,0x91,
    0x00,0x28,0x12,0xD0,0x80,0x00,0x00,0x19,0x3C,0x21,0x00,0x22,0x41,0x5E,0xAA,0x5E,
    0x89,0x1A,0x3E,0x22,0x82,0x5E,0x02,0x20,0x28,0x5E,0x49,0x43,0x10,0x1A,0x40,0x43,
    0x08,0x18,0x01,0x21,0xC9,0x02,0x88,0x42,0x04,0xDD,0x2A,0x46,0x60,0x1C,0x03,0x99,
    0xF9,0xF7,0x2B,0xFD,0x20,0x78,0x14,0x25,0x80,0x00,0x00,0x19,0x16,0x21,0x45,0x5F,
    0x1A,0x23,0x18,0x22,0x41,0x5E,0xE3,0x5E,0xA2,0x5E,0x28,0x46,0xFE,0xF7,0x61,0xFE,
    0x60,0x81,0x03,0x98,0x02,0x23,0x00,0x22,0xC3,0x5E,0x82,0x5E,0x60,0x78,0x3C,0x25,
    0x80,0x00,0x00,0x19,0x3E,0x21,0x45,0x5F,0x41,0x5E,0x28,0x46,0xFE,0xF7,0x51,0xFE,
    0x00,0x27,0xA0,0x81,0xFF,0x43,0x67,0x82,0xA7,0x82,0x22,0x78,0x05,0x2A,0x77,0xD9,
    0x31,0x46,0x68,0x46,0xFA,0xF7,0xF8,0xFE,0x00,0x98,0x02,0x99,0x40,0x00,0x46,0x1A,
    0x01,0x98,0xFF,0x21,0x85,0x1B,0x00,0x98,0x01,0x31,0x88,0x42,0x31,0xDD,0x01,0x46,
    0x28,0x02,0xF9,0xF7,0x3D,0xFC,0x05,0x46,0x2E,0xE0,0x19,0x46,0x40,0x31,0x0A,0xE0,
    0x05,0x9A,0x07,0x01,0xBA,0x18,0x94,0x46,0x52,0x7B,0x5F,0x7F,0xBA,0x42,0x01,0xD9,
    0x65,0x46,0x60,0x72,0x40,0x1C,0x4A,0x7A,0x82,0x42,0xF1,0xDC,0x68,0x7B,0x5A,0x7F,
    0x90,0x42,0x8A,0xD8,0x1C,0x20,0x30,0x5E,0x00,0x28,0x0F,0xDD,0x00,0x20,0x00,0xE0,
    0x01,0xE0,0x48,0x72,0x0A,0xE0,0x1C,0x20,0x30,0x5E,0x14,0x28,0x06,0xDA,0x04,0x98,
    0xC0,0x6B,0x80,0x68,0x40,0x05,0x01,0xD5,0x14,0x20,0xB0,0x83,0x00,0x20,0x07,0xB0,
    0xF0,0xBD,0x40,0x28,0x00,0xDA,0x6D,0x10,0x00,0x2D,0x00,0xDA,0x00,0x25,0x66,0x81,
    0x62,0x78,0x05,0x2A,0x10,0xD9,0x68,0x46,0x03,0x99,0xFA,0xF7,0xAD,0xFE,0x00,0x98,
    0x02,0x99,0x40,0x00,0x41,0x1A,0xA1,0x81,0x01,0x99,0x00,0x27,0x08,0x1A,0x02,0x99,
    0x40,0x18,0x00,0x28,0x00,0xDD,0x07,0x46,0x28,0x46,0x79,0x1C,0x09,0xD0,0xFF,0x21,
    0x81,0x31,0x8E,0x42,0x05,0xDA,0x88,0x1B,0x78,0x43,0x6E,0x43,0x80,0x19,0xF9,0xF7,
    0xE7,0xFB,0x65,0x82,0xA7,0x82,0xE2,0x8A,0x01,0x46,0x82,0x42,0x00,0xDD,0x11,0x46,
    0x8A,0xB2,0xE2,0x82,0x04,0x99,0x60,0x31,0xC8,0x2A,0x02,0xD9,0x0A,0x20,0x07,0xE0,
    0x07,0xE0,0x1E,0x28,0x05,0xDD,0x1E,0x38,0xC0,0x10,0x14,0x28,0x00,0xDD,0x14,0x20,
    0xC8,0x72,0x01,0x20,0xBB,0xE7,0x00,0x00,0xFE,0xB5,0x02,0x26,0x01,0x22,0x48,0x49,
    0x48,0x4D,0x04,0x46,0x01,0x28,0x03,0xD1,0x0A,0x77,0x4E,0x77,0x07,0x20,0x69,0xE0,
    0x02,0x2C,0x04,0xD1,0x00,0x21,0x09,0x20,0xFC,0xF7,0xD0,0xFA,0x7E,0xE0,0x03,0x2C,
    0x07,0xD1,0x01,0x20,0xFC,0xF7,0x6C,0xFF,0x00,0x21,0x08,0x46,0xFC,0xF7,0xC6,0xFA,
    0xFE,0xE7,0x3B,0x48,0x20,0x30,0x04,0x2C,0x02,0xD1,0x42,0x71,0xF0,0x20,0x68,0xE0,
    0x05,0x2C,0x01,0xD1,0x82,0x71,0x69,0xE0,0x00,0x23,0x06,0x2C,0x03,0xD1,0x6B,0x71,
    0x83,0x70,0x4E,0x77,0x13,0xE0,0x07,0x2C,0x02,0xD1,0x82,0x70,0xAB,0x70,0x5C,0xE0,
    0x08,0x2C,0x05,0xD1,0x6B,0x71,0x4B,0x75,0x0B,0x75,0x0B,0x77,0xAE,0x70,0x55,0xE0,
    0x09,0x2C,0x06,0xD1,0x10,0x20,0x08,0x70,0x0B,0x77,0x0B,0x75,0x4B,0x75,0xAB,0x70,
    0x4C,0xE0,0x27,0x46,0x0A,0x3F,0x04,0x2F,0x13,0xD8,0x0A,0x77,0x26,0xA0,0x41,0xC8,
    0x00,0x90,0x68,0x46,0x00,0x19,0x20,0x38,0x01,0x96,0x80,0x7D,0xA8,0x70,0x0B,0x2C,
    0x02,0xD0,0x0A,0x75,0x4A,0x75,0x01,0xE0,0x0B,0x75,0x8B,0x77,0x20,0x48,0x84,0x72,
    0x34,0xE0,0x0F,0x2C,0x07,0xD1,0x1E,0x48,0x0F,0x26,0x86,0x72,0x8A,0x77,0x0B,0x77,
    0x4A,0x75,0x0A,0x20,0x0E,0xE0,0x23,0x46,0x10,0x3B,0x0B,0x2B,0x0C,0xD8,0x11,0x20,
    0x08,0x70,0x18,0x48,0x0A,0x77,0x01,0x78,0xA1,0x42,0x01,0xD1,0x19,0x21,0x41,0x70,
    0x04,0x70,0x06,0x20,0xA8,0x70,0x19,0xE0,0x1C,0x2C,0x0E,0xD1,0x00,0x21,0x05,0x20,
    0xFC,0xF7,0x64,0xFA,0x01,0x21,0x04,0x20,0xFC,0xF7,0x60,0xFA,0x64,0x21,0x03,0x20,
    0xFC,0xF7,0x34,0xFA,0xFB,0xF7,0xB0,0xFD,0xFE,0xE7,0x1D,0x2C,0x03,0xD1,0x42,0x70,
    0xFF,0x20,0x88,0x76,0x02,0xE0,0x1E,0x2C,0x00,0xD1,0x4E,0x77,0xEC,0x70,0xFE,0xBD,
    0x0C,0x00,0x00,0x20,0x76,0x03,0x00,0x20,0x01,0x03,0x04,0x05,0x08,0x00,0x00,0x00,
    0x00,0x00,0x00,0x20,0x44,0x00,0x00,0x20,0xFF,0xB5,0x8D,0xB0,0x0D,0x98,0x15,0x24,
    0x04,0x57,0x02,0x94,0x14,0x25,0x45,0x57,0x06,0x68,0x0E,0x98,0xC0,0x6B,0xC7,0x6F,
    0x40,0x7D,0x04,0x90,0xFE,0xF7,0xF4,0xF9,0x02,0x9C,0x05,0x90,0x6C,0x43,0x20,0x46,
    0xFE,0xF7,0x0C,0xFA,0x10,0x99,0x00,0x20,0x49,0x42,0x0B,0x91,0x10,0xE0,0x0F,0x99,
    0x42,0x00,0x89,0x5E,0x10,0x9A,0x91,0x42,0x01,0xDD,0x1A,0x21,0x05,0xE0,0x0B,0x9A,
    0x91,0x42,0x01,0xDA,0x19,0x21,0x00,0xE0,0x1F,0x21,0x05,0x9A,0x11,0x54,0x40,0x1C,
    0x84,0x42,0xEC,0xDC,0x00,0x20,0x06,0x90,0x06,0xAB,0x2A,0x46,0x02,0x99,0x05,0x98,
    0x00,0xF0,0xE4,0xF9,0x08,0x90,0x06,0x98,0x0A,0x38,0x07,0x90,0x0E,0x98,0x80,0x69,
    0x03,0x90,0x01,0x20,0x0A,0x90,0x08,0x98,0x01,0x28,0x02,0xD1,0x07,0x98,0x01,0x28,
    0x01,0xD0,0x00,0x20,0x13,0xE0,0x21,0x46,0x03,0x98,0xF9,0xF7,0x1C,0xFB,0x1D,0xE0,
    0x41,0x00,0x73,0x5E,0x04,0x9A,0x93,0x42,0x03,0xDA,0x7A,0x5E,0x04,0x99,0x8A,0x42,
    0x01,0xDB,0x19,0x21,0x00,0xE0,0x1F,0x21,0x03,0x9A,0x11,0x54,0x40,0x1C,0x84,0x42,
    0xEE,0xDC,0x00,0x23,0x2A,0x46,0x02,0x99,0x03,0x98,0x00,0xF0,0xB7,0xF9,0x0A,0x90,
    0x08,0x98,0x00,0x28,0x14,0xDD,0x07,0x98,0x00,0x28,0x11,0xDD,0x02,0x9A,0x00,0x92,
    0x01,0x95,0x00,0x22,0x08,0x9B,0x05,0x99,0x03,0x98,0x00,0xF0,0xE4,0xF9,0x02,0x9A,
    0x00,0x92,0x01,0x95,0x0A,0x22,0x06,0x9B,0x05,0x99,0x03,0x98,0x00,0xF0,0xDB,0xF9,
    0xFE,0xF7,0x86,0xF9,0x01,0x90,0x08,0x99,0x07,0x98,0x48,0x43,0x41,0x00,0x01,0x98,
    0xF9,0xF7,0xE1,0xFA,0x00,0x20,0x00,0x90,0x50,0xE0,0x00,0x22,0x4A,0xE0,0x68,0x43,
    0x83,0x18,0x58,0x00,0x0F,0x99,0x09,0x90,0x09,0x5E,0x0B,0x98,0x81,0x42,0x40,0xDA,
    0x03,0x98,0xC0,0x5C,0x1F,0x28,0x3C,0xD0,0x00,0x21,0x37,0xE0,0x00,0x20,0x32,0xE0,
    0x0C,0x46,0x6C,0x43,0x24,0x18,0x0F,0x9E,0x67,0x00,0xF6,0x5F,0x10,0x9F,0x08,0x96,
    0xBE,0x42,0x27,0xDD,0x03,0x9E,0xF7,0x5C,0x36,0x5D,0xB7,0x42,0x22,0xD1,0x66,0x46,
    0x77,0x1A,0x16,0x1A,0x7F,0x43,0x76,0x43,0xBE,0x19,0x10,0x2E,0x1A,0xDC,0x05,0x9F,
    0x05,0x9E,0x3F,0x5D,0xF6,0x5C,0x07,0x9C,0x0A,0x3F,0x66,0x43,0xF6,0x19,0xB6,0x46,
    0x0F,0x9F,0x09,0x9E,0x08,0x9C,0xBE,0x5F,0x01,0x9F,0xA4,0x1B,0x76,0x46,0x76,0x00,
    0xBF,0x5B,0xA7,0x42,0x06,0xDA,0x00,0x2F,0x02,0xD1,0x00,0x9F,0x7F,0x1C,0x00,0x97,
    0x01,0x9F,0xBC,0x53,0x40,0x1C,0xA8,0x42,0xCA,0xDB,0x49,0x1C,0x02,0x98,0x81,0x42,
    0xC4,0xDB,0x52,0x1C,0xAA,0x42,0x60,0x46,0xB1,0xDB,0x40,0x1C,0x84,0x46,0x01,0x46,
    0x02,0x98,0x81,0x42,0xA9,0xDB,0x02,0x9A,0x00,0x20,0x55,0x43,0x00,0x99,0x6D,0x1E,
    0x09,0xD4,0x0D,0x9A,0x12,0x68,0x6B,0x00,0xD4,0x5E,0x04,0x9B,0x9C,0x42,0x00,0xDD,
    0x40,0x1C,0x6D,0x1E,0xF7,0xD5,0x0A,0x9A,0x01,0x2A,0x04,0xD1,0x0B,0x28,0x02,0xDA,
    0x01,0x29,0x00,0xD1,0x89,0x1E,0x0E,0x98,0x60,0x30,0x01,0x73,0xFE,0xF7,0x1E,0xF9,
    0x05,0x98,0xFE,0xF7,0x43,0xF9,0x00,0x98,0x11,0xB0,0xF0,0xBD,0xFF,0xB5,0x85,0xB0,
    0x06,0x99,0x0A,0x24,0xC9,0x6A,0x00,0x91,0x00,0x21,0x01,0x91,0x0E,0x99,0x09,0x68,
    0x00,0x29,0x24,0xDD,0x14,0x27,0xC7,0x57,0x50,0x49,0x15,0x26,0x02,0x91,0x86,0x57,
    0x14,0xE0,0x7D,0x1E,0x12,0xD4,0x30,0x46,0x78,0x43,0x03,0x90,0x40,0x19,0x41,0x00,
    0x08,0x98,0x40,0x5E,0x09,0x30,0x12,0x28,0x04,0xD9,0x2A,0x46,0x31,0x46,0x02,0xA8,
    0xFF,0xF7,0x78,0xFB,0x6D,0x1E,0x01,0xD4,0x03,0x98,0xEF,0xE7,0x76,0x1E,0xE8,0xD5,
    0x02,0xA8,0xFF,0xF7,0x65,0xFB,0x28,0x28,0x01,0xDD,0x01,0x20,0x01,0x90,0x06,0x99,
    0x01,0x20,0x60,0x31,0x89,0x78,0x14,0x29,0x00,0xD8,0x00,0x20,0x84,0x46,0x00,0x25,
    0x4B,0xE0,0x08,0x98,0x6B,0x00,0xC1,0x5E,0x0A,0x1E,0x01,0xDD,0x10,0x46,0x00,0xE0,
    0x48,0x42,0xA0,0x42,0x09,0xDC,0x00,0x98,0xC6,0x5E,0x88,0x1B,0x00,0x28,0x00,0xDC,
    0x70,0x1A,0xA0,0x42,0x01,0xDC,0x00,0x22,0x32,0xE0,0x00,0x29,0x30,0xD0,0x00,0x98,
    0x0E,0x46,0xC0,0x5E,0x46,0x43,0x00,0x2E,0x1E,0xDD,0x00,0x29,0x01,0xDD,0x0E,0x46,
    0x00,0xE0,0x4E,0x42,0x00,0x28,0x01,0xDD,0x07,0x46,0x00,0xE0,0x47,0x42,0xBE,0x42,
    0x1E,0xDA,0x0E,0x9E,0x36,0x68,0x00,0x2E,0x05,0xD0,0x0A,0x2A,0x07,0xD0,0x10,0x46,
    0x0A,0x30,0x06,0xD0,0x14,0xE0,0x00,0x29,0x11,0xDB,0x0A,0x1A,0x10,0xE0,0x09,0x22,
    0x0E,0xE0,0x08,0x22,0xD2,0x43,0x0B,0xE0,0x01,0x98,0x66,0x46,0x30,0x43,0x07,0xD0,
    0x09,0x22,0xD2,0x43,0x91,0x42,0x03,0xDD,0x0A,0x22,0x0A,0x29,0x00,0xDA,0x0A,0x46,
    0x00,0x98,0x6D,0x1C,0xC1,0x52,0x07,0x98,0xC2,0x52,0x0F,0x98,0x85,0x42,0xB0,0xDB,
    0x0E,0x99,0x01,0x98,0x08,0x60,0x00,0x21,0x0A,0x46,0x00,0x20,0x65,0x42,0x0A,0xE0,
    0x07,0x9B,0x46,0x00,0x9B,0x5F,0xA3,0x42,0x01,0xDD,0x52,0x1C,0x02,0xE0,0xAB,0x42,
    0x00,0xDA,0x49,0x1C,0x40,0x1C,0x0F,0x9B,0x98,0x42,0xF1,0xDB,0x09,0x2C,0x05,0xD0,
    0x00,0x29,0x01,0xD0,0x00,0x2A,0x06,0xD1,0x09,0x24,0xE6,0xE7,0x00,0x29,0x01,0xD0,
    0x00,0x2A,0x00,0xD1,0x00,0x24,0x20,0x46,0x09,0xB0,0xF0,0xBD,0xFF,0xFF,0x00,0x00,
    0xFF,0xB5,0x00,0x68,0x00,0x22,0x86,0x46,0xC8,0x6B,0x0A,0x25,0xC6,0x6F,0x69,0x42,
    0x13,0x46,0x10,0x46,0x8C,0x46,0x10,0xE0,0x44,0x00,0x71,0x46,0x09,0x5B,0x37,0x5B,
    0xCF,0x1B,0x39,0xB2,0x02,0x9F,0xA9,0x42,0x39,0x53,0x0C,0x46,0x01,0xDD,0x52,0x1C,
    0x02,0xE0,0x64,0x45,0x00,0xDA,0x5B,0x1C,0x40,0x1C,0x03,0x99,0x88,0x42,0xEB,0xDB,
    0x00,0x2A,0x04,0xD0,0x00,0x2B,0x02,0xD0,0xD0,0x18,0x04,0xB0,0xF0,0xBD,0x00,0x20,
    0xFB,0xE7,0xFF,0xB5,0x04,0x46,0x01,0x20,0x00,0x21,0x82,0xB0,0x86,0x46,0x8C,0x46,
    0x49,0x00,0x62,0x5C,0x09,0x19,0x00,0x92,0x49,0x78,0x01,0x91,0x61,0x46,0x49,0x1C,
    0x89,0x06,0x89,0x0E,0x8C,0x46,0x03,0x21,0x01,0x9B,0x00,0x9A,0xCD,0x07,0x05,0xD0,
    0x5B,0x18,0x05,0x9D,0x9B,0x1E,0xAB,0x42,0x19,0xD2,0x04,0xE0,0x52,0x18,0x04,0x9D,
    0x52,0x1E,0xAA,0x42,0x13,0xD2,0x05,0x9D,0x03,0x9E,0x55,0x43,0xEF,0x18,0xF6,0x5D,
    0x0B,0x9D,0xAE,0x42,0x0B,0xD1,0x03,0x9E,0x0C,0x9D,0xF5,0x55,0x75,0x46,0x6D,0x00,
    0x62,0x55,0x2A,0x19,0x53,0x70,0x40,0x1C,0x82,0x06,0x92,0x0E,0x96,0x46,0x49,0x1E,
    0xDA,0xD5,0x61,0x46,0xF4,0x45,0xCB,0xD1,0x06,0xB0,0xF0,0xBD,0xFF,0xB5,0x85,0xB0,
    0x00,0x27,0x0A,0x25,0xFD,0xF7,0xE4,0xFF,0x02,0x90,0x06,0x9E,0x28,0xE0,0x07,0x9C,
    0x64,0x1E,0x25,0xD4,0x07,0x99,0x30,0x46,0x48,0x43,0x03,0x90,0x05,0x99,0x00,0x19,
    0x0A,0x5C,0x19,0x2A,0x02,0xD0,0x1A,0x2A,0x05,0xD0,0x15,0xE0,0x0B,0x2F,0x13,0xDA,
    0x0F,0x54,0x7F,0x1C,0x03,0xE0,0x15,0x2D,0x0E,0xDA,0x0D,0x54,0x6D,0x1C,0x02,0x99,
    0x0E,0x70,0x02,0x99,0x4C,0x70,0x05,0x99,0x0B,0x5C,0x01,0x93,0x00,0x92,0x07,0x9B,
    0x06,0x9A,0x02,0x98,0xFF,0xF7,0x95,0xFF,0x64,0x1E,0x01,0xD4,0x03,0x98,0xDD,0xE7,
    0x76,0x1E,0xD4,0xD5,0xFD,0xF7,0xCA,0xFF,0x08,0x98,0x00,0x28,0x00,0xD0,0x05,0x60,
    0x38,0x46,0x09,0xB0,0xF0,0xBD,0xFF,0xB5,0x8B,0xB0,0x0D,0x9A,0x0E,0x98,0x14,0x99,
    0x80,0x1A,0x80,0x1E,0x03,0x28,0x7E,0xD2,0x15,0x98,0x04,0x92,0x41,0x43,0x10,0x46,
    0x00,0x91,0xB0,0xE0,0x40,0x1C,0x0E,0x99,0x06,0x90,0x88,0x42,0x74,0xDA,0x00,0x20,
    0x02,0x90,0x09,0x90,0x87,0xE0,0x0C,0x98,0x41,0x5C,0x04,0x98,0x81,0x42,0x6C,0xD1,
    0x15,0x99,0x03,0x98,0xF9,0xF7,0xB4,0xF8,0x07,0x46,0x0D,0x46,0x00,0x20,0x70,0xE0,
    0x0C,0x98,0x41,0x5C,0x06,0x98,0x81,0x42,0x69,0xD1,0x03,0x99,0x0B,0x98,0x42,0x5C,
    0x01,0x99,0x40,0x5C,0x82,0x42,0x01,0xD1,0x01,0x20,0x09,0x90,0x15,0x99,0x01,0x98,
    0xF9,0xF7,0x9E,0xF8,0x06,0x46,0x00,0x20,0x0C,0x46,0x07,0x90,0x08,0x90,0x84,0x46,
    0x05,0x90,0x8D,0x42,0x05,0xD0,0xB8,0x1B,0x29,0x1B,0x00,0x01,0xF9,0xF7,0x90,0xF8,
    0x84,0x46,0x39,0x46,0xB7,0x42,0x34,0xDB,0x31,0x46,0x32,0xE0,0x28,0x46,0xA5,0x42,
    0x28,0xDB,0x20,0x46,0x26,0xE0,0x15,0x9A,0x0C,0x9B,0x4A,0x43,0x12,0x18,0x9A,0x5C,
    0x1F,0x2A,0x1E,0xD0,0x0D,0x9B,0x9A,0x42,0x02,0xDB,0x0E,0x9B,0x9A,0x42,0x18,0xDB,
    0xA5,0x42,0x13,0xD0,0xB7,0x42,0x11,0xD0,0x02,0x1B,0x63,0x46,0x5A,0x43,0x33,0x01,
    0xD2,0x18,0x0B,0x01,0x93,0x42,0x03,0xDA,0x07,0x9A,0x52,0x1C,0x07,0x92,0x08,0xE0,
    0x93,0x42,0x03,0xDD,0x08,0x9A,0x52,0x1C,0x08,0x92,0x02,0xE0,0x05,0x9A,0x52,0x1C,
    0x05,0x92,0x40,0x1C,0x2A,0x46,0xA5,0x42,0x00,0xDC,0x22,0x46,0x82,0x42,0xD2,0xDA,
    0x49,0x1C,0x38,0x46,0xB7,0x42,0x00,0xDC,0x30,0x46,0x88,0x42,0xC6,0xDA,0x05,0x98,
    0x00,0x28,0x33,0xDC,0x02,0xE0,0x39,0xE0,0x32,0xE0,0x12,0xE0,0x07,0x98,0x00,0x28,
    0x02,0xDD,0x08,0x98,0x00,0x28,0x29,0xDC,0x02,0x98,0x01,0x28,0x26,0xD0,0x01,0x98,
    0x40,0x1C,0x01,0x90,0x01,0x99,0x00,0x98,0x88,0x42,0x89,0xDC,0x02,0x98,0x01,0x28,
    0x1C,0xD0,0x03,0x98,0x40,0x1C,0x03,0x90,0x03,0x99,0x00,0x98,0x88,0x42,0x00,0xDD,
    0x71,0xE7,0x02,0x98,0x01,0x28,0x11,0xD0,0x09,0x98,0x00,0x28,0x0E,0xD0,0x04,0x99,
    0x00,0x20,0xCA,0xB2,0x07,0xE0,0x0C,0x99,0x0B,0x5C,0x06,0x99,0x8B,0x42,0x01,0xD1,
    0x0C,0x99,0x0A,0x54,0x40,0x1C,0x00,0x99,0x81,0x42,0xF4,0xDC,0x06,0x98,0x51,0xE7,
    0x04,0x98,0x40,0x1C,0x04,0x90,0x0E,0x99,0x88,0x42,0xF8,0xDB,0x00,0x20,0x0F,0xB0,
    0xF0,0xBD,0xF0,0xB5,0x71,0x22,0x52,0x5C,0x85,0xB0,0x00,0x2A,0x16,0xD0,0x14,0x22,
    0x82,0x56,0x00,0x92,0x15,0x22,0x82,0x56,0x01,0x92,0x48,0x6A,0x0A,0x46,0x03,0x88,
    0x80,0x32,0x03,0x92,0x00,0x2B,0x0C,0xD0,0x80,0x68,0x02,0x90,0xC8,0x6A,0x04,0x90,
    0xD0,0x69,0x84,0x46,0x00,0x20,0x86,0x46,0x03,0x46,0x50,0xE0,0x00,0x20,0x05,0xB0,
    0xF0,0xBD,0x01,0x99,0x00,0x98,0x48,0x43,0x41,0x00,0xD0,0x69,0xF9,0xF7,0x23,0xF8,
    0xF4,0xE7,0x00,0x21,0x3F,0xE0,0x6A,0x46,0x58,0x43,0x12,0x7A,0x40,0x18,0x9A,0x42,
    0x34,0xDC,0x6A,0x46,0x92,0x7A,0x9A,0x42,0x30,0xDB,0x6A,0x46,0x52,0x7A,0x8A,0x42,
    0x2C,0xDC,0x6A,0x46,0xD2,0x7A,0x8A,0x42,0x28,0xDB,0x04,0x9C,0x40,0x00,0x24,0x5E,
    0x09,0x25,0x01,0x22,0xED,0x43,0xAC,0x42,0x03,0xDB,0x02,0x22,0x0A,0x2C,0x00,0xDC,
    0x00,0x22,0x64,0x46,0x24,0x5A,0x00,0x25,0xA4,0x00,0xA6,0x18,0x64,0x46,0x26,0x52,
    0x03,0x20,0x84,0x1A,0x01,0x22,0x50,0x00,0x37,0x46,0x07,0x41,0xBF,0x07,0xBF,0x0F,
    0xA7,0x42,0x02,0xD1,0x6D,0x1C,0x03,0x27,0x3C,0x1B,0x52,0x1C,0x08,0x2A,0xF2,0xDB,
    0x01,0x2D,0x07,0xDD,0x70,0x46,0x40,0x1C,0x86,0x46,0x03,0xE0,0x00,0x22,0x44,0x00,
    0x60,0x46,0x02,0x53,0x49,0x1C,0x00,0x98,0x81,0x42,0xBC,0xDB,0x5B,0x1C,0x01,0x98,
    0x83,0x42,0xB6,0xDB,0x70,0x46,0x00,0x28,0x02,0xDD,0x03,0x98,0xFF,0x21,0x41,0x74,
    0x70,0x46,0xA4,0xE7,0x10,0xB5,0x04,0x48,0x80,0x68,0x80,0x47,0x02,0x49,0x01,0x20,
    0x09,0x1F,0x88,0x70,0x10,0xBD,0x00,0x00,0x90,0x0A,0x00,0x20,0xF0,0xB5,0x87,0xB0,
    0x92,0x48,0x05,0x90,0x1D,0x38,0x05,0x78,0x8F,0x4C,0x01,0x21,0x04,0x20,0xFB,0xF7,
    0x95,0xFE,0x00,0x22,0x20,0x46,0x00,0x92,0xA4,0x30,0x2B,0x46,0x21,0x46,0x05,0x9A,
    0x06,0x90,0xFB,0xF7,0x31,0xFB,0x20,0x46,0x8C,0x30,0xC0,0x7E,0x88,0x4F,0x80,0x1E,
    0xC2,0xB2,0xBA,0x70,0x00,0x20,0xAC,0x34,0x04,0x90,0x16,0x46,0x21,0x88,0xA0,0x78,
    0x04,0xAA,0x00,0x96,0x01,0xAB,0x07,0xC3,0x2A,0x46,0x00,0x23,0x05,0x99,0x06,0x98,
    0xFB,0xF7,0x94,0xFA,0x38,0x70,0x6B,0x46,0x10,0x20,0x18,0x5E,0x00,0x28,0x00,0xDC,
    0x40,0x42,0x05,0xB2,0x04,0x95,0xBE,0x78,0x28,0x46,0x31,0x46,0xF8,0xF7,0x50,0xFF,
    0xF9,0x70,0xC0,0xB2,0x01,0x46,0x71,0x43,0x78,0x70,0xA9,0x42,0x01,0xDA,0x40,0x1C,
    0x78,0x70,0x20,0x7B,0xFE,0xF7,0xE8,0xFF,0x72,0x4E,0x70,0x7A,0x02,0x28,0x17,0xD0,
    0x00,0x25,0x12,0xE0,0xFB,0xF7,0x5A,0xF9,0xFC,0xF7,0x30,0xFB,0x05,0x98,0x00,0x2D,
    0x02,0xD1,0xFC,0xF7,0x15,0xFB,0x05,0xE0,0xFC,0xF7,0x12,0xFB,0x39,0x89,0x40,0x18,
    0x00,0x04,0x40,0x0C,0x6D,0x1C,0x38,0x81,0xED,0xB2,0xE0,0x78,0xA8,0x42,0xE9,0xD8,
    0x63,0x48,0x01,0x89,0x81,0x80,0x01,0x20,0xFA,0xF7,0x2E,0xFE,0x62,0x48,0x01,0x21,
    0x01,0x71,0x60,0x4F,0x00,0x20,0x70,0x72,0x20,0x3F,0xB8,0x7F,0x00,0x28,0x13,0xD0,
    0x5B,0x4C,0x00,0xF0,0x53,0xFC,0xFC,0xF7,0x09,0xFB,0x05,0x98,0xFC,0xF7,0xF0,0xFA,
    0xA0,0x80,0xFE,0xF7,0xF3,0xFE,0x01,0x22,0x21,0x21,0x04,0x20,0x00,0xF0,0x90,0xFC,
    0xB8,0x7F,0x00,0x28,0xED,0xD1,0x8C,0xE0,0x00,0x20,0x03,0x90,0x05,0x46,0xF0,0x71,
    0x81,0xE0,0x00,0xF0,0x3B,0xFC,0xFB,0xF7,0x19,0xF9,0xFC,0xF7,0xEF,0xFA,0x4D,0x49,
    0x20,0x39,0x88,0x68,0x40,0x1C,0x88,0x60,0x00,0x20,0xB0,0x75,0x05,0x98,0xFC,0xF7,
    0xCF,0xFA,0x47,0x49,0x83,0xB2,0x88,0x80,0x09,0x89,0x58,0x1A,0x00,0xB2,0x2A,0x18,
    0x15,0xB2,0x2A,0x1E,0x00,0xDC,0x6A,0x42,0xE7,0x7A,0xBA,0x42,0x0B,0xDD,0x40,0x4A,
    0x00,0x2D,0x01,0xDD,0x49,0x1C,0x04,0xE0,0x4D,0x00,0x49,0x19,0xC9,0x18,0x89,0x03,
    0x09,0x0C,0x11,0x81,0x00,0x25,0x01,0x1E,0x00,0xDC,0x41,0x42,0x62,0x7A,0x91,0x42,
    0x2A,0xDB,0x00,0x21,0x0F,0x46,0x02,0x91,0x14,0xE0,0xFC,0xF7,0xBF,0xFA,0x05,0x98,
    0xFC,0xF7,0xA6,0xFA,0x32,0x49,0x09,0x89,0x40,0x1A,0x00,0xB2,0x01,0x1E,0x00,0xDC,
    0x41,0x42,0x62,0x7A,0x91,0x42,0x08,0xDB,0x02,0x99,0x49,0x1C,0xC9,0xB2,0x7F,0x1C,
    0xFF,0xB2,0x02,0x91,0x21,0x7A,0xB9,0x42,0xE7,0xD8,0x21,0x7A,0x02,0x9A,0x91,0x42,
    0x0A,0xD8,0x00,0x28,0x01,0xDA,0x04,0x20,0x00,0xE0,0x01,0x20,0x70,0x72,0x25,0x49,
    0x02,0x20,0x20,0x39,0x48,0x77,0x2C,0xE0,0xF0,0x79,0x00,0x28,0x11,0xD0,0x06,0x20,
    0xFC,0xF7,0x56,0xFA,0x04,0x20,0xFA,0xF7,0xA7,0xFD,0x01,0x22,0x21,0x21,0x04,0x20,
    0x00,0xF0,0x1E,0xFC,0x1B,0x48,0x20,0x38,0x40,0x7E,0xFC,0xF7,0x49,0xFA,0x00,0x20,
    0xF0,0x71,0x03,0x98,0x41,0x1C,0x89,0xB2,0x03,0x91,0xA1,0x88,0x88,0x42,0x07,0xD3,
    0x02,0x20,0x70,0x72,0xA0,0x79,0x00,0x28,0x0B,0xD0,0x01,0x20,0x70,0x70,0x08,0xE0,
    0xB0,0x79,0x00,0x28,0x05,0xD1,0x0F,0x4F,0x20,0x3F,0x38,0x7F,0x00,0x28,0x00,0xD1,
    0x77,0xE7,0x0D,0x49,0x00,0x20,0x08,0x71,0xFB,0xF7,0x12,0xFA,0x00,0x21,0x04,0x20,
    0xFB,0xF7,0x84,0xFD,0x06,0x20,0xFA,0xF7,0x77,0xFD,0x03,0x48,0x4C,0x30,0x80,0x7E,
    0xFE,0xF7,0x0A,0xFF,0x07,0xB0,0xF0,0xBD,0x44,0x7C,0x00,0x00,0x65,0x00,0x00,0x20,
    0x6C,0x03,0x00,0x20,0x2C,0x00,0x00,0x20,0x76,0x03,0x00,0x20,0x00,0x21,0x10,0xB5,
    0x0B,0x46,0x82,0x0F,0x01,0xD1,0x80,0x00,0x01,0x23,0x01,0x22,0xD2,0x03,0x54,0x00,
    0xA0,0x42,0x00,0xD2,0x80,0x22,0x11,0x43,0x0C,0x46,0x4C,0x43,0x84,0x42,0x00,0xD9,
    0x51,0x40,0x52,0x08,0xF7,0xD1,0x00,0x2B,0x01,0xD0,0x49,0x1C,0x49,0x08,0x88,0xB2,
    0x10,0xBD,0x00,0x00,0xF0,0xB5,0x04,0x46,0x4E,0x6A,0x63,0x25,0x00,0x20,0x6D,0x5C,
    0x33,0x5E,0x6D,0x09,0xAB,0x42,0x33,0xD0,0x37,0x7A,0x01,0x23,0x00,0x2F,0x00,0xD0,
    0x00,0x23,0x15,0x25,0x65,0x57,0x9E,0x46,0xB7,0x7A,0x01,0x23,0x6D,0x1E,0xAF,0x42,
    0x00,0xD0,0x00,0x23,0x9C,0x46,0x01,0x23,0x77,0x7A,0x1D,0x46,0x00,0x2F,0x00,0xD0,
    0x00,0x25,0x14,0x27,0xE7,0x57,0xF6,0x7A,0x7F,0x1E,0xBE,0x42,0x00,0xD0,0x00,0x23,
    0x76,0x46,0x66,0x44,0x00,0x24,0x75,0x19,0xEB,0x18,0x12,0xD0,0xFF,0x23,0x2D,0x33,
    0x9A,0x42,0x07,0xDD,0x07,0x4B,0x64,0x3A,0x5A,0x43,0x0A,0x24,0x12,0x15,0x0A,0x2A,
    0x00,0xDA,0x14,0x46,0x40,0x31,0x8A,0x8B,0x12,0x19,0x8A,0x83,0x00,0x2C,0x00,0xDD,
    0x01,0x20,0xF0,0xBD,0xCD,0xCC,0x00,0x00,0xF3,0xB5,0xFF,0x20,0x2D,0x30,0x83,0xB0,
    0x40,0x58,0x0C,0x46,0x00,0x90,0x01,0x68,0x00,0x29,0x04,0xD0,0x00,0x25,0x26,0x46,
    0x20,0x36,0x01,0x90,0x1A,0xE0,0x00,0x20,0x05,0xB0,0xF0,0xBD,0x01,0x98,0x4C,0x22,
    0x81,0x6B,0x28,0x46,0x50,0x43,0x02,0x46,0x10,0x32,0x8A,0x5C,0x13,0x09,0x0C,0xD0,
    0x13,0x07,0xF7,0x78,0x1B,0x0F,0xBB,0x42,0x03,0xD9,0x33,0x79,0x12,0x09,0x9A,0x42,
    0x03,0xD9,0x08,0x18,0x4C,0x21,0xF8,0xF7,0x0E,0xFE,0x6D,0x1C,0xA0,0x78,0xA8,0x42,
    0xE4,0xD8,0x64,0x20,0x00,0x5D,0xFF,0x28,0x10,0xD0,0xE0,0x78,0x00,0x07,0x00,0x0F,
    0x02,0x28,0x05,0xD1,0x00,0x22,0x20,0x46,0x11,0x46,0x5C,0x30,0xF9,0xF7,0x9F,0xFC,
    0x01,0x23,0x00,0x22,0x21,0x46,0x03,0x98,0xFD,0xF7,0xED,0xFE,0x00,0x98,0x21,0x46,
    0x02,0x68,0x03,0x98,0x90,0x47,0x05,0x46,0x02,0x23,0x00,0x22,0x21,0x46,0x03,0x98,
    0xFD,0xF7,0xE1,0xFE,0x03,0x98,0x14,0x26,0xA3,0x7C,0x86,0x57,0x20,0x2B,0x0E,0xD0,
    0xE0,0x78,0x00,0x09,0x0B,0xD0,0x00,0x20,0x07,0xE0,0x03,0x99,0x42,0x00,0x89,0x68,
    0x8C,0x5E,0x5C,0x43,0x64,0x11,0x8C,0x52,0x40,0x1C,0xB0,0x42,0xF5,0xDB,0x28,0x46,
    0xAA,0xE7,0x00,0x00,0x10,0xB5,0x40,0x22,0x01,0x49,0xF8,0xF7,0xA5,0xFD,0x10,0xBD,
    0xBC,0x7D,0x00,0x00,0xF3,0xB5,0xC8,0x1D,0x83,0xB0,0xF9,0x30,0x02,0x90,0x0C,0x46,
    0x00,0x27,0x40,0x34,0xC5,0x6A,0x27,0x73,0x88,0x78,0x0E,0x46,0x80,0x1C,0x00,0x90,
    0xFD,0xF7,0x56,0xFC,0x01,0x90,0x00,0x98,0x00,0x01,0x00,0x90,0xFD,0xF7,0x6E,0xFC,
    0x00,0x99,0x01,0x98,0xF8,0xF7,0xAF,0xFD,0x60,0x7A,0x00,0x28,0x02,0xD0,0x6D,0x20,
    0x47,0x55,0x06,0xE0,0x29,0x46,0x60,0x31,0x48,0x7B,0xFF,0x28,0x01,0xD2,0x40,0x1C,
    0x48,0x73,0x00,0x20,0x60,0x72,0x03,0x23,0x31,0x46,0x01,0x9A,0x03,0x98,0xFD,0xF7,
    0x92,0xFE,0x60,0x7A,0x00,0x27,0x00,0x28,0x0C,0xD1,0xE0,0x7A,0x00,0x28,0x09,0xD0,
    0x6B,0x68,0x00,0x2B,0x06,0xD0,0x29,0x46,0x01,0x9A,0x03,0x98,0x98,0x47,0x07,0x1E,
    0x00,0xDD,0x67,0x72,0x20,0x7B,0x04,0x21,0x0A,0x28,0x02,0xD3,0x20,0x7A,0x08,0x43,
    0x20,0x72,0x60,0x7D,0x00,0x28,0x05,0xD1,0xB0,0x68,0x80,0x04,0x07,0xD4,0x20,0x7B,
    0x0A,0x28,0x04,0xD3,0x00,0x20,0x60,0x72,0x20,0x7A,0x08,0x43,0x20,0x72,0x04,0x23,
    0x31,0x46,0x01,0x9A,0x03,0x98,0xFD,0xF7,0x66,0xFE,0x03,0x98,0x40,0x8A,0xA0,0x75,
    0x60,0x7A,0x00,0x28,0x01,0xD1,0x56,0x21,0x48,0x53,0xAB,0x68,0x00,0x2B,0x03,0xD0,
    0x62,0x7A,0x28,0x46,0x01,0x99,0x98,0x47,0xEA,0x68,0x00,0x2A,0x02,0xD0,0x31,0x46,
    0xA8,0x6B,0x90,0x47,0x30,0x46,0xA9,0x6B,0xF8,0xF7,0xC6,0xFE,0x00,0x24,0xB1,0x78,
    0x32,0x46,0x20,0x46,0x20,0x32,0x8C,0x46,0x0B,0xE0,0x4C,0x23,0x43,0x43,0xA9,0x6B,
    0x10,0x33,0xC9,0x5C,0xD3,0x78,0x09,0x07,0x09,0x0F,0x99,0x42,0x00,0xD9,0x64,0x1C,
    0x40,0x1C,0x84,0x45,0xF1,0xDC,0x01,0x98,0xFD,0xF7,0x18,0xFC,0x05,0x23,0x00,0x22,
    0x31,0x46,0x03,0x98,0xFD,0xF7,0x2F,0xFE,0x29,0x69,0x00,0x29,0x02,0xD0,0x02,0x98,
    0xC0,0x6A,0x88,0x47,0x28,0x6C,0x08,0x21,0x88,0x43,0x28,0x64,0x00,0x2F,0x02,0xDA,
    0x38,0x46,0x05,0xB0,0xF0,0xBD,0x20,0x46,0xFB,0xE7,0xF0,0xB5,0x00,0x27,0xC6,0x6B,
    0x84,0x6B,0x85,0xB0,0x0D,0x46,0x38,0x46,0x69,0xE0,0x20,0x7C,0x01,0x07,0x30,0x46,
    0x20,0x30,0x03,0x90,0xC0,0x78,0x09,0x0F,0x81,0x42,0x01,0xD8,0x4C,0x34,0x5C,0xE0,
    0x60,0x7C,0x01,0xAB,0x40,0x06,0x40,0x0E,0x28,0x70,0x00,0x93,0x20,0x46,0x33,0x46,
    0x01,0x22,0x21,0x46,0x20,0x30,0xF8,0xF7,0x9D,0xFE,0x01,0x98,0xE8,0x60,0x01,0xAB,
    0x00,0x93,0x33,0x46,0x00,0x22,0x21,0x46,0x20,0x46,0xF8,0xF7,0x93,0xFE,0x01,0x98,
    0xA8,0x60,0x60,0x68,0x68,0x61,0x20,0x7C,0x01,0x09,0x03,0x98,0x00,0x79,0x81,0x42,
    0x68,0x78,0x03,0xD8,0x80,0x09,0x80,0x01,0x40,0x1C,0x01,0xE0,0x80,0x09,0x80,0x01,
    0x68,0x70,0xE0,0x7C,0xFF,0x28,0x01,0xD2,0x40,0x1C,0xE0,0x74,0xA8,0x70,0x20,0x7C,
    0x00,0x09,0x68,0x78,0x11,0xD0,0x40,0x06,0x40,0x0E,0x68,0x70,0x61,0x7B,0xE9,0x80,
    0xE1,0x7A,0xE9,0x70,0xBF,0x21,0x08,0x40,0x21,0x7B,0xC9,0x07,0x49,0x0E,0x08,0x43,
    0x68,0x70,0x20,0x7C,0x00,0x09,0x03,0xD0,0x11,0xE0,0x80,0x21,0x08,0x43,0xEC,0xE7,
    0x01,0xAB,0x00,0x93,0x20,0x46,0x33,0x46,0x02,0x22,0x21,0x46,0x38,0x30,0xF8,0xF7,
    0x59,0xFE,0x01,0x98,0x28,0x61,0x60,0x7A,0x68,0x71,0x20,0x7A,0x28,0x71,0xB0,0x78,
    0x7F,0x1C,0x18,0x35,0x4C,0x34,0xB8,0x42,0x05,0xD0,0x02,0x98,0x40,0x1C,0x02,0x90,
    0xB1,0x78,0x81,0x42,0x91,0xDC,0x40,0x36,0xB7,0x72,0x38,0x46,0x05,0xB0,0xF0,0xBD,
    0xFF,0xB5,0x06,0x46,0xFF,0x30,0x21,0x30,0xF5,0x1D,0xC1,0x88,0xF9,0x35,0x85,0xB0,
    0xA8,0x6A,0xFD,0xF7,0x8F,0xFB,0xFD,0xF7,0x3B,0xFB,0x04,0x46,0xFF,0xF7,0xCA,0xFE,
    0x24,0x1D,0x31,0x46,0x0C,0x31,0x3C,0x22,0x00,0x20,0x0B,0x5C,0xFF,0x2B,0x01,0xD1,
    0x23,0x5C,0x0B,0x54,0x40,0x1C,0x90,0x42,0xF7,0xDB,0xFD,0xF7,0x3F,0xFB,0x34,0x46,
    0x48,0x34,0x13,0x21,0x20,0x46,0xF8,0xF7,0x86,0xFC,0xFF,0x20,0x20,0x73,0x21,0x78,
    0x04,0x22,0x11,0x43,0x21,0x70,0x01,0x21,0xE1,0x70,0xFE,0x21,0x61,0x72,0x65,0x21,
    0x88,0x55,0xFD,0xF7,0x15,0xFB,0x04,0x46,0x07,0x99,0x06,0x98,0xFC,0xF7,0xD6,0xFC,
    0x02,0x90,0xEC,0x62,0x02,0x99,0x20,0x46,0xC9,0x00,0xA7,0x31,0x89,0x08,0x89,0x00,
    0x62,0x18,0x0F,0x46,0x00,0x92,0xF8,0xF7,0x66,0xFC,0xA0,0x20,0x02,0x99,0x01,0x55,
    0xB0,0x88,0xF1,0x88,0x40,0x43,0x49,0x43,0x40,0x18,0xFF,0xF7,0xC7,0xFD,0x35,0x46,
    0x20,0x35,0x69,0x79,0x48,0x43,0x64,0x21,0xF8,0xF7,0x04,0xFC,0x01,0x46,0x54,0x20,
    0x01,0x53,0x68,0x78,0x43,0x49,0x43,0x4A,0x48,0x43,0x41,0x0C,0x20,0x46,0x60,0x30,
    0x41,0x72,0xA9,0x79,0x51,0x43,0x49,0x0C,0x81,0x72,0xB1,0x68,0x49,0x05,0x03,0xD5,
    0x69,0x7C,0x81,0x73,0x14,0x21,0xC1,0x73,0x00,0x98,0xA0,0x63,0xB0,0x78,0x4C,0x21,
    0x48,0x43,0xC0,0x1C,0x80,0x08,0x80,0x00,0x3F,0x18,0xE6,0x63,0x08,0x98,0x60,0x61,
    0x30,0x46,0xFE,0x30,0x06,0x22,0x34,0xA1,0xF8,0xF7,0x06,0xFC,0xF5,0x1D,0xFC,0x35,
    0x28,0x78,0x00,0x28,0x01,0xD1,0x2D,0x20,0x28,0x70,0x6D,0x1C,0x38,0x46,0xFD,0xF7,
    0xDD,0xFA,0x00,0x20,0x07,0x46,0x04,0x90,0x30,0x46,0xE0,0x30,0x03,0x90,0x24,0xE0,
    0x06,0x98,0xF9,0x00,0x40,0x58,0x00,0x28,0x1E,0xD0,0x06,0x98,0x08,0x18,0x00,0x90,
    0x01,0x90,0x40,0x68,0x02,0x78,0x03,0x98,0x02,0x77,0x01,0x98,0x40,0x68,0x42,0x78,
    0x03,0x98,0x42,0x77,0x06,0x98,0x41,0x58,0x30,0x46,0x88,0x47,0x01,0x98,0x04,0x99,
    0x40,0x68,0x00,0x78,0x88,0x42,0x02,0xD0,0x04,0x90,0x28,0x70,0x6D,0x1C,0x00,0x98,
    0x40,0x68,0x40,0x78,0x28,0x70,0x6D,0x1C,0x7F,0x1C,0x07,0x98,0x87,0x42,0xD7,0xDB,
    0x00,0x20,0x28,0x70,0x1A,0xE0,0x41,0x1C,0x14,0xE0,0xC2,0x00,0x13,0x19,0xCA,0x00,
    0x12,0x19,0xA0,0x33,0xA0,0x32,0x9D,0x88,0x96,0x88,0xB5,0x42,0x09,0xD9,0x9E,0x68,
    0x5D,0x68,0xB4,0x46,0x97,0x68,0x56,0x68,0x9F,0x60,0x5E,0x60,0x66,0x46,0x96,0x60,
    0x55,0x60,0x49,0x1C,0x02,0x9A,0x91,0x42,0xE7,0xDB,0x40,0x1C,0x02,0x99,0x88,0x42,
    0xE1,0xDB,0x03,0x99,0x04,0x20,0x08,0x77,0x03,0x98,0x20,0x21,0x41,0x77,0x09,0xB0,
    0xF0,0xBD,0x00,0x00,0x80,0x8F,0x02,0x00,0x31,0x34,0x37,0x32,0x33,0x00,0x00,0x00,
    0x10,0xB5,0x09,0x49,0x00,0x20,0x48,0x80,0x08,0x48,0x03,0x7A,0xA0,0x22,0x00,0x2B,
    0x00,0xD0,0x8A,0x80,0x03,0x68,0x84,0x88,0xA3,0x42,0x04,0xD2,0x8A,0x80,0x01,0x68,
    0xC2,0x88,0x89,0x18,0x01,0x60,0x10,0xBD,0x00,0x02,0x00,0x40,0x9C,0x0A,0x00,0x20,
    0xFF,0xB5,0x83,0xB0,0x06,0x46,0x68,0x46,0x12,0x25,0x45,0x5F,0x14,0x24,0x18,0x22,
    0xAC,0x46,0x04,0x5F,0x82,0x5E,0x10,0x23,0x1A,0x21,0x16,0x25,0xC3,0x5E,0x41,0x5E,
    0x45,0x5F,0x94,0x42,0x08,0xD1,0x8D,0x42,0x00,0xD0,0x23,0x46,0x33,0x80,0x60,0x46,
    0x70,0x80,0x00,0x20,0x07,0xB0,0xF0,0xBD,0x48,0x1B,0x12,0x1B,0x61,0x46,0xE7,0x1A,
    0x69,0x1A,0x47,0x43,0x51,0x43,0x79,0x1A,0x00,0x91,0x01,0x46,0x02,0x92,0x01,0x90,
    0x51,0x43,0x01,0x27,0x40,0x43,0x52,0x43,0x7F,0x04,0xB8,0x42,0x06,0xDC,0xBA,0x42,
    0x04,0xDC,0xB9,0x42,0x02,0xDC,0x7F,0x42,0xB9,0x42,0x04,0xDA,0xC0,0x1C,0xD2,0x1C,
    0x80,0x10,0x92,0x10,0x89,0x10,0x67,0x46,0x7F,0x1B,0x4F,0x43,0x21,0x46,0x41,0x43,
    0x7F,0x18,0x81,0x18,0x53,0x43,0x48,0x10,0x18,0x18,0x38,0x18,0xF8,0xF7,0x28,0xFB,
    0x07,0x46,0x01,0x98,0x39,0x1B,0x48,0x43,0x02,0x99,0xF8,0xF7,0x21,0xFB,0x40,0x19,
    0x37,0x80,0x70,0x80,0x00,0x98,0xC5,0xE7,0xFF,0xB5,0x83,0xB0,0x05,0x46,0x1C,0x48,
    0x00,0x27,0x01,0x97,0x00,0x90,0x2E,0x78,0x1F,0xE0,0x0C,0x99,0x30,0x46,0x6C,0x78,
    0x48,0x43,0x02,0x90,0x15,0xE0,0x04,0x98,0x02,0x99,0x00,0x19,0x2A,0x79,0x09,0x5C,
    0xD2,0x08,0x91,0x42,0x0C,0xD1,0x05,0x99,0x06,0x9A,0x89,0x57,0x12,0x57,0x51,0x43,
    0x00,0x29,0x15,0xD0,0x22,0x46,0x31,0x46,0x68,0x46,0xFE,0xF7,0x6B,0xFC,0x7F,0x1C,
    0x64,0x1C,0xE8,0x78,0xA0,0x42,0xE6,0xDA,0x76,0x1C,0xA8,0x78,0xB0,0x42,0xDC,0xDA,
    0x00,0x2F,0x0B,0xD0,0x00,0x98,0x28,0x60,0xEF,0x71,0x01,0x98,0x07,0xB0,0xF0,0xBD,
    0x02,0x9A,0x1F,0x21,0x11,0x54,0x01,0x20,0x01,0x90,0xE9,0xE7,0x00,0x20,0xF5,0xE7,
    0xFF,0xFF,0x00,0x00,0x10,0xB5,0x03,0x7F,0x43,0x77,0x40,0x31,0x8C,0x7D,0x04,0x77,
    0xE3,0x1A,0xDC,0x1C,0x07,0x2C,0x04,0xD3,0x89,0x7D,0x49,0x00,0xC9,0x1A,0x49,0x10,
    0x01,0x77,0x11,0x68,0xC1,0x62,0x03,0x46,0x42,0x7C,0x20,0x33,0xD2,0x09,0x02,0xD0,
    0x19,0x68,0x01,0x63,0x10,0xBD,0x01,0x62,0x10,0xBD,0x00,0x00,0x10,0xB5,0x00,0x21,
    0x03,0x20,0xFB,0xF7,0xD3,0xF9,0x06,0x4B,0x59,0x68,0x8A,0xB2,0x09,0x0C,0x82,0x42,
    0x01,0xD9,0x49,0x1C,0x89,0xB2,0x80,0xB2,0x09,0x04,0x01,0x43,0x59,0x60,0x10,0xBD,
    0x0C,0x00,0x00,0x20,0xF8,0xB5,0x18,0x4C,0x06,0x46,0x60,0x79,0x00,0x28,0x28,0xD0,
    0x00,0x21,0x01,0x20,0xFB,0xF7,0xBA,0xF9,0x14,0x4D,0x00,0x27,0x11,0xE0,0x60,0x79,
    0x00,0x28,0x14,0xD0,0x28,0x78,0xAB,0x28,0x02,0xD1,0x2F,0x70,0x67,0x71,0x0E,0xE0,
    0x01,0x22,0x21,0x21,0x05,0x20,0x00,0xF0,0x1B,0xF8,0x00,0x21,0x08,0x20,0xFB,0xF7,
    0xA5,0xF9,0x00,0x21,0x02,0x20,0xFB,0xF7,0xA1,0xF9,0xB0,0x42,0xE7,0xD3,0x00,0x21,
    0x01,0x20,0xFB,0xF7,0x9B,0xF9,0x60,0x79,0x01,0x28,0x02,0xD1,0x67,0x71,0x00,0x20,
    0xF8,0xBD,0x01,0x20,0xF8,0xBD,0x00,0x00,0x76,0x03,0x00,0x20,0x60,0x03,0x00,0x20,
    0xF0,0xB5,0x94,0x46,0x00,0x24,0x01,0x22,0x13,0x4F,0x14,0x4E,0x04,0x25,0x3B,0x78,
    0x00,0x2B,0x00,0xD0,0x14,0x43,0xBB,0x78,0x00,0x2B,0x00,0xD0,0x2C,0x43,0x7B,0x78,
    0x00,0x2B,0x01,0xD0,0x02,0x23,0x1C,0x43,0x23,0x46,0x03,0x42,0x0D,0xD1,0x20,0x29,
    0xED,0xD0,0x22,0x29,0x02,0xD1,0x33,0x69,0x2B,0x43,0x33,0x61,0x30,0xBF,0x22,0x29,
    0xE5,0xD1,0x33,0x69,0xAB,0x43,0x33,0x61,0xE1,0xE7,0x61,0x46,0x00,0x29,0x01,0xD0,
    0xFA,0xF7,0x5A,0xF9,0x20,0x46,0xF0,0xBD,0x8C,0x0A,0x00,0x20,0x00,0xED,0x00,0xE0,
    0x00,0x00,0x00,0x00,0x65,0x60,0x00,0x00,0x79,0x5F,0x00,0x00,0x4D,0x60,0x00,0x00,
    0x17,0x15,0x14,0x16,0x06,0x13,0x11,0x07,0x00,0x00,0x00,0x00,0x00,0x00,0x00,0x00,
    0x00,0x00,0x00,0x00,0x01,0x10,0x23,0x12,0x05,0x00,0x00,0x00,0x00,0x00,0x00,0x00,
    0x00,0x00,0x00,0x00,0x01,0x38,0x00,0x00,0x0A,0x1E,0x1E,0x14,0x05,0x0A,0x20,0x1E,
    0x3C,0x1E,0x19,0x1E,0x2D,0x33,0x3C,0x3C,0x06,0x00,0x00,0x5A,0x28,0x64,0x50,0x01,
    0x01,0x64,0x04,0x00,0x14,0x05,0x50,0x00,0x14,0x96,0x01,0x5A,0x03,0x08,0x32,0x23,
    0x00,0x00,0x00,0x00,0x00,0x00,0x00,0x00,0x00,0x00,0x00,0x00,0x00,0x00,0x00,0x00,
    0x00,0x00,0x00,0x00,0x00,0x00,0x00,0x00,0x00,0x00,0x00,0x00,0x00,0x00,0x00,0x00,
    0x00,0x00,0x00,0x00,0x00,0x80,0x00,0x80,0x90,0x01,0x14,0x3C,0x01,0x00,0x00,0x5A,
    0x02,0x03,0x02,0x31,0x00,0x26,0x00,0x31,0x00,0x11,0x64,0x00,0x02,0x01,0x20,0x00,
    0x1E,0x50,0xB0,0x28,0x03,0x03,0x28,0x00,0x78,0x00,0x02,0x00,0x02,0x20,0x0E,0x10,
    0x01,0x00,0x20,0x05,0x03,0x01,0x05,0x00,0x14,0x32,0x2A,0x05,0x03,0x02,0x05,0x00,
    0x01,0x07,0x14,0x00,0xE8,0x03,0x32,0x00,0x10,0x08,0x0A,0x30,0x03,0x03,0x01,0x00,
    0xE8,0x03,0x14,0x03,0xE8,0x03,0x00,0x0A,0x01,0x3C,0x28,0x50,0x50,0x00,0x08,0x01,
    0x01,0x08,0x02,0x02,0x0E,0x17,0x23,0x33,0x11,0x1B,0x28,0x3A,0x14,0x1F,0x2D,0x41,
    0x0E,0x17,0x23,0x11,0x1B,0x28,0x14,0x1F,0x2D,0x0E,0x17,0x11,0x1B,0x14,0x1F,0x28,
    0x06,0x00,0x78,0x00,0x05,0x0F,0x00,0x00,0x02,0x7E,0x00,0x00,0x8D,0x1D,0x00,0x00,
    0x0B,0x7E,0x00,0x00,0x2D,0x4A,0x00,0x00,0xFF,0x7D,0x00,0x00,0xA5,0x3B,0x00,0x00,
    0x08,0x7E,0x00,0x00,0xA9,0x53,0x00,0x00,0x0E,0x7E,0x00,0x00,0xD9,0x53,0x00,0x00,
    0x11,0x7E,0x00,0x00,0xED,0x53,0x00,0x00,0x14,0x7E,0x00,0x00,0x81,0x53,0x00,0x00,
    0xFC,0x7D,0x00,0x00,0x95,0x53,0x00,0x00,0x05,0x7E,0x00,0x00,0x01,0x01,0x00,0x00,
    0x00,0x02,0x00,0x00,0x00,0x03,0x00,0x03,0x00,0x00,0x03,0x04,0x03,0x04,0x00,0x00,
    0x00,0x00,0xFF,0x01,0x01,0x01,0x01,0xFF,0x01,0x01,0x01,0x01,0xFF,0x01,0x01,0x01,
    0x01,0xFF,0x81,0x01,0x01,0x01,0x01,0x81,0x01,0x01,0x01,0x01,0x81,0x01,0x01,0x01,
    0x01,0x81,0x42,0x31,0x01,0x43,0x31,0x01,0x43,0x33,0x01,0x73,0x34,0x01,0x73,0x38,
    0x01,0x73,0x39,0x01,0x73,0x61,0x01,0x72,0x34,0x01,0x00,0x00,0x1D,0x3F,0x00,0x00,
    0x0A,0x1E,0x1E,0x14,0x05,0x0A,0x20,0x28,0x28,0x28,0x19,0x1E,0x2A,0x11,0x64,0x64,
    0x0A,0x08,0x0F,0x5A,0x28,0x64,0x64,0x01,0x01,0x05,0x32,0x01,0x28,0x14,0x46,0x28,
    0x32,0x96,0x03,0x5A,0x03,0x00,0xD2,0x23,0x03,0x0A,0x0A,0x00,0x00,0x00,0x00,0x00,
    0x00,0x00,0x00,0x00,0x00,0x00,0x00,0x00,0x00,0x00,0x00,0x00,0x71,0x30,0x00,0x4D,
    0x31,0x00,0x42,0x33,0x00,0x71,0x33,0x00,0x46,0x34,0x00,0x43,0x35,0x00,0x6F,0x37,
    0x00,0x73,0x37,0x00,0x73,0x39,0x00,0x00,0x28,0x7E,0x00,0x00,0x00,0x00,0x00,0x20,
    0x40,0x0B,0x00,0x00,0x0C,0x02,0x00,0x00,0xFF,0xFF,0xFF,0xFF,0xFF,0xFF,0xFF,0xFF,
    0xFF,0xFF,0xFF,0xFF,0xFF,0xFF,0xFF,0xFF,0xFF,0xFF,0xFF,0xFF,0xFF,0xFF,0xFF,0xFF,
    0xFF,0xFF,0xFF,0xFF,0xFF,0xFF,0xFF,0xFF,0xFF,0xFF,0xFF,0xFF,0xFF,0xFF,0xFF,0xFF,
    0xFF,0xFF,0xFF,0xFF,0xFF,0xFF,0xFF,0xFF,0xFF,0xFF,0xFF,0xFF,0xFF,0xFF,0xFF,0xFF,
    0xFF,0xFF,0xFF,0xFF,0xFF,0xFF,0xFF,0xFF,0xFF,0xFF,0xFF,0xFF,0xFF,0xFF,0xFF,0xFF,
    0xFF,0xFF,0xFF,0xFF,0xFF,0xFF,0xFF,0xFF,0xFF,0xFF,0xFF,0xFF,0xFF,0xFF,0xFF,0xFF,
    0xFF,0xFF,0xFF,0xFF,0xFF,0xFF,0xFF,0xFF,0xFF,0xFF,0xFF,0xFF,0xFF,0xFF,0xFF,0xFF,
    0xFF,0xFF,0xFF,0xFF,0xFF,0xFF,0xFF,0xFF,0xFF,0xFF,0xFF,0xFF,0xFF,0xFF,0xFF,0xFF,
    0xFF,0xFF,0xFF,0xFF,0xFF,0xFF,0xFF,0xFF,0xFF,0xFF,0xFF,0xFF,0xFF,0xFF,0xFF,0xFF,
    0xFF,0xFF,0xFF,0xFF,0xFF,0xFF,0xFF,0xFF,0xFF,0xFF,0xFF,0xFF,0xFF,0xFF,0xFF,0xFF,
    0xFF,0xFF,0xFF,0xFF,0xFF,0xFF,0xFF,0xFF,0xFF,0xFF,0xFF,0xFF,0xFF,0xFF,0xFF,0xFF,
    0xFF,0xFF,0xFF,0xFF,0xFF,0xFF,0xFF,0xFF,0xFF,0xFF,0xFF,0xFF,0xFF,0xFF,0xFF,0xFF,
    0xFF,0xFF,0xFF,0xFF,0xFF,0xFF,0xFF,0xFF,0xFF,0xFF,0xFF,0xFF,0xFF,0xFF,0xFF,0xFF,
    0xFF,0xFF,0xFF,0xFF,0xFF,0xFF,0xFF,0xFF,0xFF,0xFF,0xFF,0xFF,0xFF,0xFF,0xFF,0xFF,
    0xFF,0xFF,0xFF,0xFF,0xFF,0xFF,0xFF,0xFF,0xFF,0xFF,0xFF,0xFF,0xFF,0xFF,0xFF,0xFF,
    0xFF,0xFF,0xFF,0xFF,0xFF,0xFF,0xFF,0xFF,0xFF,0xFF,0xFF,0xFF,0xFF,0xFF,0xFF,0xFF,
    0xFF,0xFF,0xFF,0xFF,0xFF,0xFF,0xFF,0xFF,0xFF,0xFF,0xFF,0xFF,0xFF,0xFF,0xFF,0xFF,
    0xFF,0xFF,0xFF,0xFF,0xFF,0xFF,0xFF,0xFF,0xFF,0xFF,0xFF,0xFF,0xFF,0xFF,0xFF,0xFF,
    0xFF,0xFF,0xFF,0xFF,0xFF,0xFF,0xFF,0xFF,0xFF,0xFF,0xFF,0xFF,0xFF,0xFF,0xFF,0xFF,
    0xFF,0xFF,0xFF,0xFF,0x09,0x00,0x05,0x00,0xE4,0x00,0xCC,0x01,0x20,0x4E,0xCB,0xCB,
    0xAA,0x55,0xAA,0x55,0x4B,0x55,0x17,0x92,0x03,0x00,0x00,0x01,0xAC,0xB9,0x92,0x84,
    0xFF,0xFF,0xFF,0xFF,0x11,0x00,0x65,0x02,0x55,0x66,0x77,0x88,0x18,0xF9,0x8C,0xB4,
};

#endif /*CAPACITIVE_HYNITRON_CST1XX_UPDATE_H__*/
